!13N to 13C e-capture
!From ../13n-13c_electroncapture.dat compiled by GMP from Schwab et al. 2017
!Experimental data used from Zegers et al. 2008
!
!Log(rhoY)       Log(T)        mu        dQ           Vs           Log(e-cap-rate)   nu-energy-loss       gamma-energy
!Log(g/cm^3)     Log(K)        erg       erg          erg          Log(1/s)          Log(erg/s)           Log(erg/s)
8.000000       8.000000     0.000000   -0.044400     0.0112       -0.532500            -5.769490e+00         -100.00
8.000000       8.050000     0.000000   -0.044200     0.0112       -0.532500            -5.769390e+00         -100.00
8.000000       8.100000     0.000000   -0.043900     0.0112       -0.532400            -5.769290e+00         -100.00
8.000000       8.150000     0.000000   -0.043700     0.0112       -0.532300            -5.769190e+00         -100.00
8.000000       8.200000     0.000000   -0.043400     0.0112       -0.532200            -5.768990e+00         -100.00
8.000000       8.250000     0.000000   -0.043100     0.0112       -0.532100            -5.768890e+00         -100.00
8.000000       8.300000     0.000000   -0.042800     0.0112       -0.532000            -5.768690e+00         -100.00
8.000000       8.350000     0.000000   -0.042500     0.0112       -0.531800            -5.768490e+00         -100.00
8.000000       8.400000     0.000000   -0.042100     0.0112       -0.531700            -5.768290e+00         -100.00
8.000000       8.450000     0.000000   -0.041700     0.0112       -0.531500            -5.767990e+00         -100.00
8.000000       8.500000     0.000000   -0.041300     0.0112       -0.531300            -5.767690e+00         -100.00
8.000000       8.550000     0.000000   -0.040900     0.0112       -0.531100            -5.767390e+00         -100.00
8.000000       8.600000     0.000000   -0.040500     0.0112       -0.530800            -5.766990e+00         -100.00
8.000000       8.650000     0.000000   -0.040000     0.0112       -0.530400            -5.766490e+00         -100.00
8.000000       8.700000     0.000000   -0.039500     0.0112       -0.530100            -5.765890e+00         -100.00
8.000000       8.750000     0.000000   -0.039000     0.0112       -0.529600            -5.765190e+00         -100.00
8.000000       8.800000     0.000000   -0.038400     0.0112       -0.529000            -5.764390e+00         -100.00
8.000000       8.850000     0.000000   -0.037900     0.0112       -0.528400            -5.763390e+00         -100.00
8.000000       8.900000     0.000000   -0.037300     0.0112       -0.527500            -5.762190e+00         -100.00
8.000000       8.950000     0.000000   -0.036600     0.0112       -0.526600            -5.760790e+00         -100.00
8.000000       9.000000     0.000000   -0.036000     0.0112       -0.525300            -5.758990e+00         -100.00
8.000000       9.050000     0.000000   -0.035300     0.0112       -0.523800            -5.756790e+00         -100.00
8.000000       9.100000     0.000000   -0.034600     0.0112       -0.522000            -5.754090e+00         -100.00
8.000000       9.150000     0.000000   -0.033800     0.0112       -0.519700            -5.750790e+00         -100.00
8.000000       9.200000     0.000000   -0.033100     0.0112       -0.516900            -5.746590e+00         -100.00
8.000000       9.250000     0.000000   -0.032300     0.0112       -0.513500            -5.741490e+00         -100.00
8.000000       9.300000     0.000000   -0.031500     0.0112       -0.509200            -5.735190e+00         -100.00
8.000000       9.350000     0.000000   -0.032100     0.0112       -0.504200            -5.727890e+00         -100.00
8.000000       9.400000     0.000000   -0.031400     0.0112       -0.497600            -5.718290e+00         -100.00
8.000000       9.450000     0.000000   -0.028900     0.0112       -0.489000            -5.705690e+00         -100.00
8.000000       9.500000     0.000000   -0.028000     0.0112       -0.478800            -5.690790e+00         -100.00
8.000000       9.550000     0.000000   -0.027000     0.0112       -0.466300            -5.672590e+00         -100.00
8.000000       9.600000     0.000000   -0.026100     0.0112       -0.450900            -5.650090e+00         -100.00
8.000000       9.650000     0.000000   -0.025100     0.0112       -0.432100            -5.622690e+00         -100.00
8.020000       8.000000     0.000000   -0.045100     0.0113       -0.505800            -5.739790e+00         -100.00
8.020000       8.050000     0.000000   -0.044900     0.0113       -0.505700            -5.739690e+00         -100.00
8.020000       8.100000     0.000000   -0.044700     0.0113       -0.505700            -5.739490e+00         -100.00
8.020000       8.150000     0.000000   -0.044400     0.0113       -0.505600            -5.739390e+00         -100.00
8.020000       8.200000     0.000000   -0.044100     0.0113       -0.505500            -5.739290e+00         -100.00
8.020000       8.250000     0.000000   -0.043800     0.0113       -0.505400            -5.739090e+00         -100.00
8.020000       8.300000     0.000000   -0.043500     0.0113       -0.505300            -5.738990e+00         -100.00
8.020000       8.350000     0.000000   -0.043200     0.0113       -0.505100            -5.738790e+00         -100.00
8.020000       8.400000     0.000000   -0.042800     0.0113       -0.505000            -5.738490e+00         -100.00
8.020000       8.450000     0.000000   -0.042400     0.0113       -0.504800            -5.738290e+00         -100.00
8.020000       8.500000     0.000000   -0.042000     0.0113       -0.504600            -5.737990e+00         -100.00
8.020000       8.550000     0.000000   -0.041600     0.0113       -0.504300            -5.737590e+00         -100.00
8.020000       8.600000     0.000000   -0.041200     0.0113       -0.504100            -5.737190e+00         -100.00
8.020000       8.650000     0.000000   -0.040700     0.0113       -0.503700            -5.736790e+00         -100.00
8.020000       8.700000     0.000000   -0.040200     0.0113       -0.503300            -5.736190e+00         -100.00
8.020000       8.750000     0.000000   -0.039700     0.0113       -0.502900            -5.735490e+00         -100.00
8.020000       8.800000     0.000000   -0.039100     0.0113       -0.502300            -5.734690e+00         -100.00
8.020000       8.850000     0.000000   -0.038500     0.0113       -0.501700            -5.733690e+00         -100.00
8.020000       8.900000     0.000000   -0.037900     0.0113       -0.500900            -5.732590e+00         -100.00
8.020000       8.950000     0.000000   -0.037300     0.0113       -0.499900            -5.731090e+00         -100.00
8.020000       9.000000     0.000000   -0.036600     0.0113       -0.498700            -5.729390e+00         -100.00
8.020000       9.050000     0.000000   -0.035900     0.0113       -0.497200            -5.727190e+00         -100.00
8.020000       9.100000     0.000000   -0.035200     0.0113       -0.495400            -5.724490e+00         -100.00
8.020000       9.150000     0.000000   -0.034500     0.0113       -0.493100            -5.721290e+00         -100.00
8.020000       9.200000     0.000000   -0.033700     0.0113       -0.490400            -5.717190e+00         -100.00
8.020000       9.250000     0.000000   -0.032900     0.0113       -0.486900            -5.712190e+00         -100.00
8.020000       9.300000     0.000000   -0.032100     0.0113       -0.482700            -5.705990e+00         -100.00
8.020000       9.350000     0.000000   -0.032700     0.0113       -0.477800            -5.698790e+00         -100.00
8.020000       9.400000     0.000000   -0.032000     0.0113       -0.471300            -5.689290e+00         -100.00
8.020000       9.450000     0.000000   -0.029500     0.0113       -0.462700            -5.676890e+00         -100.00
8.020000       9.500000     0.000000   -0.028500     0.0113       -0.452700            -5.662290e+00         -100.00
8.020000       9.550000     0.000000   -0.027600     0.0113       -0.440300            -5.644290e+00         -100.00
8.020000       9.600000     0.000000   -0.026600     0.0113       -0.425100            -5.622190e+00         -100.00
8.020000       9.650000     0.000000   -0.025600     0.0113       -0.406500            -5.595190e+00         -100.00
8.040000       8.000000     0.000000   -0.045900     0.0115       -0.479000            -5.709890e+00         -100.00
8.040000       8.050000     0.000000   -0.045600     0.0115       -0.478900            -5.709790e+00         -100.00
8.040000       8.100000     0.000000   -0.045400     0.0115       -0.478800            -5.709690e+00         -100.00
8.040000       8.150000     0.000000   -0.045100     0.0115       -0.478800            -5.709590e+00         -100.00
8.040000       8.200000     0.000000   -0.044800     0.0115       -0.478700            -5.709390e+00         -100.00
8.040000       8.250000     0.000000   -0.044500     0.0115       -0.478600            -5.709290e+00         -100.00
8.040000       8.300000     0.000000   -0.044200     0.0115       -0.478400            -5.709090e+00         -100.00
8.040000       8.350000     0.000000   -0.043900     0.0115       -0.478300            -5.708890e+00         -100.00
8.040000       8.400000     0.000000   -0.043500     0.0115       -0.478100            -5.708690e+00         -100.00
8.040000       8.450000     0.000000   -0.043100     0.0115       -0.478000            -5.708390e+00         -100.00
8.040000       8.500000     0.000000   -0.042700     0.0115       -0.477800            -5.708090e+00         -100.00
8.040000       8.550000     0.000000   -0.042300     0.0115       -0.477500            -5.707790e+00         -100.00
8.040000       8.600000     0.000000   -0.041900     0.0115       -0.477200            -5.707390e+00         -100.00
8.040000       8.650000     0.000000   -0.041400     0.0115       -0.476900            -5.706890e+00         -100.00
8.040000       8.700000     0.000000   -0.040900     0.0115       -0.476500            -5.706290e+00         -100.00
8.040000       8.750000     0.000000   -0.040400     0.0115       -0.476100            -5.705690e+00         -100.00
8.040000       8.800000     0.000000   -0.039800     0.0115       -0.475500            -5.704890e+00         -100.00
8.040000       8.850000     0.000000   -0.039200     0.0115       -0.474900            -5.703890e+00         -100.00
8.040000       8.900000     0.000000   -0.038600     0.0115       -0.474100            -5.702790e+00         -100.00
8.040000       8.950000     0.000000   -0.038000     0.0115       -0.473100            -5.701390e+00         -100.00
8.040000       9.000000     0.000000   -0.037300     0.0115       -0.471900            -5.699590e+00         -100.00
8.040000       9.050000     0.000000   -0.036600     0.0115       -0.470400            -5.697490e+00         -100.00
8.040000       9.100000     0.000000   -0.035900     0.0115       -0.468600            -5.694890e+00         -100.00
8.040000       9.150000     0.000000   -0.035100     0.0115       -0.466400            -5.691690e+00         -100.00
8.040000       9.200000     0.000000   -0.034300     0.0115       -0.463700            -5.687690e+00         -100.00
8.040000       9.250000     0.000000   -0.033500     0.0115       -0.460300            -5.682690e+00         -100.00
8.040000       9.300000     0.000000   -0.032700     0.0115       -0.456100            -5.676590e+00         -100.00
8.040000       9.350000     0.000000   -0.033300     0.0115       -0.451200            -5.669590e+00         -100.00
8.040000       9.400000     0.000000   -0.032600     0.0115       -0.444800            -5.660190e+00         -100.00
8.040000       9.450000     0.000000   -0.030000     0.0115       -0.436400            -5.647990e+00         -100.00
8.040000       9.500000     0.000000   -0.029100     0.0115       -0.426500            -5.633590e+00         -100.00
8.040000       9.550000     0.000000   -0.028100     0.0115       -0.414300            -5.615890e+00         -100.00
8.040000       9.600000     0.000000   -0.027100     0.0115       -0.399300            -5.594190e+00         -100.00
8.040000       9.650000     0.000000   -0.026100     0.0115       -0.380900            -5.567590e+00         -100.00
8.060000       8.000000     0.000000   -0.046600     0.0117       -0.452100            -5.679890e+00         -100.00
8.060000       8.050000     0.000000   -0.046400     0.0117       -0.452000            -5.679790e+00         -100.00
8.060000       8.100000     0.000000   -0.046100     0.0117       -0.451900            -5.679690e+00         -100.00
8.060000       8.150000     0.000000   -0.045900     0.0117       -0.451800            -5.679590e+00         -100.00
8.060000       8.200000     0.000000   -0.045600     0.0117       -0.451700            -5.679390e+00         -100.00
8.060000       8.250000     0.000000   -0.045300     0.0117       -0.451600            -5.679290e+00         -100.00
8.060000       8.300000     0.000000   -0.045000     0.0117       -0.451500            -5.679090e+00         -100.00
8.060000       8.350000     0.000000   -0.044600     0.0117       -0.451400            -5.678890e+00         -100.00
8.060000       8.400000     0.000000   -0.044200     0.0117       -0.451200            -5.678690e+00         -100.00
8.060000       8.450000     0.000000   -0.043900     0.0117       -0.451000            -5.678390e+00         -100.00
8.060000       8.500000     0.000000   -0.043500     0.0117       -0.450800            -5.678190e+00         -100.00
8.060000       8.550000     0.000000   -0.043000     0.0117       -0.450600            -5.677790e+00         -100.00
8.060000       8.600000     0.000000   -0.042600     0.0117       -0.450300            -5.677390e+00         -100.00
8.060000       8.650000     0.000000   -0.042100     0.0117       -0.450000            -5.676990e+00         -100.00
8.060000       8.700000     0.000000   -0.041600     0.0117       -0.449600            -5.676390e+00         -100.00
8.060000       8.750000     0.000000   -0.041000     0.0117       -0.449100            -5.675790e+00         -100.00
8.060000       8.800000     0.000000   -0.040500     0.0117       -0.448600            -5.674990e+00         -100.00
8.060000       8.850000     0.000000   -0.039900     0.0117       -0.447900            -5.673990e+00         -100.00
8.060000       8.900000     0.000000   -0.039300     0.0117       -0.447100            -5.672890e+00         -100.00
8.060000       8.950000     0.000000   -0.038600     0.0117       -0.446200            -5.671490e+00         -100.00
8.060000       9.000000     0.000000   -0.038000     0.0117       -0.445000            -5.669790e+00         -100.00
8.060000       9.050000     0.000000   -0.037200     0.0117       -0.443600            -5.667690e+00         -100.00
8.060000       9.100000     0.000000   -0.036500     0.0117       -0.441800            -5.665090e+00         -100.00
8.060000       9.150000     0.000000   -0.035800     0.0117       -0.439600            -5.661890e+00         -100.00
8.060000       9.200000     0.000000   -0.035000     0.0117       -0.436900            -5.657990e+00         -100.00
8.060000       9.250000     0.000000   -0.034200     0.0117       -0.433500            -5.653190e+00         -100.00
8.060000       9.300000     0.000000   -0.033300     0.0117       -0.429400            -5.647090e+00         -100.00
8.060000       9.350000     0.000000   -0.033900     0.0117       -0.424600            -5.640190e+00         -100.00
8.060000       9.400000     0.000000   -0.033200     0.0117       -0.418300            -5.630990e+00         -100.00
8.060000       9.450000     0.000000   -0.032500     0.0117       -0.410400            -5.619590e+00         -100.00
8.060000       9.500000     0.000000   -0.029700     0.0117       -0.400200            -5.604890e+00         -100.00
8.060000       9.550000     0.000000   -0.028700     0.0117       -0.388100            -5.587390e+00         -100.00
8.060000       9.600000     0.000000   -0.027700     0.0117       -0.373300            -5.565990e+00         -100.00
8.060000       9.650000     0.000000   -0.026700     0.0117       -0.355200            -5.539790e+00         -100.00
8.080000       8.000000     0.000000   -0.047400     0.0119       -0.425000            -5.649790e+00         -100.00
8.080000       8.050000     0.000000   -0.047100     0.0119       -0.424900            -5.649690e+00         -100.00
8.080000       8.100000     0.000000   -0.046900     0.0119       -0.424800            -5.649590e+00         -100.00
8.080000       8.150000     0.000000   -0.046600     0.0119       -0.424800            -5.649490e+00         -100.00
8.080000       8.200000     0.000000   -0.046300     0.0119       -0.424700            -5.649390e+00         -100.00
8.080000       8.250000     0.000000   -0.046000     0.0119       -0.424600            -5.649190e+00         -100.00
8.080000       8.300000     0.000000   -0.045700     0.0119       -0.424400            -5.648990e+00         -100.00
8.080000       8.350000     0.000000   -0.045300     0.0119       -0.424300            -5.648790e+00         -100.00
8.080000       8.400000     0.000000   -0.045000     0.0119       -0.424100            -5.648590e+00         -100.00
8.080000       8.450000     0.000000   -0.044600     0.0119       -0.424000            -5.648390e+00         -100.00
8.080000       8.500000     0.000000   -0.044200     0.0119       -0.423800            -5.648090e+00         -100.00
8.080000       8.550000     0.000000   -0.043800     0.0119       -0.423500            -5.647690e+00         -100.00
8.080000       8.600000     0.000000   -0.043300     0.0119       -0.423300            -5.647390e+00         -100.00
8.080000       8.650000     0.000000   -0.042800     0.0119       -0.422900            -5.646890e+00         -100.00
8.080000       8.700000     0.000000   -0.042300     0.0119       -0.422600            -5.646390e+00         -100.00
8.080000       8.750000     0.000000   -0.041800     0.0119       -0.422100            -5.645690e+00         -100.00
8.080000       8.800000     0.000000   -0.041200     0.0119       -0.421600            -5.644890e+00         -100.00
8.080000       8.850000     0.000000   -0.040600     0.0119       -0.420900            -5.643990e+00         -100.00
8.080000       8.900000     0.000000   -0.040000     0.0119       -0.420100            -5.642890e+00         -100.00
8.080000       8.950000     0.000000   -0.039300     0.0119       -0.419200            -5.641490e+00         -100.00
8.080000       9.000000     0.000000   -0.038600     0.0119       -0.418000            -5.639790e+00         -100.00
8.080000       9.050000     0.000000   -0.037900     0.0119       -0.416600            -5.637790e+00         -100.00
8.080000       9.100000     0.000000   -0.037200     0.0119       -0.414800            -5.635190e+00         -100.00
8.080000       9.150000     0.000000   -0.036400     0.0119       -0.412600            -5.632090e+00         -100.00
8.080000       9.200000     0.000000   -0.035600     0.0119       -0.410000            -5.628190e+00         -100.00
8.080000       9.250000     0.000000   -0.034800     0.0119       -0.406700            -5.623490e+00         -100.00
8.080000       9.300000     0.000000   -0.033900     0.0119       -0.402600            -5.617590e+00         -100.00
8.080000       9.350000     0.000000   -0.034500     0.0119       -0.397800            -5.610690e+00         -100.00
8.080000       9.400000     0.000000   -0.033800     0.0119       -0.391600            -5.601690e+00         -100.00
8.080000       9.450000     0.000000   -0.033100     0.0119       -0.383800            -5.590490e+00         -100.00
8.080000       9.500000     0.000000   -0.030300     0.0119       -0.373700            -5.575990e+00         -100.00
8.080000       9.550000     0.000000   -0.029300     0.0119       -0.361800            -5.558790e+00         -100.00
8.080000       9.600000     0.000000   -0.028300     0.0119       -0.347200            -5.537690e+00         -100.00
8.080000       9.650000     0.000000   -0.027200     0.0119       -0.329300            -5.511790e+00         -100.00
8.100000       8.000000     0.000000   -0.048100     0.0121       -0.397800            -5.619590e+00         -100.00
8.100000       8.050000     0.000000   -0.047900     0.0121       -0.397800            -5.619490e+00         -100.00
8.100000       8.100000     0.000000   -0.047600     0.0121       -0.397700            -5.619390e+00         -100.00
8.100000       8.150000     0.000000   -0.047400     0.0121       -0.397600            -5.619290e+00         -100.00
8.100000       8.200000     0.000000   -0.047100     0.0121       -0.397500            -5.619190e+00         -100.00
8.100000       8.250000     0.000000   -0.046800     0.0121       -0.397400            -5.618990e+00         -100.00
8.100000       8.300000     0.000000   -0.046400     0.0121       -0.397300            -5.618890e+00         -100.00
8.100000       8.350000     0.000000   -0.046100     0.0121       -0.397100            -5.618690e+00         -100.00
8.100000       8.400000     0.000000   -0.045700     0.0121       -0.397000            -5.618390e+00         -100.00
8.100000       8.450000     0.000000   -0.045300     0.0121       -0.396800            -5.618190e+00         -100.00
8.100000       8.500000     0.000000   -0.044900     0.0121       -0.396600            -5.617890e+00         -100.00
8.100000       8.550000     0.000000   -0.044500     0.0121       -0.396400            -5.617590e+00         -100.00
8.100000       8.600000     0.000000   -0.044000     0.0121       -0.396100            -5.617190e+00         -100.00
8.100000       8.650000     0.000000   -0.043500     0.0121       -0.395800            -5.616690e+00         -100.00
8.100000       8.700000     0.000000   -0.043000     0.0121       -0.395400            -5.616190e+00         -100.00
8.100000       8.750000     0.000000   -0.042500     0.0121       -0.394900            -5.615590e+00         -100.00
8.100000       8.800000     0.000000   -0.041900     0.0121       -0.394400            -5.614790e+00         -100.00
8.100000       8.850000     0.000000   -0.041300     0.0121       -0.393800            -5.613890e+00         -100.00
8.100000       8.900000     0.000000   -0.040700     0.0121       -0.393000            -5.612790e+00         -100.00
8.100000       8.950000     0.000000   -0.040000     0.0121       -0.392000            -5.611390e+00         -100.00
8.100000       9.000000     0.000000   -0.039300     0.0121       -0.390900            -5.609790e+00         -100.00
8.100000       9.050000     0.000000   -0.038600     0.0121       -0.389500            -5.607690e+00         -100.00
8.100000       9.100000     0.000000   -0.037900     0.0121       -0.387700            -5.605190e+00         -100.00
8.100000       9.150000     0.000000   -0.037100     0.0121       -0.385600            -5.602190e+00         -100.00
8.100000       9.200000     0.000000   -0.036300     0.0121       -0.382900            -5.598390e+00         -100.00
8.100000       9.250000     0.000000   -0.035400     0.0121       -0.379700            -5.593690e+00         -100.00
8.100000       9.300000     0.000000   -0.034600     0.0121       -0.375600            -5.587890e+00         -100.00
8.100000       9.350000     0.000000   -0.033700     0.0121       -0.370600            -5.580590e+00         -100.00
8.100000       9.400000     0.000000   -0.034400     0.0121       -0.364800            -5.572290e+00         -100.00
8.100000       9.450000     0.000000   -0.033700     0.0121       -0.357100            -5.561190e+00         -100.00
8.100000       9.500000     0.000000   -0.030900     0.0121       -0.347200            -5.546890e+00         -100.00
8.100000       9.550000     0.000000   -0.029900     0.0121       -0.335400            -5.529990e+00         -100.00
8.100000       9.600000     0.000000   -0.028800     0.0121       -0.321000            -5.509190e+00         -100.00
8.100000       9.650000     0.000000   -0.027800     0.0121       -0.303300            -5.483790e+00         -100.00
8.120000       8.000000     0.000000   -0.048900     0.0122       -0.370500            -5.589290e+00         -100.00
8.120000       8.050000     0.000000   -0.048700     0.0122       -0.370500            -5.589190e+00         -100.00
8.120000       8.100000     0.000000   -0.048400     0.0122       -0.370400            -5.589090e+00         -100.00
8.120000       8.150000     0.000000   -0.048100     0.0122       -0.370300            -5.588990e+00         -100.00
8.120000       8.200000     0.000000   -0.047800     0.0122       -0.370200            -5.588890e+00         -100.00
8.120000       8.250000     0.000000   -0.047500     0.0122       -0.370100            -5.588690e+00         -100.00
8.120000       8.300000     0.000000   -0.047200     0.0122       -0.370000            -5.588590e+00         -100.00
8.120000       8.350000     0.000000   -0.046900     0.0122       -0.369800            -5.588390e+00         -100.00
8.120000       8.400000     0.000000   -0.046500     0.0122       -0.369700            -5.588190e+00         -100.00
8.120000       8.450000     0.000000   -0.046100     0.0122       -0.369500            -5.587890e+00         -100.00
8.120000       8.500000     0.000000   -0.045700     0.0122       -0.369300            -5.587590e+00         -100.00
8.120000       8.550000     0.000000   -0.045200     0.0122       -0.369100            -5.587290e+00         -100.00
8.120000       8.600000     0.000000   -0.044800     0.0122       -0.368800            -5.586890e+00         -100.00
8.120000       8.650000     0.000000   -0.044300     0.0122       -0.368500            -5.586490e+00         -100.00
8.120000       8.700000     0.000000   -0.043800     0.0122       -0.368100            -5.585890e+00         -100.00
8.120000       8.750000     0.000000   -0.043200     0.0122       -0.367700            -5.585290e+00         -100.00
8.120000       8.800000     0.000000   -0.042600     0.0122       -0.367100            -5.584490e+00         -100.00
8.120000       8.850000     0.000000   -0.042000     0.0122       -0.366500            -5.583590e+00         -100.00
8.120000       8.900000     0.000000   -0.041400     0.0122       -0.365700            -5.582490e+00         -100.00
8.120000       8.950000     0.000000   -0.040700     0.0122       -0.364800            -5.581190e+00         -100.00
8.120000       9.000000     0.000000   -0.040000     0.0122       -0.363700            -5.579590e+00         -100.00
8.120000       9.050000     0.000000   -0.039300     0.0122       -0.362300            -5.577590e+00         -100.00
8.120000       9.100000     0.000000   -0.038500     0.0122       -0.360500            -5.575090e+00         -100.00
8.120000       9.150000     0.000000   -0.037800     0.0122       -0.358400            -5.572090e+00         -100.00
8.120000       9.200000     0.000000   -0.036900     0.0122       -0.355800            -5.568390e+00         -100.00
8.120000       9.250000     0.000000   -0.036100     0.0122       -0.352600            -5.563790e+00         -100.00
8.120000       9.300000     0.000000   -0.035200     0.0122       -0.348600            -5.557990e+00         -100.00
8.120000       9.350000     0.000000   -0.034300     0.0122       -0.343600            -5.550890e+00         -100.00
8.120000       9.400000     0.000000   -0.035100     0.0122       -0.337900            -5.542690e+00         -100.00
8.120000       9.450000     0.000000   -0.034300     0.0122       -0.330300            -5.531890e+00         -100.00
8.120000       9.500000     0.000000   -0.031500     0.0122       -0.320500            -5.517790e+00         -100.00
8.120000       9.550000     0.000000   -0.030500     0.0122       -0.308900            -5.501090e+00         -100.00
8.120000       9.600000     0.000000   -0.029400     0.0122       -0.294700            -5.480690e+00         -100.00
8.120000       9.650000     0.000000   -0.028400     0.0122       -0.277300            -5.455590e+00         -100.00
8.140000       8.000000     0.000000   -0.049700     0.0124       -0.343100            -5.558890e+00         -100.00
8.140000       8.050000     0.000000   -0.049400     0.0124       -0.343100            -5.558790e+00         -100.00
8.140000       8.100000     0.000000   -0.049200     0.0124       -0.343000            -5.558690e+00         -100.00
8.140000       8.150000     0.000000   -0.048900     0.0124       -0.342900            -5.558590e+00         -100.00
8.140000       8.200000     0.000000   -0.048600     0.0124       -0.342800            -5.558490e+00         -100.00
8.140000       8.250000     0.000000   -0.048300     0.0124       -0.342700            -5.558290e+00         -100.00
8.140000       8.300000     0.000000   -0.048000     0.0124       -0.342600            -5.558190e+00         -100.00
8.140000       8.350000     0.000000   -0.047600     0.0124       -0.342400            -5.557990e+00         -100.00
8.140000       8.400000     0.000000   -0.047300     0.0124       -0.342300            -5.557790e+00         -100.00
8.140000       8.450000     0.000000   -0.046900     0.0124       -0.342100            -5.557490e+00         -100.00
8.140000       8.500000     0.000000   -0.046400     0.0124       -0.341900            -5.557190e+00         -100.00
8.140000       8.550000     0.000000   -0.046000     0.0124       -0.341700            -5.556890e+00         -100.00
8.140000       8.600000     0.000000   -0.045500     0.0124       -0.341400            -5.556490e+00         -100.00
8.140000       8.650000     0.000000   -0.045000     0.0124       -0.341100            -5.556090e+00         -100.00
8.140000       8.700000     0.000000   -0.044500     0.0124       -0.340700            -5.555590e+00         -100.00
8.140000       8.750000     0.000000   -0.044000     0.0124       -0.340300            -5.554890e+00         -100.00
8.140000       8.800000     0.000000   -0.043400     0.0124       -0.339800            -5.554190e+00         -100.00
8.140000       8.850000     0.000000   -0.042800     0.0124       -0.339100            -5.553290e+00         -100.00
8.140000       8.900000     0.000000   -0.042100     0.0124       -0.338400            -5.552190e+00         -100.00
8.140000       8.950000     0.000000   -0.041400     0.0124       -0.337400            -5.550890e+00         -100.00
8.140000       9.000000     0.000000   -0.040700     0.0124       -0.336300            -5.549290e+00         -100.00
8.140000       9.050000     0.000000   -0.040000     0.0124       -0.334900            -5.547290e+00         -100.00
8.140000       9.100000     0.000000   -0.039200     0.0124       -0.333200            -5.544890e+00         -100.00
8.140000       9.150000     0.000000   -0.038500     0.0124       -0.331100            -5.541890e+00         -100.00
8.140000       9.200000     0.000000   -0.037600     0.0124       -0.328500            -5.538290e+00         -100.00
8.140000       9.250000     0.000000   -0.036800     0.0124       -0.325400            -5.533690e+00         -100.00
8.140000       9.300000     0.000000   -0.035900     0.0124       -0.321400            -5.528090e+00         -100.00
8.140000       9.350000     0.000000   -0.035000     0.0124       -0.316500            -5.521090e+00         -100.00
8.140000       9.400000     0.000000   -0.035700     0.0124       -0.310900            -5.512990e+00         -100.00
8.140000       9.450000     0.000000   -0.035000     0.0124       -0.303400            -5.502390e+00         -100.00
8.140000       9.500000     0.000000   -0.032100     0.0124       -0.293700            -5.488490e+00         -100.00
8.140000       9.550000     0.000000   -0.031100     0.0124       -0.282300            -5.472090e+00         -100.00
8.140000       9.600000     0.000000   -0.030000     0.0124       -0.268200            -5.451890e+00         -100.00
8.140000       9.650000     0.000000   -0.028900     0.0124       -0.251100            -5.427190e+00         -100.00
8.160000       8.000000     0.000000   -0.050500     0.0126       -0.315600            -5.528390e+00         -100.00
8.160000       8.050000     0.000000   -0.050200     0.0126       -0.315500            -5.528290e+00         -100.00
8.160000       8.100000     0.000000   -0.050000     0.0126       -0.315500            -5.528190e+00         -100.00
8.160000       8.150000     0.000000   -0.049700     0.0126       -0.315400            -5.528090e+00         -100.00
8.160000       8.200000     0.000000   -0.049400     0.0126       -0.315300            -5.527990e+00         -100.00
8.160000       8.250000     0.000000   -0.049100     0.0126       -0.315200            -5.527790e+00         -100.00
8.160000       8.300000     0.000000   -0.048800     0.0126       -0.315100            -5.527590e+00         -100.00
8.160000       8.350000     0.000000   -0.048400     0.0126       -0.314900            -5.527490e+00         -100.00
8.160000       8.400000     0.000000   -0.048000     0.0126       -0.314800            -5.527190e+00         -100.00
8.160000       8.450000     0.000000   -0.047600     0.0126       -0.314600            -5.526990e+00         -100.00
8.160000       8.500000     0.000000   -0.047200     0.0126       -0.314400            -5.526690e+00         -100.00
8.160000       8.550000     0.000000   -0.046800     0.0126       -0.314200            -5.526390e+00         -100.00
8.160000       8.600000     0.000000   -0.046300     0.0126       -0.313900            -5.525990e+00         -100.00
8.160000       8.650000     0.000000   -0.045800     0.0126       -0.313600            -5.525590e+00         -100.00
8.160000       8.700000     0.000000   -0.045300     0.0126       -0.313200            -5.525090e+00         -100.00
8.160000       8.750000     0.000000   -0.044700     0.0126       -0.312800            -5.524390e+00         -100.00
8.160000       8.800000     0.000000   -0.044100     0.0126       -0.312300            -5.523690e+00         -100.00
8.160000       8.850000     0.000000   -0.043500     0.0126       -0.311600            -5.522790e+00         -100.00
8.160000       8.900000     0.000000   -0.042900     0.0126       -0.310900            -5.521790e+00         -100.00
8.160000       8.950000     0.000000   -0.042200     0.0126       -0.309900            -5.520490e+00         -100.00
8.160000       9.000000     0.000000   -0.041500     0.0126       -0.308800            -5.518890e+00         -100.00
8.160000       9.050000     0.000000   -0.040700     0.0126       -0.307500            -5.516990e+00         -100.00
8.160000       9.100000     0.000000   -0.040000     0.0126       -0.305800            -5.514590e+00         -100.00
8.160000       9.150000     0.000000   -0.039200     0.0126       -0.303700            -5.511590e+00         -100.00
8.160000       9.200000     0.000000   -0.038300     0.0126       -0.301200            -5.507990e+00         -100.00
8.160000       9.250000     0.000000   -0.037500     0.0126       -0.298000            -5.503590e+00         -100.00
8.160000       9.300000     0.000000   -0.036600     0.0126       -0.294100            -5.497990e+00         -100.00
8.160000       9.350000     0.000000   -0.035700     0.0126       -0.289300            -5.491190e+00         -100.00
8.160000       9.400000     0.000000   -0.036400     0.0126       -0.283700            -5.483190e+00         -100.00
8.160000       9.450000     0.000000   -0.035600     0.0126       -0.276400            -5.472690e+00         -100.00
8.160000       9.500000     0.000000   -0.032700     0.0126       -0.266800            -5.459090e+00         -100.00
8.160000       9.550000     0.000000   -0.031700     0.0126       -0.255500            -5.442890e+00         -100.00
8.160000       9.600000     0.000000   -0.030600     0.0126       -0.241700            -5.423090e+00         -100.00
8.160000       9.650000     0.000000   -0.029500     0.0126       -0.224800            -5.398690e+00         -100.00
8.180000       8.000000     0.000000   -0.051300     0.0128       -0.288000            -5.497790e+00         -100.00
8.180000       8.050000     0.000000   -0.051100     0.0128       -0.287900            -5.497690e+00         -100.00
8.180000       8.100000     0.000000   -0.050800     0.0128       -0.287800            -5.497590e+00         -100.00
8.180000       8.150000     0.000000   -0.050500     0.0128       -0.287700            -5.497490e+00         -100.00
8.180000       8.200000     0.000000   -0.050200     0.0128       -0.287600            -5.497290e+00         -100.00
8.180000       8.250000     0.000000   -0.049900     0.0128       -0.287500            -5.497190e+00         -100.00
8.180000       8.300000     0.000000   -0.049600     0.0128       -0.287400            -5.496990e+00         -100.00
8.180000       8.350000     0.000000   -0.049200     0.0128       -0.287300            -5.496790e+00         -100.00
8.180000       8.400000     0.000000   -0.048800     0.0128       -0.287100            -5.496590e+00         -100.00
8.180000       8.450000     0.000000   -0.048400     0.0128       -0.287000            -5.496390e+00         -100.00
8.180000       8.500000     0.000000   -0.048000     0.0128       -0.286800            -5.496090e+00         -100.00
8.180000       8.550000     0.000000   -0.047600     0.0128       -0.286500            -5.495790e+00         -100.00
8.180000       8.600000     0.000000   -0.047100     0.0128       -0.286300            -5.495390e+00         -100.00
8.180000       8.650000     0.000000   -0.046600     0.0128       -0.285900            -5.494990e+00         -100.00
8.180000       8.700000     0.000000   -0.046000     0.0128       -0.285600            -5.494490e+00         -100.00
8.180000       8.750000     0.000000   -0.045500     0.0128       -0.285100            -5.493890e+00         -100.00
8.180000       8.800000     0.000000   -0.044900     0.0128       -0.284600            -5.493090e+00         -100.00
8.180000       8.850000     0.000000   -0.044300     0.0128       -0.284000            -5.492290e+00         -100.00
8.180000       8.900000     0.000000   -0.043600     0.0128       -0.283300            -5.491190e+00         -100.00
8.180000       8.950000     0.000000   -0.042900     0.0128       -0.282300            -5.489890e+00         -100.00
8.180000       9.000000     0.000000   -0.042200     0.0128       -0.281200            -5.488390e+00         -100.00
8.180000       9.050000     0.000000   -0.041500     0.0128       -0.279900            -5.486490e+00         -100.00
8.180000       9.100000     0.000000   -0.040700     0.0128       -0.278200            -5.484090e+00         -100.00
8.180000       9.150000     0.000000   -0.039900     0.0128       -0.276200            -5.481190e+00         -100.00
8.180000       9.200000     0.000000   -0.039000     0.0128       -0.273700            -5.477690e+00         -100.00
8.180000       9.250000     0.000000   -0.038200     0.0128       -0.270600            -5.473290e+00         -100.00
8.180000       9.300000     0.000000   -0.037300     0.0128       -0.266700            -5.467790e+00         -100.00
8.180000       9.350000     0.000000   -0.036300     0.0128       -0.262000            -5.461090e+00         -100.00
8.180000       9.400000     0.000000   -0.037000     0.0128       -0.256500            -5.453290e+00         -100.00
8.180000       9.450000     0.000000   -0.036300     0.0128       -0.249200            -5.442990e+00         -100.00
8.180000       9.500000     0.000000   -0.033400     0.0128       -0.239800            -5.429490e+00         -100.00
8.180000       9.550000     0.000000   -0.032300     0.0128       -0.228700            -5.413590e+00         -100.00
8.180000       9.600000     0.000000   -0.031200     0.0128       -0.215000            -5.394090e+00         -100.00
8.180000       9.650000     0.000000   -0.030100     0.0128       -0.198300            -5.370090e+00         -100.00
8.200000       8.000000     0.000000   -0.052100     0.0130       -0.260200            -5.467090e+00         -100.00
8.200000       8.050000     0.000000   -0.051900     0.0130       -0.260100            -5.466990e+00         -100.00
8.200000       8.100000     0.000000   -0.051600     0.0130       -0.260100            -5.466790e+00         -100.00
8.200000       8.150000     0.000000   -0.051300     0.0130       -0.260000            -5.466690e+00         -100.00
8.200000       8.200000     0.000000   -0.051000     0.0130       -0.259900            -5.466590e+00         -100.00
8.200000       8.250000     0.000000   -0.050700     0.0130       -0.259800            -5.466390e+00         -100.00
8.200000       8.300000     0.000000   -0.050400     0.0130       -0.259700            -5.466290e+00         -100.00
8.200000       8.350000     0.000000   -0.050000     0.0130       -0.259500            -5.466090e+00         -100.00
8.200000       8.400000     0.000000   -0.049600     0.0130       -0.259400            -5.465890e+00         -100.00
8.200000       8.450000     0.000000   -0.049200     0.0130       -0.259200            -5.465590e+00         -100.00
8.200000       8.500000     0.000000   -0.048800     0.0130       -0.259000            -5.465390e+00         -100.00
8.200000       8.550000     0.000000   -0.048400     0.0130       -0.258800            -5.465090e+00         -100.00
8.200000       8.600000     0.000000   -0.047900     0.0130       -0.258500            -5.464690e+00         -100.00
8.200000       8.650000     0.000000   -0.047400     0.0130       -0.258200            -5.464290e+00         -100.00
8.200000       8.700000     0.000000   -0.046800     0.0130       -0.257800            -5.463790e+00         -100.00
8.200000       8.750000     0.000000   -0.046300     0.0130       -0.257400            -5.463190e+00         -100.00
8.200000       8.800000     0.000000   -0.045700     0.0130       -0.256900            -5.462390e+00         -100.00
8.200000       8.850000     0.000000   -0.045000     0.0130       -0.256300            -5.461590e+00         -100.00
8.200000       8.900000     0.000000   -0.044400     0.0130       -0.255500            -5.460490e+00         -100.00
8.200000       8.950000     0.000000   -0.043700     0.0130       -0.254600            -5.459290e+00         -100.00
8.200000       9.000000     0.000000   -0.043000     0.0130       -0.253500            -5.457690e+00         -100.00
8.200000       9.050000     0.000000   -0.042200     0.0130       -0.252200            -5.455890e+00         -100.00
8.200000       9.100000     0.000000   -0.041400     0.0130       -0.250600            -5.453590e+00         -100.00
8.200000       9.150000     0.000000   -0.040600     0.0130       -0.248500            -5.450690e+00         -100.00
8.200000       9.200000     0.000000   -0.039800     0.0130       -0.246100            -5.447190e+00         -100.00
8.200000       9.250000     0.000000   -0.038900     0.0130       -0.243000            -5.442890e+00         -100.00
8.200000       9.300000     0.000000   -0.038000     0.0130       -0.239200            -5.437490e+00         -100.00
8.200000       9.350000     0.000000   -0.037000     0.0130       -0.234500            -5.430890e+00         -100.00
8.200000       9.400000     0.000000   -0.037700     0.0130       -0.229100            -5.423190e+00         -100.00
8.200000       9.450000     0.000000   -0.036900     0.0130       -0.222000            -5.413090e+00         -100.00
8.200000       9.500000     0.000000   -0.034000     0.0130       -0.212600            -5.399790e+00         -100.00
8.200000       9.550000     0.000000   -0.033000     0.0130       -0.201700            -5.384190e+00         -100.00
8.200000       9.600000     0.000000   -0.031900     0.0130       -0.188200            -5.364990e+00         -100.00
8.200000       9.650000     0.000000   -0.030800     0.0130       -0.171800            -5.341390e+00         -100.00
8.220000       8.000000     0.000000   -0.053000     0.0132       -0.232300            -5.436190e+00         -100.00
8.220000       8.050000     0.000000   -0.052700     0.0132       -0.232300            -5.436090e+00         -100.00
8.220000       8.100000     0.000000   -0.052400     0.0132       -0.232200            -5.435990e+00         -100.00
8.220000       8.150000     0.000000   -0.052200     0.0132       -0.232100            -5.435890e+00         -100.00
8.220000       8.200000     0.000000   -0.051900     0.0132       -0.232000            -5.435690e+00         -100.00
8.220000       8.250000     0.000000   -0.051600     0.0132       -0.231900            -5.435590e+00         -100.00
8.220000       8.300000     0.000000   -0.051200     0.0132       -0.231800            -5.435390e+00         -100.00
8.220000       8.350000     0.000000   -0.050900     0.0132       -0.231600            -5.435290e+00         -100.00
8.220000       8.400000     0.000000   -0.050500     0.0132       -0.231500            -5.434990e+00         -100.00
8.220000       8.450000     0.000000   -0.050100     0.0132       -0.231300            -5.434790e+00         -100.00
8.220000       8.500000     0.000000   -0.049600     0.0132       -0.231100            -5.434490e+00         -100.00
8.220000       8.550000     0.000000   -0.049200     0.0132       -0.230900            -5.434190e+00         -100.00
8.220000       8.600000     0.000000   -0.048700     0.0132       -0.230600            -5.433890e+00         -100.00
8.220000       8.650000     0.000000   -0.048200     0.0132       -0.230300            -5.433390e+00         -100.00
8.220000       8.700000     0.000000   -0.047600     0.0132       -0.230000            -5.432890e+00         -100.00
8.220000       8.750000     0.000000   -0.047100     0.0132       -0.229500            -5.432290e+00         -100.00
8.220000       8.800000     0.000000   -0.046500     0.0132       -0.229000            -5.431590e+00         -100.00
8.220000       8.850000     0.000000   -0.045800     0.0132       -0.228400            -5.430790e+00         -100.00
8.220000       8.900000     0.000000   -0.045200     0.0132       -0.227700            -5.429790e+00         -100.00
8.220000       8.950000     0.000000   -0.044500     0.0132       -0.226800            -5.428490e+00         -100.00
8.220000       9.000000     0.000000   -0.043700     0.0132       -0.225700            -5.426990e+00         -100.00
8.220000       9.050000     0.000000   -0.043000     0.0132       -0.224400            -5.425190e+00         -100.00
8.220000       9.100000     0.000000   -0.042200     0.0132       -0.222800            -5.422890e+00         -100.00
8.220000       9.150000     0.000000   -0.041300     0.0132       -0.220800            -5.420090e+00         -100.00
8.220000       9.200000     0.000000   -0.040500     0.0132       -0.218300            -5.416690e+00         -100.00
8.220000       9.250000     0.000000   -0.039600     0.0132       -0.215300            -5.412390e+00         -100.00
8.220000       9.300000     0.000000   -0.038700     0.0132       -0.211600            -5.407090e+00         -100.00
8.220000       9.350000     0.000000   -0.037700     0.0132       -0.206900            -5.400590e+00         -100.00
8.220000       9.400000     0.000000   -0.038400     0.0132       -0.201600            -5.392990e+00         -100.00
8.220000       9.450000     0.000000   -0.037600     0.0132       -0.194600            -5.382990e+00         -100.00
8.220000       9.500000     0.000000   -0.036800     0.0132       -0.185900            -5.370690e+00         -100.00
8.220000       9.550000     0.000000   -0.033600     0.0132       -0.174600            -5.354690e+00         -100.00
8.220000       9.600000     0.000000   -0.032500     0.0132       -0.161300            -5.335690e+00         -100.00
8.220000       9.650000     0.000000   -0.031400     0.0132       -0.145100            -5.312490e+00         -100.00
8.240000       8.000000     0.000000   -0.053800     0.0134       -0.204300            -5.405190e+00         -100.00
8.240000       8.050000     0.000000   -0.053600     0.0134       -0.204300            -5.405090e+00         -100.00
8.240000       8.100000     0.000000   -0.053300     0.0134       -0.204200            -5.404990e+00         -100.00
8.240000       8.150000     0.000000   -0.053000     0.0134       -0.204100            -5.404890e+00         -100.00
8.240000       8.200000     0.000000   -0.052700     0.0134       -0.204000            -5.404790e+00         -100.00
8.240000       8.250000     0.000000   -0.052400     0.0134       -0.203900            -5.404590e+00         -100.00
8.240000       8.300000     0.000000   -0.052100     0.0134       -0.203800            -5.404490e+00         -100.00
8.240000       8.350000     0.000000   -0.051700     0.0134       -0.203600            -5.404290e+00         -100.00
8.240000       8.400000     0.000000   -0.051300     0.0134       -0.203500            -5.404090e+00         -100.00
8.240000       8.450000     0.000000   -0.050900     0.0134       -0.203300            -5.403790e+00         -100.00
8.240000       8.500000     0.000000   -0.050500     0.0134       -0.203100            -5.403590e+00         -100.00
8.240000       8.550000     0.000000   -0.050000     0.0134       -0.202900            -5.403290e+00         -100.00
8.240000       8.600000     0.000000   -0.049500     0.0134       -0.202600            -5.402890e+00         -100.00
8.240000       8.650000     0.000000   -0.049000     0.0134       -0.202300            -5.402490e+00         -100.00
8.240000       8.700000     0.000000   -0.048400     0.0134       -0.202000            -5.401990e+00         -100.00
8.240000       8.750000     0.000000   -0.047900     0.0134       -0.201500            -5.401390e+00         -100.00
8.240000       8.800000     0.000000   -0.047300     0.0134       -0.201000            -5.400690e+00         -100.00
8.240000       8.850000     0.000000   -0.046600     0.0134       -0.200400            -5.399890e+00         -100.00
8.240000       8.900000     0.000000   -0.045900     0.0134       -0.199700            -5.398890e+00         -100.00
8.240000       8.950000     0.000000   -0.045200     0.0134       -0.198800            -5.397590e+00         -100.00
8.240000       9.000000     0.000000   -0.044500     0.0134       -0.197800            -5.396090e+00         -100.00
8.240000       9.050000     0.000000   -0.043700     0.0134       -0.196500            -5.394290e+00         -100.00
8.240000       9.100000     0.000000   -0.042900     0.0134       -0.194900            -5.392090e+00         -100.00
8.240000       9.150000     0.000000   -0.042100     0.0134       -0.192900            -5.389290e+00         -100.00
8.240000       9.200000     0.000000   -0.041200     0.0134       -0.190500            -5.385990e+00         -100.00
8.240000       9.250000     0.000000   -0.040300     0.0134       -0.187500            -5.381790e+00         -100.00
8.240000       9.300000     0.000000   -0.039400     0.0134       -0.183800            -5.376590e+00         -100.00
8.240000       9.350000     0.000000   -0.038400     0.0134       -0.179300            -5.370190e+00         -100.00
8.240000       9.400000     0.000000   -0.037500     0.0134       -0.173600            -5.362190e+00         -100.00
8.240000       9.450000     0.000000   -0.038300     0.0134       -0.167100            -5.352890e+00         -100.00
8.240000       9.500000     0.000000   -0.037500     0.0134       -0.158500            -5.340690e+00         -100.00
8.240000       9.550000     0.000000   -0.034300     0.0134       -0.147400            -5.324990e+00         -100.00
8.240000       9.600000     0.000000   -0.033200     0.0134       -0.134300            -5.306290e+00         -100.00
8.240000       9.650000     0.000000   -0.032000     0.0134       -0.118300            -5.283390e+00         -100.00
8.260000       8.000000     0.000000   -0.054700     0.0136       -0.176200            -5.374190e+00         -100.00
8.260000       8.050000     0.000000   -0.054400     0.0136       -0.176100            -5.374090e+00         -100.00
8.260000       8.100000     0.000000   -0.054200     0.0136       -0.176100            -5.373990e+00         -100.00
8.260000       8.150000     0.000000   -0.053900     0.0136       -0.176000            -5.373790e+00         -100.00
8.260000       8.200000     0.000000   -0.053600     0.0136       -0.175900            -5.373690e+00         -100.00
8.260000       8.250000     0.000000   -0.053200     0.0136       -0.175800            -5.373590e+00         -100.00
8.260000       8.300000     0.000000   -0.052900     0.0136       -0.175600            -5.373390e+00         -100.00
8.260000       8.350000     0.000000   -0.052500     0.0136       -0.175500            -5.373190e+00         -100.00
8.260000       8.400000     0.000000   -0.052100     0.0136       -0.175400            -5.372990e+00         -100.00
8.260000       8.450000     0.000000   -0.051700     0.0136       -0.175200            -5.372790e+00         -100.00
8.260000       8.500000     0.000000   -0.051300     0.0136       -0.175000            -5.372490e+00         -100.00
8.260000       8.550000     0.000000   -0.050800     0.0136       -0.174800            -5.372190e+00         -100.00
8.260000       8.600000     0.000000   -0.050300     0.0136       -0.174500            -5.371790e+00         -100.00
8.260000       8.650000     0.000000   -0.049800     0.0136       -0.174200            -5.371390e+00         -100.00
8.260000       8.700000     0.000000   -0.049300     0.0136       -0.173800            -5.370890e+00         -100.00
8.260000       8.750000     0.000000   -0.048700     0.0136       -0.173400            -5.370390e+00         -100.00
8.260000       8.800000     0.000000   -0.048100     0.0136       -0.172900            -5.369690e+00         -100.00
8.260000       8.850000     0.000000   -0.047400     0.0136       -0.172300            -5.368790e+00         -100.00
8.260000       8.900000     0.000000   -0.046700     0.0136       -0.171600            -5.367790e+00         -100.00
8.260000       8.950000     0.000000   -0.046000     0.0136       -0.170700            -5.366590e+00         -100.00
8.260000       9.000000     0.000000   -0.045300     0.0136       -0.169700            -5.365190e+00         -100.00
8.260000       9.050000     0.000000   -0.044500     0.0136       -0.168400            -5.363390e+00         -100.00
8.260000       9.100000     0.000000   -0.043700     0.0136       -0.166800            -5.361190e+00         -100.00
8.260000       9.150000     0.000000   -0.042900     0.0136       -0.164900            -5.358490e+00         -100.00
8.260000       9.200000     0.000000   -0.042000     0.0136       -0.162500            -5.355090e+00         -100.00
8.260000       9.250000     0.000000   -0.041100     0.0136       -0.159600            -5.350990e+00         -100.00
8.260000       9.300000     0.000000   -0.040100     0.0136       -0.155900            -5.345890e+00         -100.00
8.260000       9.350000     0.000000   -0.039200     0.0136       -0.151400            -5.339590e+00         -100.00
8.260000       9.400000     0.000000   -0.038200     0.0136       -0.145900            -5.331790e+00         -100.00
8.260000       9.450000     0.000000   -0.039000     0.0136       -0.139500            -5.322590e+00         -100.00
8.260000       9.500000     0.000000   -0.038200     0.0136       -0.131000            -5.310690e+00         -100.00
8.260000       9.550000     0.000000   -0.035000     0.0136       -0.120000            -5.295090e+00         -100.00
8.260000       9.600000     0.000000   -0.033800     0.0136       -0.107200            -5.276790e+00         -100.00
8.260000       9.650000     0.000000   -0.032700     0.0136       -0.091400            -5.254190e+00         -100.00
8.280000       8.000000     0.000000   -0.055600     0.0138       -0.148000            -5.342990e+00         -100.00
8.280000       8.050000     0.000000   -0.055300     0.0138       -0.147900            -5.342890e+00         -100.00
8.280000       8.100000     0.000000   -0.055000     0.0138       -0.147800            -5.342790e+00         -100.00
8.280000       8.150000     0.000000   -0.054700     0.0138       -0.147700            -5.342590e+00         -100.00
8.280000       8.200000     0.000000   -0.054400     0.0138       -0.147600            -5.342490e+00         -100.00
8.280000       8.250000     0.000000   -0.054100     0.0138       -0.147500            -5.342390e+00         -100.00
8.280000       8.300000     0.000000   -0.053800     0.0138       -0.147400            -5.342190e+00         -100.00
8.280000       8.350000     0.000000   -0.053400     0.0138       -0.147300            -5.341990e+00         -100.00
8.280000       8.400000     0.000000   -0.053000     0.0138       -0.147100            -5.341790e+00         -100.00
8.280000       8.450000     0.000000   -0.052600     0.0138       -0.146900            -5.341590e+00         -100.00
8.280000       8.500000     0.000000   -0.052100     0.0138       -0.146700            -5.341290e+00         -100.00
8.280000       8.550000     0.000000   -0.051700     0.0138       -0.146500            -5.340990e+00         -100.00
8.280000       8.600000     0.000000   -0.051200     0.0138       -0.146300            -5.340690e+00         -100.00
8.280000       8.650000     0.000000   -0.050700     0.0138       -0.146000            -5.340190e+00         -100.00
8.280000       8.700000     0.000000   -0.050100     0.0138       -0.145600            -5.339790e+00         -100.00
8.280000       8.750000     0.000000   -0.049500     0.0138       -0.145200            -5.339190e+00         -100.00
8.280000       8.800000     0.000000   -0.048900     0.0138       -0.144700            -5.338490e+00         -100.00
8.280000       8.850000     0.000000   -0.048200     0.0138       -0.144100            -5.337690e+00         -100.00
8.280000       8.900000     0.000000   -0.047600     0.0138       -0.143400            -5.336690e+00         -100.00
8.280000       8.950000     0.000000   -0.046800     0.0138       -0.142500            -5.335490e+00         -100.00
8.280000       9.000000     0.000000   -0.046100     0.0138       -0.141500            -5.334090e+00         -100.00
8.280000       9.050000     0.000000   -0.045300     0.0138       -0.140200            -5.332290e+00         -100.00
8.280000       9.100000     0.000000   -0.044500     0.0138       -0.138700            -5.330090e+00         -100.00
8.280000       9.150000     0.000000   -0.043600     0.0138       -0.136800            -5.327490e+00         -100.00
8.280000       9.200000     0.000000   -0.042800     0.0138       -0.134400            -5.324190e+00         -100.00
8.280000       9.250000     0.000000   -0.041800     0.0138       -0.131500            -5.320090e+00         -100.00
8.280000       9.300000     0.000000   -0.040900     0.0138       -0.127900            -5.315090e+00         -100.00
8.280000       9.350000     0.000000   -0.039900     0.0138       -0.123500            -5.308890e+00         -100.00
8.280000       9.400000     0.000000   -0.038900     0.0138       -0.118000            -5.301190e+00         -100.00
8.280000       9.450000     0.000000   -0.039700     0.0138       -0.111700            -5.292190e+00         -100.00
8.280000       9.500000     0.000000   -0.038900     0.0138       -0.103400            -5.280490e+00         -100.00
8.280000       9.550000     0.000000   -0.035700     0.0138       -0.092600            -5.265190e+00         -100.00
8.280000       9.600000     0.000000   -0.034500     0.0138       -0.079900            -5.247090e+00         -100.00
8.280000       9.650000     0.000000   -0.033300     0.0138       -0.064400            -5.224890e+00         -100.00
8.300000       8.000000     0.000000   -0.056400     0.0140       -0.119600            -5.311590e+00         -100.00
8.300000       8.050000     0.000000   -0.056200     0.0140       -0.119500            -5.311590e+00         -100.00
8.300000       8.100000     0.000000   -0.055900     0.0140       -0.119400            -5.311390e+00         -100.00
8.300000       8.150000     0.000000   -0.055600     0.0140       -0.119400            -5.311290e+00         -100.00
8.300000       8.200000     0.000000   -0.055300     0.0140       -0.119300            -5.311190e+00         -100.00
8.300000       8.250000     0.000000   -0.055000     0.0140       -0.119200            -5.311090e+00         -100.00
8.300000       8.300000     0.000000   -0.054700     0.0140       -0.119000            -5.310890e+00         -100.00
8.300000       8.350000     0.000000   -0.054300     0.0140       -0.118900            -5.310690e+00         -100.00
8.300000       8.400000     0.000000   -0.053900     0.0140       -0.118700            -5.310490e+00         -100.00
8.300000       8.450000     0.000000   -0.053500     0.0140       -0.118600            -5.310290e+00         -100.00
8.300000       8.500000     0.000000   -0.053000     0.0140       -0.118400            -5.309990e+00         -100.00
8.300000       8.550000     0.000000   -0.052500     0.0140       -0.118200            -5.309690e+00         -100.00
8.300000       8.600000     0.000000   -0.052000     0.0140       -0.117900            -5.309390e+00         -100.00
8.300000       8.650000     0.000000   -0.051500     0.0140       -0.117600            -5.308990e+00         -100.00
8.300000       8.700000     0.000000   -0.051000     0.0140       -0.117300            -5.308490e+00         -100.00
8.300000       8.750000     0.000000   -0.050400     0.0140       -0.116800            -5.307890e+00         -100.00
8.300000       8.800000     0.000000   -0.049700     0.0140       -0.116400            -5.307190e+00         -100.00
8.300000       8.850000     0.000000   -0.049100     0.0140       -0.115800            -5.306390e+00         -100.00
8.300000       8.900000     0.000000   -0.048400     0.0140       -0.115100            -5.305490e+00         -100.00
8.300000       8.950000     0.000000   -0.047700     0.0140       -0.114200            -5.304290e+00         -100.00
8.300000       9.000000     0.000000   -0.046900     0.0140       -0.113200            -5.302890e+00         -100.00
8.300000       9.050000     0.000000   -0.046100     0.0140       -0.111900            -5.301090e+00         -100.00
8.300000       9.100000     0.000000   -0.045300     0.0140       -0.110400            -5.298990e+00         -100.00
8.300000       9.150000     0.000000   -0.044400     0.0140       -0.108500            -5.296390e+00         -100.00
8.300000       9.200000     0.000000   -0.043500     0.0140       -0.106200            -5.293090e+00         -100.00
8.300000       9.250000     0.000000   -0.042600     0.0140       -0.103300            -5.289090e+00         -100.00
8.300000       9.300000     0.000000   -0.041700     0.0140       -0.099800            -5.284190e+00         -100.00
8.300000       9.350000     0.000000   -0.040700     0.0140       -0.095500            -5.278090e+00         -100.00
8.300000       9.400000     0.000000   -0.039600     0.0140       -0.090100            -5.270490e+00         -100.00
8.300000       9.450000     0.000000   -0.040400     0.0140       -0.083800            -5.261690e+00         -100.00
8.300000       9.500000     0.000000   -0.039600     0.0140       -0.075700            -5.250090e+00         -100.00
8.300000       9.550000     0.000000   -0.036400     0.0140       -0.065000            -5.235090e+00         -100.00
8.300000       9.600000     0.000000   -0.035200     0.0140       -0.052500            -5.217290e+00         -100.00
8.300000       9.650000     0.000000   -0.034000     0.0140       -0.037200            -5.195490e+00         -100.00
8.320000       8.000000     0.000000   -0.057300     0.0142       -0.091100            -5.280190e+00         -100.00
8.320000       8.050000     0.000000   -0.057100     0.0142       -0.091000            -5.280090e+00         -100.00
8.320000       8.100000     0.000000   -0.056800     0.0142       -0.091000            -5.279990e+00         -100.00
8.320000       8.150000     0.000000   -0.056500     0.0142       -0.090900            -5.279890e+00         -100.00
8.320000       8.200000     0.000000   -0.056200     0.0142       -0.090800            -5.279790e+00         -100.00
8.320000       8.250000     0.000000   -0.055900     0.0142       -0.090700            -5.279590e+00         -100.00
8.320000       8.300000     0.000000   -0.055500     0.0142       -0.090500            -5.279490e+00         -100.00
8.320000       8.350000     0.000000   -0.055200     0.0142       -0.090400            -5.279290e+00         -100.00
8.320000       8.400000     0.000000   -0.054800     0.0142       -0.090300            -5.279090e+00         -100.00
8.320000       8.450000     0.000000   -0.054300     0.0142       -0.090100            -5.278890e+00         -100.00
8.320000       8.500000     0.000000   -0.053900     0.0142       -0.089900            -5.278590e+00         -100.00
8.320000       8.550000     0.000000   -0.053400     0.0142       -0.089700            -5.278290e+00         -100.00
8.320000       8.600000     0.000000   -0.052900     0.0142       -0.089400            -5.277890e+00         -100.00
8.320000       8.650000     0.000000   -0.052400     0.0142       -0.089100            -5.277490e+00         -100.00
8.320000       8.700000     0.000000   -0.051800     0.0142       -0.088800            -5.277090e+00         -100.00
8.320000       8.750000     0.000000   -0.051200     0.0142       -0.088400            -5.276490e+00         -100.00
8.320000       8.800000     0.000000   -0.050600     0.0142       -0.087900            -5.275790e+00         -100.00
8.320000       8.850000     0.000000   -0.049900     0.0142       -0.087300            -5.274990e+00         -100.00
8.320000       8.900000     0.000000   -0.049200     0.0142       -0.086600            -5.274090e+00         -100.00
8.320000       8.950000     0.000000   -0.048500     0.0142       -0.085800            -5.272890e+00         -100.00
8.320000       9.000000     0.000000   -0.047700     0.0142       -0.084800            -5.271490e+00         -100.00
8.320000       9.050000     0.000000   -0.046900     0.0142       -0.083500            -5.269790e+00         -100.00
8.320000       9.100000     0.000000   -0.046100     0.0142       -0.082000            -5.267690e+00         -100.00
8.320000       9.150000     0.000000   -0.045200     0.0142       -0.080200            -5.265090e+00         -100.00
8.320000       9.200000     0.000000   -0.044300     0.0142       -0.077900            -5.261990e+00         -100.00
8.320000       9.250000     0.000000   -0.043400     0.0142       -0.075100            -5.257990e+00         -100.00
8.320000       9.300000     0.000000   -0.042400     0.0142       -0.071600            -5.253190e+00         -100.00
8.320000       9.350000     0.000000   -0.041400     0.0142       -0.067300            -5.247190e+00         -100.00
8.320000       9.400000     0.000000   -0.040400     0.0142       -0.062000            -5.239690e+00         -100.00
8.320000       9.450000     0.000000   -0.041200     0.0142       -0.055900            -5.230990e+00         -100.00
8.320000       9.500000     0.000000   -0.040300     0.0142       -0.047800            -5.219690e+00         -100.00
8.320000       9.550000     0.000000   -0.037100     0.0142       -0.037300            -5.204790e+00         -100.00
8.320000       9.600000     0.000000   -0.035900     0.0142       -0.025000            -5.187390e+00         -100.00
8.320000       9.650000     0.000000   -0.034700     0.0142       -0.010000            -5.165890e+00         -100.00
8.340000       8.000000     0.000000   -0.058300     0.0144       -0.062500            -5.248690e+00         -100.00
8.340000       8.050000     0.000000   -0.058000     0.0144       -0.062400            -5.248590e+00         -100.00
8.340000       8.100000     0.000000   -0.057700     0.0144       -0.062300            -5.248490e+00         -100.00
8.340000       8.150000     0.000000   -0.057400     0.0144       -0.062300            -5.248290e+00         -100.00
8.340000       8.200000     0.000000   -0.057100     0.0144       -0.062200            -5.248190e+00         -100.00
8.340000       8.250000     0.000000   -0.056800     0.0144       -0.062100            -5.248090e+00         -100.00
8.340000       8.300000     0.000000   -0.056500     0.0144       -0.061900            -5.247890e+00         -100.00
8.340000       8.350000     0.000000   -0.056100     0.0144       -0.061800            -5.247690e+00         -100.00
8.340000       8.400000     0.000000   -0.055700     0.0144       -0.061700            -5.247490e+00         -100.00
8.340000       8.450000     0.000000   -0.055200     0.0144       -0.061500            -5.247290e+00         -100.00
8.340000       8.500000     0.000000   -0.054800     0.0144       -0.061300            -5.247090e+00         -100.00
8.340000       8.550000     0.000000   -0.054300     0.0144       -0.061100            -5.246790e+00         -100.00
8.340000       8.600000     0.000000   -0.053800     0.0144       -0.060800            -5.246390e+00         -100.00
8.340000       8.650000     0.000000   -0.053300     0.0144       -0.060500            -5.245990e+00         -100.00
8.340000       8.700000     0.000000   -0.052700     0.0144       -0.060200            -5.245490e+00         -100.00
8.340000       8.750000     0.000000   -0.052100     0.0144       -0.059800            -5.244990e+00         -100.00
8.340000       8.800000     0.000000   -0.051500     0.0144       -0.059300            -5.244290e+00         -100.00
8.340000       8.850000     0.000000   -0.050800     0.0144       -0.058700            -5.243490e+00         -100.00
8.340000       8.900000     0.000000   -0.050100     0.0144       -0.058000            -5.242590e+00         -100.00
8.340000       8.950000     0.000000   -0.049400     0.0144       -0.057200            -5.241490e+00         -100.00
8.340000       9.000000     0.000000   -0.048600     0.0144       -0.056200            -5.240090e+00         -100.00
8.340000       9.050000     0.000000   -0.047800     0.0144       -0.055000            -5.238390e+00         -100.00
8.340000       9.100000     0.000000   -0.046900     0.0144       -0.053500            -5.236290e+00         -100.00
8.340000       9.150000     0.000000   -0.046100     0.0144       -0.051700            -5.233790e+00         -100.00
8.340000       9.200000     0.000000   -0.045100     0.0144       -0.049400            -5.230690e+00         -100.00
8.340000       9.250000     0.000000   -0.044200     0.0144       -0.046600            -5.226790e+00         -100.00
8.340000       9.300000     0.000000   -0.043200     0.0144       -0.043200            -5.221990e+00         -100.00
8.340000       9.350000     0.000000   -0.042200     0.0144       -0.039000            -5.216090e+00         -100.00
8.340000       9.400000     0.000000   -0.041200     0.0144       -0.033800            -5.208790e+00         -100.00
8.340000       9.450000     0.000000   -0.041900     0.0144       -0.027700            -5.200190e+00         -100.00
8.340000       9.500000     0.000000   -0.041100     0.0144       -0.019800            -5.189090e+00         -100.00
8.340000       9.550000     0.000000   -0.037800     0.0144       -0.009500            -5.174490e+00         -100.00
8.340000       9.600000     0.000000   -0.036600     0.0144       0.002600             -5.157290e+00         -100.00
8.340000       9.650000     0.000000   -0.035400     0.0144       0.017400             -5.136090e+00         -100.00
8.360000       8.000000     0.000000   -0.059200     0.0147       -0.033800            -5.216990e+00         -100.00
8.360000       8.050000     0.000000   -0.058900     0.0147       -0.033700            -5.216890e+00         -100.00
8.360000       8.100000     0.000000   -0.058700     0.0147       -0.033600            -5.216790e+00         -100.00
8.360000       8.150000     0.000000   -0.058400     0.0147       -0.033500            -5.216690e+00         -100.00
8.360000       8.200000     0.000000   -0.058100     0.0147       -0.033400            -5.216490e+00         -100.00
8.360000       8.250000     0.000000   -0.057700     0.0147       -0.033300            -5.216390e+00         -100.00
8.360000       8.300000     0.000000   -0.057400     0.0147       -0.033200            -5.216190e+00         -100.00
8.360000       8.350000     0.000000   -0.057000     0.0147       -0.033100            -5.216090e+00         -100.00
8.360000       8.400000     0.000000   -0.056600     0.0147       -0.032900            -5.215890e+00         -100.00
8.360000       8.450000     0.000000   -0.056200     0.0147       -0.032800            -5.215590e+00         -100.00
8.360000       8.500000     0.000000   -0.055700     0.0147       -0.032600            -5.215390e+00         -100.00
8.360000       8.550000     0.000000   -0.055200     0.0147       -0.032400            -5.215090e+00         -100.00
8.360000       8.600000     0.000000   -0.054700     0.0147       -0.032100            -5.214790e+00         -100.00
8.360000       8.650000     0.000000   -0.054200     0.0147       -0.031800            -5.214390e+00         -100.00
8.360000       8.700000     0.000000   -0.053600     0.0147       -0.031500            -5.213890e+00         -100.00
8.360000       8.750000     0.000000   -0.053000     0.0147       -0.031100            -5.213290e+00         -100.00
8.360000       8.800000     0.000000   -0.052300     0.0147       -0.030600            -5.212690e+00         -100.00
8.360000       8.850000     0.000000   -0.051700     0.0147       -0.030000            -5.211890e+00         -100.00
8.360000       8.900000     0.000000   -0.051000     0.0147       -0.029300            -5.210990e+00         -100.00
8.360000       8.950000     0.000000   -0.050200     0.0147       -0.028500            -5.209890e+00         -100.00
8.360000       9.000000     0.000000   -0.049400     0.0147       -0.027500            -5.208490e+00         -100.00
8.360000       9.050000     0.000000   -0.048600     0.0147       -0.026300            -5.206790e+00         -100.00
8.360000       9.100000     0.000000   -0.047800     0.0147       -0.024900            -5.204790e+00         -100.00
8.360000       9.150000     0.000000   -0.046900     0.0147       -0.023100            -5.202290e+00         -100.00
8.360000       9.200000     0.000000   -0.046000     0.0147       -0.020800            -5.199190e+00         -100.00
8.360000       9.250000     0.000000   -0.045000     0.0147       -0.018100            -5.195390e+00         -100.00
8.360000       9.300000     0.000000   -0.044000     0.0147       -0.014700            -5.190690e+00         -100.00
8.360000       9.350000     0.000000   -0.043000     0.0147       -0.010600            -5.184890e+00         -100.00
8.360000       9.400000     0.000000   -0.041900     0.0147       -0.005400            -5.177690e+00         -100.00
8.360000       9.450000     0.000000   -0.042700     0.0147       0.000500             -5.169290e+00         -100.00
8.360000       9.500000     0.000000   -0.041800     0.0147       0.008300             -5.158290e+00         -100.00
8.360000       9.550000     0.000000   -0.040900     0.0147       0.017900             -5.144690e+00         -100.00
8.360000       9.600000     0.000000   -0.037400     0.0147       0.030300             -5.126990e+00         -100.00
8.360000       9.650000     0.000000   -0.036100     0.0147       0.044900             -5.106190e+00         -100.00
8.380000       8.000000     0.000000   -0.060200     0.0149       -0.004900            -5.185190e+00         -100.00
8.380000       8.050000     0.000000   -0.059900     0.0149       -0.004800            -5.185090e+00         -100.00
8.380000       8.100000     0.000000   -0.059600     0.0149       -0.004800            -5.184990e+00         -100.00
8.380000       8.150000     0.000000   -0.059300     0.0149       -0.004700            -5.184890e+00         -100.00
8.380000       8.200000     0.000000   -0.059000     0.0149       -0.004600            -5.184790e+00         -100.00
8.380000       8.250000     0.000000   -0.058700     0.0149       -0.004500            -5.184590e+00         -100.00
8.380000       8.300000     0.000000   -0.058300     0.0149       -0.004400            -5.184490e+00         -100.00
8.380000       8.350000     0.000000   -0.057900     0.0149       -0.004200            -5.184290e+00         -100.00
8.380000       8.400000     0.000000   -0.057500     0.0149       -0.004100            -5.184090e+00         -100.00
8.380000       8.450000     0.000000   -0.057100     0.0149       -0.003900            -5.183890e+00         -100.00
8.380000       8.500000     0.000000   -0.056600     0.0149       -0.003700            -5.183590e+00         -100.00
8.380000       8.550000     0.000000   -0.056100     0.0149       -0.003500            -5.183290e+00         -100.00
8.380000       8.600000     0.000000   -0.055600     0.0149       -0.003300            -5.182990e+00         -100.00
8.380000       8.650000     0.000000   -0.055100     0.0149       -0.003000            -5.182590e+00         -100.00
8.380000       8.700000     0.000000   -0.054500     0.0149       -0.002600            -5.182090e+00         -100.00
8.380000       8.750000     0.000000   -0.053900     0.0149       -0.002200            -5.181590e+00         -100.00
8.380000       8.800000     0.000000   -0.053200     0.0149       -0.001800            -5.180890e+00         -100.00
8.380000       8.850000     0.000000   -0.052600     0.0149       -0.001200            -5.180190e+00         -100.00
8.380000       8.900000     0.000000   -0.051900     0.0149       -0.000500            -5.179290e+00         -100.00
8.380000       8.950000     0.000000   -0.051100     0.0149       0.000300             -5.178090e+00         -100.00
8.380000       9.000000     0.000000   -0.050300     0.0149       0.001200             -5.176790e+00         -100.00
8.380000       9.050000     0.000000   -0.049500     0.0149       0.002400             -5.175190e+00         -100.00
8.380000       9.100000     0.000000   -0.048600     0.0149       0.003900             -5.173190e+00         -100.00
8.380000       9.150000     0.000000   -0.047700     0.0149       0.005700             -5.170690e+00         -100.00
8.380000       9.200000     0.000000   -0.046800     0.0149       0.007800             -5.167690e+00         -100.00
8.380000       9.250000     0.000000   -0.045800     0.0149       0.010500             -5.163890e+00         -100.00
8.380000       9.300000     0.000000   -0.044800     0.0149       0.013800             -5.159290e+00         -100.00
8.380000       9.350000     0.000000   -0.043800     0.0149       0.017900             -5.153590e+00         -100.00
8.380000       9.400000     0.000000   -0.042700     0.0149       0.023000             -5.146490e+00         -100.00
8.380000       9.450000     0.000000   -0.043500     0.0149       0.028800             -5.138290e+00         -100.00
8.380000       9.500000     0.000000   -0.042600     0.0149       0.036500             -5.127390e+00         -100.00
8.380000       9.550000     0.000000   -0.041700     0.0149       0.046000             -5.113990e+00         -100.00
8.380000       9.600000     0.000000   -0.038100     0.0149       0.058200             -5.096690e+00         -100.00
8.380000       9.650000     0.000000   -0.036900     0.0149       0.072600             -5.076190e+00         -100.00
8.400000       8.000000     0.000000   -0.061100     0.0151       0.024000             -5.153290e+00         -100.00
8.400000       8.050000     0.000000   -0.060900     0.0151       0.024100             -5.153190e+00         -100.00
8.400000       8.100000     0.000000   -0.060600     0.0151       0.024200             -5.153090e+00         -100.00
8.400000       8.150000     0.000000   -0.060300     0.0151       0.024300             -5.152990e+00         -100.00
8.400000       8.200000     0.000000   -0.060000     0.0151       0.024400             -5.152790e+00         -100.00
8.400000       8.250000     0.000000   -0.059600     0.0151       0.024500             -5.152690e+00         -100.00
8.400000       8.300000     0.000000   -0.059300     0.0151       0.024600             -5.152590e+00         -100.00
8.400000       8.350000     0.000000   -0.058900     0.0151       0.024700             -5.152390e+00         -100.00
8.400000       8.400000     0.000000   -0.058500     0.0151       0.024900             -5.152190e+00         -100.00
8.400000       8.450000     0.000000   -0.058000     0.0151       0.025100             -5.151990e+00         -100.00
8.400000       8.500000     0.000000   -0.057600     0.0151       0.025200             -5.151690e+00         -100.00
8.400000       8.550000     0.000000   -0.057100     0.0151       0.025500             -5.151390e+00         -100.00
8.400000       8.600000     0.000000   -0.056600     0.0151       0.025700             -5.151090e+00         -100.00
8.400000       8.650000     0.000000   -0.056000     0.0151       0.026000             -5.150690e+00         -100.00
8.400000       8.700000     0.000000   -0.055400     0.0151       0.026300             -5.150190e+00         -100.00
8.400000       8.750000     0.000000   -0.054800     0.0151       0.026700             -5.149690e+00         -100.00
8.400000       8.800000     0.000000   -0.054200     0.0151       0.027200             -5.149090e+00         -100.00
8.400000       8.850000     0.000000   -0.053500     0.0151       0.027700             -5.148290e+00         -100.00
8.400000       8.900000     0.000000   -0.052800     0.0151       0.028400             -5.147390e+00         -100.00
8.400000       8.950000     0.000000   -0.052000     0.0151       0.029200             -5.146290e+00         -100.00
8.400000       9.000000     0.000000   -0.051200     0.0151       0.030200             -5.144990e+00         -100.00
8.400000       9.050000     0.000000   -0.050400     0.0151       0.031300             -5.143390e+00         -100.00
8.400000       9.100000     0.000000   -0.049500     0.0151       0.032800             -5.141390e+00         -100.00
8.400000       9.150000     0.000000   -0.048600     0.0151       0.034500             -5.138990e+00         -100.00
8.400000       9.200000     0.000000   -0.047700     0.0151       0.036700             -5.135990e+00         -100.00
8.400000       9.250000     0.000000   -0.046700     0.0151       0.039300             -5.132290e+00         -100.00
8.400000       9.300000     0.000000   -0.045700     0.0151       0.042600             -5.127790e+00         -100.00
8.400000       9.350000     0.000000   -0.044600     0.0151       0.046600             -5.122090e+00         -100.00
8.400000       9.400000     0.000000   -0.043500     0.0151       0.051600             -5.115190e+00         -100.00
8.400000       9.450000     0.000000   -0.042400     0.0151       0.057700             -5.106490e+00         -100.00
8.400000       9.500000     0.000000   -0.043400     0.0151       0.064800             -5.096390e+00         -100.00
8.400000       9.550000     0.000000   -0.042400     0.0151       0.074100             -5.083190e+00         -100.00
8.400000       9.600000     0.000000   -0.038900     0.0151       0.086200             -5.066190e+00         -100.00
8.400000       9.650000     0.000000   -0.037600     0.0151       0.100300             -5.045990e+00         -100.00
8.420000       8.000000     0.000000   -0.062100     0.0153       0.053100             -5.121290e+00         -100.00
8.420000       8.050000     0.000000   -0.061800     0.0153       0.053200             -5.121190e+00         -100.00
8.420000       8.100000     0.000000   -0.061600     0.0153       0.053300             -5.121090e+00         -100.00
8.420000       8.150000     0.000000   -0.061300     0.0153       0.053400             -5.120890e+00         -100.00
8.420000       8.200000     0.000000   -0.060900     0.0153       0.053500             -5.120790e+00         -100.00
8.420000       8.250000     0.000000   -0.060600     0.0153       0.053600             -5.120690e+00         -100.00
8.420000       8.300000     0.000000   -0.060200     0.0153       0.053700             -5.120490e+00         -100.00
8.420000       8.350000     0.000000   -0.059800     0.0153       0.053800             -5.120290e+00         -100.00
8.420000       8.400000     0.000000   -0.059400     0.0153       0.054000             -5.120090e+00         -100.00
8.420000       8.450000     0.000000   -0.059000     0.0153       0.054100             -5.119890e+00         -100.00
8.420000       8.500000     0.000000   -0.058500     0.0153       0.054300             -5.119690e+00         -100.00
8.420000       8.550000     0.000000   -0.058000     0.0153       0.054500             -5.119390e+00         -100.00
8.420000       8.600000     0.000000   -0.057500     0.0153       0.054800             -5.119090e+00         -100.00
8.420000       8.650000     0.000000   -0.057000     0.0153       0.055100             -5.118690e+00         -100.00
8.420000       8.700000     0.000000   -0.056400     0.0153       0.055400             -5.118190e+00         -100.00
8.420000       8.750000     0.000000   -0.055700     0.0153       0.055800             -5.117690e+00         -100.00
8.420000       8.800000     0.000000   -0.055100     0.0153       0.056200             -5.117090e+00         -100.00
8.420000       8.850000     0.000000   -0.054400     0.0153       0.056800             -5.116290e+00         -100.00
8.420000       8.900000     0.000000   -0.053700     0.0153       0.057400             -5.115390e+00         -100.00
8.420000       8.950000     0.000000   -0.052900     0.0153       0.058200             -5.114290e+00         -100.00
8.420000       9.000000     0.000000   -0.052100     0.0153       0.059200             -5.112990e+00         -100.00
8.420000       9.050000     0.000000   -0.051300     0.0153       0.060300             -5.111390e+00         -100.00
8.420000       9.100000     0.000000   -0.050400     0.0153       0.061700             -5.109490e+00         -100.00
8.420000       9.150000     0.000000   -0.049500     0.0153       0.063500             -5.107090e+00         -100.00
8.420000       9.200000     0.000000   -0.048500     0.0153       0.065600             -5.104190e+00         -100.00
8.420000       9.250000     0.000000   -0.047500     0.0153       0.068200             -5.100590e+00         -100.00
8.420000       9.300000     0.000000   -0.046500     0.0153       0.071400             -5.096090e+00         -100.00
8.420000       9.350000     0.000000   -0.045500     0.0153       0.075400             -5.090590e+00         -100.00
8.420000       9.400000     0.000000   -0.044400     0.0153       0.080200             -5.083690e+00         -100.00
8.420000       9.450000     0.000000   -0.043200     0.0153       0.086300             -5.075190e+00         -100.00
8.420000       9.500000     0.000000   -0.044200     0.0153       0.093300             -5.065290e+00         -100.00
8.420000       9.550000     0.000000   -0.043200     0.0153       0.102400             -5.052290e+00         -100.00
8.420000       9.600000     0.000000   -0.039600     0.0153       0.114300             -5.035490e+00         -100.00
8.420000       9.650000     0.000000   -0.038300     0.0153       0.128200             -5.015690e+00         -100.00
8.440000       8.000000     0.000000   -0.063100     0.0156       0.082300             -5.089090e+00         -100.00
8.440000       8.050000     0.000000   -0.062800     0.0156       0.082400             -5.088990e+00         -100.00
8.440000       8.100000     0.000000   -0.062500     0.0156       0.082500             -5.088890e+00         -100.00
8.440000       8.150000     0.000000   -0.062200     0.0156       0.082600             -5.088790e+00         -100.00
8.440000       8.200000     0.000000   -0.061900     0.0156       0.082700             -5.088690e+00         -100.00
8.440000       8.250000     0.000000   -0.061600     0.0156       0.082800             -5.088490e+00         -100.00
8.440000       8.300000     0.000000   -0.061200     0.0156       0.082900             -5.088390e+00         -100.00
8.440000       8.350000     0.000000   -0.060800     0.0156       0.083000             -5.088190e+00         -100.00
8.440000       8.400000     0.000000   -0.060400     0.0156       0.083200             -5.087990e+00         -100.00
8.440000       8.450000     0.000000   -0.060000     0.0156       0.083300             -5.087790e+00         -100.00
8.440000       8.500000     0.000000   -0.059500     0.0156       0.083500             -5.087490e+00         -100.00
8.440000       8.550000     0.000000   -0.059000     0.0156       0.083700             -5.087190e+00         -100.00
8.440000       8.600000     0.000000   -0.058500     0.0156       0.084000             -5.086890e+00         -100.00
8.440000       8.650000     0.000000   -0.057900     0.0156       0.084300             -5.086490e+00         -100.00
8.440000       8.700000     0.000000   -0.057300     0.0156       0.084600             -5.086090e+00         -100.00
8.440000       8.750000     0.000000   -0.056700     0.0156       0.085000             -5.085590e+00         -100.00
8.440000       8.800000     0.000000   -0.056000     0.0156       0.085400             -5.084890e+00         -100.00
8.440000       8.850000     0.000000   -0.055300     0.0156       0.086000             -5.084190e+00         -100.00
8.440000       8.900000     0.000000   -0.054600     0.0156       0.086600             -5.083290e+00         -100.00
8.440000       8.950000     0.000000   -0.053800     0.0156       0.087400             -5.082290e+00         -100.00
8.440000       9.000000     0.000000   -0.053000     0.0156       0.088300             -5.080990e+00         -100.00
8.440000       9.050000     0.000000   -0.052200     0.0156       0.089500             -5.079390e+00         -100.00
8.440000       9.100000     0.000000   -0.051300     0.0156       0.090800             -5.077490e+00         -100.00
8.440000       9.150000     0.000000   -0.050400     0.0156       0.092500             -5.075090e+00         -100.00
8.440000       9.200000     0.000000   -0.049400     0.0156       0.094600             -5.072290e+00         -100.00
8.440000       9.250000     0.000000   -0.048400     0.0156       0.097200             -5.068690e+00         -100.00
8.440000       9.300000     0.000000   -0.047400     0.0156       0.100300             -5.064290e+00         -100.00
8.440000       9.350000     0.000000   -0.046300     0.0156       0.104200             -5.058790e+00         -100.00
8.440000       9.400000     0.000000   -0.045200     0.0156       0.109000             -5.052090e+00         -100.00
8.440000       9.450000     0.000000   -0.044100     0.0156       0.115000             -5.043690e+00         -100.00
8.440000       9.500000     0.000000   -0.045000     0.0156       0.121800             -5.033990e+00         -100.00
8.440000       9.550000     0.000000   -0.044000     0.0156       0.130800             -5.021290e+00         -100.00
8.440000       9.600000     0.000000   -0.040400     0.0156       0.142500             -5.004690e+00         -100.00
8.440000       9.650000     0.000000   -0.039100     0.0156       0.156200             -4.985190e+00         -100.00
8.460000       8.000000     0.000000   -0.064100     0.0158       0.111700             -5.056790e+00         -100.00
8.460000       8.050000     0.000000   -0.063800     0.0158       0.111700             -5.056690e+00         -100.00
8.460000       8.100000     0.000000   -0.063600     0.0158       0.111800             -5.056590e+00         -100.00
8.460000       8.150000     0.000000   -0.063200     0.0158       0.111900             -5.056490e+00         -100.00
8.460000       8.200000     0.000000   -0.062900     0.0158       0.112000             -5.056390e+00         -100.00
8.460000       8.250000     0.000000   -0.062600     0.0158       0.112100             -5.056190e+00         -100.00
8.460000       8.300000     0.000000   -0.062200     0.0158       0.112200             -5.056090e+00         -100.00
8.460000       8.350000     0.000000   -0.061800     0.0158       0.112300             -5.055890e+00         -100.00
8.460000       8.400000     0.000000   -0.061400     0.0158       0.112500             -5.055690e+00         -100.00
8.460000       8.450000     0.000000   -0.061000     0.0158       0.112600             -5.055490e+00         -100.00
8.460000       8.500000     0.000000   -0.060500     0.0158       0.112800             -5.055290e+00         -100.00
8.460000       8.550000     0.000000   -0.060000     0.0158       0.113000             -5.054990e+00         -100.00
8.460000       8.600000     0.000000   -0.059400     0.0158       0.113300             -5.054590e+00         -100.00
8.460000       8.650000     0.000000   -0.058900     0.0158       0.113600             -5.054290e+00         -100.00
8.460000       8.700000     0.000000   -0.058300     0.0158       0.113900             -5.053790e+00         -100.00
8.460000       8.750000     0.000000   -0.057700     0.0158       0.114300             -5.053290e+00         -100.00
8.460000       8.800000     0.000000   -0.057000     0.0158       0.114700             -5.052690e+00         -100.00
8.460000       8.850000     0.000000   -0.056300     0.0158       0.115300             -5.051990e+00         -100.00
8.460000       8.900000     0.000000   -0.055500     0.0158       0.115900             -5.051090e+00         -100.00
8.460000       8.950000     0.000000   -0.054800     0.0158       0.116700             -5.049990e+00         -100.00
8.460000       9.000000     0.000000   -0.054000     0.0158       0.117600             -5.048790e+00         -100.00
8.460000       9.050000     0.000000   -0.053100     0.0158       0.118700             -5.047190e+00         -100.00
8.460000       9.100000     0.000000   -0.052200     0.0158       0.120100             -5.045290e+00         -100.00
8.460000       9.150000     0.000000   -0.051300     0.0158       0.121700             -5.042990e+00         -100.00
8.460000       9.200000     0.000000   -0.050300     0.0158       0.123800             -5.040190e+00         -100.00
8.460000       9.250000     0.000000   -0.049300     0.0158       0.126300             -5.036690e+00         -100.00
8.460000       9.300000     0.000000   -0.048300     0.0158       0.129400             -5.032390e+00         -100.00
8.460000       9.350000     0.000000   -0.047200     0.0158       0.133200             -5.026990e+00         -100.00
8.460000       9.400000     0.000000   -0.046000     0.0158       0.138000             -5.020390e+00         -100.00
8.460000       9.450000     0.000000   -0.044900     0.0158       0.143800             -5.012190e+00         -100.00
8.460000       9.500000     0.000000   -0.045800     0.0158       0.150500             -5.002590e+00         -100.00
8.460000       9.550000     0.000000   -0.044800     0.0158       0.159400             -4.990090e+00         -100.00
8.460000       9.600000     0.000000   -0.041200     0.0158       0.170800             -4.973790e+00         -100.00
8.460000       9.650000     0.000000   -0.039900     0.0158       0.184300             -4.954590e+00         -100.00
8.480000       8.000000     0.000000   -0.065100     0.0161       0.141100             -5.024390e+00         -100.00
8.480000       8.050000     0.000000   -0.064900     0.0161       0.141200             -5.024290e+00         -100.00
8.480000       8.100000     0.000000   -0.064600     0.0161       0.141200             -5.024190e+00         -100.00
8.480000       8.150000     0.000000   -0.064300     0.0161       0.141300             -5.024090e+00         -100.00
8.480000       8.200000     0.000000   -0.063900     0.0161       0.141400             -5.023990e+00         -100.00
8.480000       8.250000     0.000000   -0.063600     0.0161       0.141500             -5.023790e+00         -100.00
8.480000       8.300000     0.000000   -0.063200     0.0161       0.141600             -5.023690e+00         -100.00
8.480000       8.350000     0.000000   -0.062800     0.0161       0.141800             -5.023490e+00         -100.00
8.480000       8.400000     0.000000   -0.062400     0.0161       0.141900             -5.023290e+00         -100.00
8.480000       8.450000     0.000000   -0.062000     0.0161       0.142100             -5.023090e+00         -100.00
8.480000       8.500000     0.000000   -0.061500     0.0161       0.142300             -5.022890e+00         -100.00
8.480000       8.550000     0.000000   -0.061000     0.0161       0.142500             -5.022590e+00         -100.00
8.480000       8.600000     0.000000   -0.060400     0.0161       0.142700             -5.022190e+00         -100.00
8.480000       8.650000     0.000000   -0.059900     0.0161       0.143000             -5.021890e+00         -100.00
8.480000       8.700000     0.000000   -0.059300     0.0161       0.143300             -5.021390e+00         -100.00
8.480000       8.750000     0.000000   -0.058600     0.0161       0.143700             -5.020890e+00         -100.00
8.480000       8.800000     0.000000   -0.058000     0.0161       0.144100             -5.020290e+00         -100.00
8.480000       8.850000     0.000000   -0.057300     0.0161       0.144700             -5.019590e+00         -100.00
8.480000       8.900000     0.000000   -0.056500     0.0161       0.145300             -5.018690e+00         -100.00
8.480000       8.950000     0.000000   -0.055700     0.0161       0.146000             -5.017690e+00         -100.00
8.480000       9.000000     0.000000   -0.054900     0.0161       0.147000             -5.016490e+00         -100.00
8.480000       9.050000     0.000000   -0.054000     0.0161       0.148100             -5.014890e+00         -100.00
8.480000       9.100000     0.000000   -0.053100     0.0161       0.149400             -5.013090e+00         -100.00
8.480000       9.150000     0.000000   -0.052200     0.0161       0.151000             -5.010790e+00         -100.00
8.480000       9.200000     0.000000   -0.051200     0.0161       0.153100             -5.007990e+00         -100.00
8.480000       9.250000     0.000000   -0.050200     0.0161       0.155500             -5.004590e+00         -100.00
8.480000       9.300000     0.000000   -0.049100     0.0161       0.158600             -5.000290e+00         -100.00
8.480000       9.350000     0.000000   -0.048000     0.0161       0.162300             -4.994990e+00         -100.00
8.480000       9.400000     0.000000   -0.046900     0.0161       0.167000             -4.988490e+00         -100.00
8.480000       9.450000     0.000000   -0.045700     0.0161       0.172700             -4.980390e+00         -100.00
8.480000       9.500000     0.000000   -0.046600     0.0161       0.179300             -4.971090e+00         -100.00
8.480000       9.550000     0.000000   -0.045600     0.0161       0.188000             -4.958690e+00         -100.00
8.480000       9.600000     0.000000   -0.042000     0.0161       0.199300             -4.942690e+00         -100.00
8.480000       9.650000     0.000000   -0.040700     0.0161       0.212500             -4.923890e+00         -100.00
8.500000       8.000000     0.000000   -0.066200     0.0163       0.170600             -4.991890e+00         -100.00
8.500000       8.050000     0.000000   -0.065900     0.0163       0.170700             -4.991790e+00         -100.00
8.500000       8.100000     0.000000   -0.065600     0.0163       0.170800             -4.991690e+00         -100.00
8.500000       8.150000     0.000000   -0.065300     0.0163       0.170900             -4.991590e+00         -100.00
8.500000       8.200000     0.000000   -0.065000     0.0163       0.171000             -4.991390e+00         -100.00
8.500000       8.250000     0.000000   -0.064600     0.0163       0.171100             -4.991290e+00         -100.00
8.500000       8.300000     0.000000   -0.064300     0.0163       0.171200             -4.991090e+00         -100.00
8.500000       8.350000     0.000000   -0.063900     0.0163       0.171300             -4.990990e+00         -100.00
8.500000       8.400000     0.000000   -0.063400     0.0163       0.171500             -4.990790e+00         -100.00
8.500000       8.450000     0.000000   -0.063000     0.0163       0.171600             -4.990590e+00         -100.00
8.500000       8.500000     0.000000   -0.062500     0.0163       0.171800             -4.990290e+00         -100.00
8.500000       8.550000     0.000000   -0.062000     0.0163       0.172000             -4.989990e+00         -100.00
8.500000       8.600000     0.000000   -0.061500     0.0163       0.172300             -4.989690e+00         -100.00
8.500000       8.650000     0.000000   -0.060900     0.0163       0.172500             -4.989390e+00         -100.00
8.500000       8.700000     0.000000   -0.060300     0.0163       0.172800             -4.988890e+00         -100.00
8.500000       8.750000     0.000000   -0.059600     0.0163       0.173200             -4.988390e+00         -100.00
8.500000       8.800000     0.000000   -0.059000     0.0163       0.173700             -4.987790e+00         -100.00
8.500000       8.850000     0.000000   -0.058200     0.0163       0.174200             -4.987090e+00         -100.00
8.500000       8.900000     0.000000   -0.057500     0.0163       0.174800             -4.986290e+00         -100.00
8.500000       8.950000     0.000000   -0.056700     0.0163       0.175500             -4.985190e+00         -100.00
8.500000       9.000000     0.000000   -0.055900     0.0163       0.176400             -4.983990e+00         -100.00
8.500000       9.050000     0.000000   -0.055000     0.0163       0.177500             -4.982490e+00         -100.00
8.500000       9.100000     0.000000   -0.054100     0.0163       0.178900             -4.980690e+00         -100.00
8.500000       9.150000     0.000000   -0.053100     0.0163       0.180500             -4.978390e+00         -100.00
8.500000       9.200000     0.000000   -0.052100     0.0163       0.182400             -4.975690e+00         -100.00
8.500000       9.250000     0.000000   -0.051100     0.0163       0.184900             -4.972290e+00         -100.00
8.500000       9.300000     0.000000   -0.050000     0.0163       0.187900             -4.968090e+00         -100.00
8.500000       9.350000     0.000000   -0.048900     0.0163       0.191600             -4.962890e+00         -100.00
8.500000       9.400000     0.000000   -0.047800     0.0163       0.196100             -4.956490e+00         -100.00
8.500000       9.450000     0.000000   -0.046600     0.0163       0.201800             -4.948590e+00         -100.00
8.500000       9.500000     0.000000   -0.047500     0.0163       0.208300             -4.939390e+00         -100.00
8.500000       9.550000     0.000000   -0.046500     0.0163       0.216800             -4.927290e+00         -100.00
8.500000       9.600000     0.000000   -0.042900     0.0163       0.227900             -4.911490e+00         -100.00
8.500000       9.650000     0.000000   -0.041500     0.0163       0.240800             -4.892990e+00         -100.00
8.520000       8.000000     0.000000   -0.067200     0.0165       0.200300             -4.959190e+00         -100.00
8.520000       8.050000     0.000000   -0.067000     0.0165       0.200400             -4.959090e+00         -100.00
8.520000       8.100000     0.000000   -0.066700     0.0165       0.200400             -4.958990e+00         -100.00
8.520000       8.150000     0.000000   -0.066400     0.0165       0.200500             -4.958890e+00         -100.00
8.520000       8.200000     0.000000   -0.066000     0.0165       0.200600             -4.958790e+00         -100.00
8.520000       8.250000     0.000000   -0.065700     0.0165       0.200700             -4.958590e+00         -100.00
8.520000       8.300000     0.000000   -0.065300     0.0165       0.200800             -4.958490e+00         -100.00
8.520000       8.350000     0.000000   -0.064900     0.0165       0.201000             -4.958290e+00         -100.00
8.520000       8.400000     0.000000   -0.064500     0.0165       0.201100             -4.958090e+00         -100.00
8.520000       8.450000     0.000000   -0.064000     0.0165       0.201300             -4.957890e+00         -100.00
8.520000       8.500000     0.000000   -0.063500     0.0165       0.201500             -4.957690e+00         -100.00
8.520000       8.550000     0.000000   -0.063000     0.0165       0.201700             -4.957390e+00         -100.00
8.520000       8.600000     0.000000   -0.062500     0.0165       0.201900             -4.957090e+00         -100.00
8.520000       8.650000     0.000000   -0.061900     0.0165       0.202200             -4.956690e+00         -100.00
8.520000       8.700000     0.000000   -0.061300     0.0165       0.202500             -4.956290e+00         -100.00
8.520000       8.750000     0.000000   -0.060600     0.0165       0.202900             -4.955790e+00         -100.00
8.520000       8.800000     0.000000   -0.060000     0.0165       0.203300             -4.955190e+00         -100.00
8.520000       8.850000     0.000000   -0.059200     0.0165       0.203800             -4.954490e+00         -100.00
8.520000       8.900000     0.000000   -0.058500     0.0165       0.204400             -4.953690e+00         -100.00
8.520000       8.950000     0.000000   -0.057700     0.0165       0.205200             -4.952690e+00         -100.00
8.520000       9.000000     0.000000   -0.056800     0.0165       0.206000             -4.951390e+00         -100.00
8.520000       9.050000     0.000000   -0.056000     0.0165       0.207100             -4.949990e+00         -100.00
8.520000       9.100000     0.000000   -0.055000     0.0165       0.208400             -4.948190e+00         -100.00
8.520000       9.150000     0.000000   -0.054100     0.0165       0.210000             -4.945990e+00         -100.00
8.520000       9.200000     0.000000   -0.053100     0.0165       0.212000             -4.943290e+00         -100.00
8.520000       9.250000     0.000000   -0.052000     0.0165       0.214300             -4.939890e+00         -100.00
8.520000       9.300000     0.000000   -0.051000     0.0165       0.217300             -4.935790e+00         -100.00
8.520000       9.350000     0.000000   -0.049900     0.0165       0.220900             -4.930690e+00         -100.00
8.520000       9.400000     0.000000   -0.048700     0.0165       0.225400             -4.924390e+00         -100.00
8.520000       9.450000     0.000000   -0.047500     0.0165       0.230900             -4.916590e+00         -100.00
8.520000       9.500000     0.000000   -0.048300     0.0165       0.237300             -4.907490e+00         -100.00
8.520000       9.550000     0.000000   -0.047300     0.0165       0.245700             -4.895590e+00         -100.00
8.520000       9.600000     0.000000   -0.046300     0.0165       0.256000             -4.880890e+00         -100.00
8.520000       9.650000     0.000000   -0.042300     0.0165       0.269300             -4.861890e+00         -100.00
8.540000       8.000000     0.000000   -0.068300     0.0168       0.230100             -4.926390e+00         -100.00
8.540000       8.050000     0.000000   -0.068000     0.0168       0.230100             -4.926290e+00         -100.00
8.540000       8.100000     0.000000   -0.067700     0.0168       0.230200             -4.926190e+00         -100.00
8.540000       8.150000     0.000000   -0.067400     0.0168       0.230300             -4.926090e+00         -100.00
8.540000       8.200000     0.000000   -0.067100     0.0168       0.230400             -4.925990e+00         -100.00
8.540000       8.250000     0.000000   -0.066700     0.0168       0.230500             -4.925890e+00         -100.00
8.540000       8.300000     0.000000   -0.066400     0.0168       0.230600             -4.925690e+00         -100.00
8.540000       8.350000     0.000000   -0.066000     0.0168       0.230700             -4.925490e+00         -100.00
8.540000       8.400000     0.000000   -0.065500     0.0168       0.230900             -4.925390e+00         -100.00
8.540000       8.450000     0.000000   -0.065100     0.0168       0.231000             -4.925090e+00         -100.00
8.540000       8.500000     0.000000   -0.064600     0.0168       0.231200             -4.924890e+00         -100.00
8.540000       8.550000     0.000000   -0.064100     0.0168       0.231400             -4.924590e+00         -100.00
8.540000       8.600000     0.000000   -0.063500     0.0168       0.231700             -4.924290e+00         -100.00
8.540000       8.650000     0.000000   -0.062900     0.0168       0.231900             -4.923990e+00         -100.00
8.540000       8.700000     0.000000   -0.062300     0.0168       0.232200             -4.923490e+00         -100.00
8.540000       8.750000     0.000000   -0.061700     0.0168       0.232600             -4.922990e+00         -100.00
8.540000       8.800000     0.000000   -0.061000     0.0168       0.233000             -4.922390e+00         -100.00
8.540000       8.850000     0.000000   -0.060300     0.0168       0.233600             -4.921790e+00         -100.00
8.540000       8.900000     0.000000   -0.059500     0.0168       0.234200             -4.920890e+00         -100.00
8.540000       8.950000     0.000000   -0.058700     0.0168       0.234900             -4.919890e+00         -100.00
8.540000       9.000000     0.000000   -0.057800     0.0168       0.235800             -4.918690e+00         -100.00
8.540000       9.050000     0.000000   -0.057000     0.0168       0.236800             -4.917290e+00         -100.00
8.540000       9.100000     0.000000   -0.056000     0.0168       0.238100             -4.915490e+00         -100.00
8.540000       9.150000     0.000000   -0.055100     0.0168       0.239600             -4.913290e+00         -100.00
8.540000       9.200000     0.000000   -0.054000     0.0168       0.241600             -4.910690e+00         -100.00
8.540000       9.250000     0.000000   -0.053000     0.0168       0.243900             -4.907390e+00         -100.00
8.540000       9.300000     0.000000   -0.051900     0.0168       0.246800             -4.903390e+00         -100.00
8.540000       9.350000     0.000000   -0.050800     0.0168       0.250400             -4.898390e+00         -100.00
8.540000       9.400000     0.000000   -0.049600     0.0168       0.254800             -4.892190e+00         -100.00
8.540000       9.450000     0.000000   -0.048400     0.0168       0.260200             -4.884490e+00         -100.00
8.540000       9.500000     0.000000   -0.047200     0.0168       0.266900             -4.874990e+00         -100.00
8.540000       9.550000     0.000000   -0.048200     0.0168       0.274700             -4.863890e+00         -100.00
8.540000       9.600000     0.000000   -0.047200     0.0168       0.284800             -4.849390e+00         -100.00
8.540000       9.650000     0.000000   -0.043200     0.0168       0.297900             -4.830690e+00         -100.00
8.560000       8.000000     0.000000   -0.069400     0.0171       0.259900             -4.893490e+00         -100.00
8.560000       8.050000     0.000000   -0.069100     0.0171       0.260000             -4.893390e+00         -100.00
8.560000       8.100000     0.000000   -0.068800     0.0171       0.260100             -4.893290e+00         -100.00
8.560000       8.150000     0.000000   -0.068500     0.0171       0.260200             -4.893190e+00         -100.00
8.560000       8.200000     0.000000   -0.068200     0.0171       0.260300             -4.893090e+00         -100.00
8.560000       8.250000     0.000000   -0.067800     0.0171       0.260400             -4.892990e+00         -100.00
8.560000       8.300000     0.000000   -0.067400     0.0171       0.260500             -4.892790e+00         -100.00
8.560000       8.350000     0.000000   -0.067000     0.0171       0.260600             -4.892590e+00         -100.00
8.560000       8.400000     0.000000   -0.066600     0.0171       0.260800             -4.892490e+00         -100.00
8.560000       8.450000     0.000000   -0.066100     0.0171       0.260900             -4.892190e+00         -100.00
8.560000       8.500000     0.000000   -0.065700     0.0171       0.261100             -4.891990e+00         -100.00
8.560000       8.550000     0.000000   -0.065100     0.0171       0.261300             -4.891690e+00         -100.00
8.560000       8.600000     0.000000   -0.064600     0.0171       0.261500             -4.891390e+00         -100.00
8.560000       8.650000     0.000000   -0.064000     0.0171       0.261800             -4.891090e+00         -100.00
8.560000       8.700000     0.000000   -0.063400     0.0171       0.262100             -4.890590e+00         -100.00
8.560000       8.750000     0.000000   -0.062700     0.0171       0.262500             -4.890090e+00         -100.00
8.560000       8.800000     0.000000   -0.062000     0.0171       0.262900             -4.889590e+00         -100.00
8.560000       8.850000     0.000000   -0.061300     0.0171       0.263400             -4.888890e+00         -100.00
8.560000       8.900000     0.000000   -0.060500     0.0171       0.264000             -4.888090e+00         -100.00
8.560000       8.950000     0.000000   -0.059700     0.0171       0.264700             -4.887090e+00         -100.00
8.560000       9.000000     0.000000   -0.058900     0.0171       0.265600             -4.885890e+00         -100.00
8.560000       9.050000     0.000000   -0.058000     0.0171       0.266600             -4.884490e+00         -100.00
8.560000       9.100000     0.000000   -0.057000     0.0171       0.267900             -4.882690e+00         -100.00
8.560000       9.150000     0.000000   -0.056000     0.0171       0.269400             -4.880590e+00         -100.00
8.560000       9.200000     0.000000   -0.055000     0.0171       0.271300             -4.877990e+00         -100.00
8.560000       9.250000     0.000000   -0.054000     0.0171       0.273600             -4.874790e+00         -100.00
8.560000       9.300000     0.000000   -0.052900     0.0171       0.276400             -4.870790e+00         -100.00
8.560000       9.350000     0.000000   -0.051700     0.0171       0.279900             -4.865890e+00         -100.00
8.560000       9.400000     0.000000   -0.050500     0.0171       0.284300             -4.859790e+00         -100.00
8.560000       9.450000     0.000000   -0.049300     0.0171       0.289600             -4.852190e+00         -100.00
8.560000       9.500000     0.000000   -0.048100     0.0171       0.296200             -4.842890e+00         -100.00
8.560000       9.550000     0.000000   -0.049100     0.0171       0.303800             -4.831990e+00         -100.00
8.560000       9.600000     0.000000   -0.048000     0.0171       0.313700             -4.817790e+00         -100.00
8.560000       9.650000     0.000000   -0.044000     0.0171       0.326500             -4.799390e+00         -100.00
8.580000       8.000000     0.000000   -0.070500     0.0173       0.289900             -4.860490e+00         -100.00
8.580000       8.050000     0.000000   -0.070200     0.0173       0.290000             -4.860390e+00         -100.00
8.580000       8.100000     0.000000   -0.069900     0.0173       0.290100             -4.860290e+00         -100.00
8.580000       8.150000     0.000000   -0.069600     0.0173       0.290200             -4.860190e+00         -100.00
8.580000       8.200000     0.000000   -0.069300     0.0173       0.290300             -4.860090e+00         -100.00
8.580000       8.250000     0.000000   -0.068900     0.0173       0.290400             -4.859890e+00         -100.00
8.580000       8.300000     0.000000   -0.068500     0.0173       0.290500             -4.859790e+00         -100.00
8.580000       8.350000     0.000000   -0.068100     0.0173       0.290600             -4.859590e+00         -100.00
8.580000       8.400000     0.000000   -0.067700     0.0173       0.290700             -4.859390e+00         -100.00
8.580000       8.450000     0.000000   -0.067200     0.0173       0.290900             -4.859190e+00         -100.00
8.580000       8.500000     0.000000   -0.066700     0.0173       0.291100             -4.858990e+00         -100.00
8.580000       8.550000     0.000000   -0.066200     0.0173       0.291300             -4.858690e+00         -100.00
8.580000       8.600000     0.000000   -0.065700     0.0173       0.291500             -4.858390e+00         -100.00
8.580000       8.650000     0.000000   -0.065100     0.0173       0.291800             -4.857990e+00         -100.00
8.580000       8.700000     0.000000   -0.064400     0.0173       0.292100             -4.857590e+00         -100.00
8.580000       8.750000     0.000000   -0.063800     0.0173       0.292400             -4.857090e+00         -100.00
8.580000       8.800000     0.000000   -0.063100     0.0173       0.292900             -4.856590e+00         -100.00
8.580000       8.850000     0.000000   -0.062300     0.0173       0.293400             -4.855890e+00         -100.00
8.580000       8.900000     0.000000   -0.061600     0.0173       0.294000             -4.855090e+00         -100.00
8.580000       8.950000     0.000000   -0.060700     0.0173       0.294700             -4.854090e+00         -100.00
8.580000       9.000000     0.000000   -0.059900     0.0173       0.295500             -4.852990e+00         -100.00
8.580000       9.050000     0.000000   -0.059000     0.0173       0.296500             -4.851490e+00         -100.00
8.580000       9.100000     0.000000   -0.058000     0.0173       0.297800             -4.849790e+00         -100.00
8.580000       9.150000     0.000000   -0.057000     0.0173       0.299300             -4.847690e+00         -100.00
8.580000       9.200000     0.000000   -0.056000     0.0173       0.301100             -4.845090e+00         -100.00
8.580000       9.250000     0.000000   -0.054900     0.0173       0.303400             -4.841990e+00         -100.00
8.580000       9.300000     0.000000   -0.053800     0.0173       0.306200             -4.838090e+00         -100.00
8.580000       9.350000     0.000000   -0.052700     0.0173       0.309600             -4.833190e+00         -100.00
8.580000       9.400000     0.000000   -0.051500     0.0173       0.313900             -4.827190e+00         -100.00
8.580000       9.450000     0.000000   -0.050200     0.0173       0.319100             -4.819790e+00         -100.00
8.580000       9.500000     0.000000   -0.049000     0.0173       0.325500             -4.810690e+00         -100.00
8.580000       9.550000     0.000000   -0.050000     0.0173       0.333000             -4.799990e+00         -100.00
8.580000       9.600000     0.000000   -0.048900     0.0173       0.342700             -4.785990e+00         -100.00
8.580000       9.650000     0.000000   -0.044900     0.0173       0.355300             -4.767890e+00         -100.00
8.600000       8.000000     0.000000   -0.071600     0.0176       0.320000             -4.827290e+00         -100.00
8.600000       8.050000     0.000000   -0.071400     0.0176       0.320100             -4.827190e+00         -100.00
8.600000       8.100000     0.000000   -0.071100     0.0176       0.320200             -4.827090e+00         -100.00
8.600000       8.150000     0.000000   -0.070700     0.0176       0.320300             -4.826990e+00         -100.00
8.600000       8.200000     0.000000   -0.070400     0.0176       0.320400             -4.826890e+00         -100.00
8.600000       8.250000     0.000000   -0.070000     0.0176       0.320500             -4.826790e+00         -100.00
8.600000       8.300000     0.000000   -0.069700     0.0176       0.320600             -4.826590e+00         -100.00
8.600000       8.350000     0.000000   -0.069200     0.0176       0.320700             -4.826390e+00         -100.00
8.600000       8.400000     0.000000   -0.068800     0.0176       0.320800             -4.826290e+00         -100.00
8.600000       8.450000     0.000000   -0.068300     0.0176       0.321000             -4.826090e+00         -100.00
8.600000       8.500000     0.000000   -0.067800     0.0176       0.321200             -4.825790e+00         -100.00
8.600000       8.550000     0.000000   -0.067300     0.0176       0.321400             -4.825490e+00         -100.00
8.600000       8.600000     0.000000   -0.066700     0.0176       0.321600             -4.825190e+00         -100.00
8.600000       8.650000     0.000000   -0.066200     0.0176       0.321900             -4.824890e+00         -100.00
8.600000       8.700000     0.000000   -0.065500     0.0176       0.322200             -4.824490e+00         -100.00
8.600000       8.750000     0.000000   -0.064900     0.0176       0.322500             -4.823990e+00         -100.00
8.600000       8.800000     0.000000   -0.064100     0.0176       0.322900             -4.823390e+00         -100.00
8.600000       8.850000     0.000000   -0.063400     0.0176       0.323400             -4.822790e+00         -100.00
8.600000       8.900000     0.000000   -0.062600     0.0176       0.324000             -4.821990e+00         -100.00
8.600000       8.950000     0.000000   -0.061800     0.0176       0.324700             -4.820990e+00         -100.00
8.600000       9.000000     0.000000   -0.060900     0.0176       0.325500             -4.819890e+00         -100.00
8.600000       9.050000     0.000000   -0.060000     0.0176       0.326500             -4.818490e+00         -100.00
8.600000       9.100000     0.000000   -0.059100     0.0176       0.327800             -4.816790e+00         -100.00
8.600000       9.150000     0.000000   -0.058100     0.0176       0.329200             -4.814690e+00         -100.00
8.600000       9.200000     0.000000   -0.057000     0.0176       0.331100             -4.812190e+00         -100.00
8.600000       9.250000     0.000000   -0.055900     0.0176       0.333300             -4.809090e+00         -100.00
8.600000       9.300000     0.000000   -0.054800     0.0176       0.336000             -4.805190e+00         -100.00
8.600000       9.350000     0.000000   -0.053600     0.0176       0.339400             -4.800490e+00         -100.00
8.600000       9.400000     0.000000   -0.052400     0.0176       0.343600             -4.794590e+00         -100.00
8.600000       9.450000     0.000000   -0.051200     0.0176       0.348700             -4.787290e+00         -100.00
8.600000       9.500000     0.000000   -0.049900     0.0176       0.355000             -4.778290e+00         -100.00
8.600000       9.550000     0.000000   -0.050900     0.0176       0.362300             -4.767790e+00         -100.00
8.600000       9.600000     0.000000   -0.049800     0.0176       0.371900             -4.754090e+00         -100.00
8.600000       9.650000     0.000000   -0.045800     0.0176       0.384300             -4.736290e+00         -100.00
8.620000       8.000000     0.000000   -0.072800     0.0179       0.350200             -4.793990e+00         -100.00
8.620000       8.050000     0.000000   -0.072500     0.0179       0.350300             -4.793890e+00         -100.00
8.620000       8.100000     0.000000   -0.072200     0.0179       0.350400             -4.793790e+00         -100.00
8.620000       8.150000     0.000000   -0.071900     0.0179       0.350500             -4.793690e+00         -100.00
8.620000       8.200000     0.000000   -0.071500     0.0179       0.350600             -4.793590e+00         -100.00
8.620000       8.250000     0.000000   -0.071200     0.0179       0.350700             -4.793490e+00         -100.00
8.620000       8.300000     0.000000   -0.070800     0.0179       0.350800             -4.793290e+00         -100.00
8.620000       8.350000     0.000000   -0.070400     0.0179       0.350900             -4.793190e+00         -100.00
8.620000       8.400000     0.000000   -0.069900     0.0179       0.351000             -4.792990e+00         -100.00
8.620000       8.450000     0.000000   -0.069500     0.0179       0.351200             -4.792790e+00         -100.00
8.620000       8.500000     0.000000   -0.069000     0.0179       0.351400             -4.792490e+00         -100.00
8.620000       8.550000     0.000000   -0.068400     0.0179       0.351600             -4.792290e+00         -100.00
8.620000       8.600000     0.000000   -0.067900     0.0179       0.351800             -4.791990e+00         -100.00
8.620000       8.650000     0.000000   -0.067300     0.0179       0.352100             -4.791590e+00         -100.00
8.620000       8.700000     0.000000   -0.066600     0.0179       0.352400             -4.791190e+00         -100.00
8.620000       8.750000     0.000000   -0.065900     0.0179       0.352700             -4.790690e+00         -100.00
8.620000       8.800000     0.000000   -0.065200     0.0179       0.353100             -4.790190e+00         -100.00
8.620000       8.850000     0.000000   -0.064500     0.0179       0.353600             -4.789490e+00         -100.00
8.620000       8.900000     0.000000   -0.063700     0.0179       0.354200             -4.788690e+00         -100.00
8.620000       8.950000     0.000000   -0.062900     0.0179       0.354900             -4.787790e+00         -100.00
8.620000       9.000000     0.000000   -0.062000     0.0179       0.355700             -4.786690e+00         -100.00
8.620000       9.050000     0.000000   -0.061100     0.0179       0.356700             -4.785290e+00         -100.00
8.620000       9.100000     0.000000   -0.060100     0.0179       0.357900             -4.783590e+00         -100.00
8.620000       9.150000     0.000000   -0.059100     0.0179       0.359300             -4.781590e+00         -100.00
8.620000       9.200000     0.000000   -0.058100     0.0179       0.361100             -4.779090e+00         -100.00
8.620000       9.250000     0.000000   -0.057000     0.0179       0.363300             -4.775990e+00         -100.00
8.620000       9.300000     0.000000   -0.055800     0.0179       0.366000             -4.772290e+00         -100.00
8.620000       9.350000     0.000000   -0.054600     0.0179       0.369300             -4.767590e+00         -100.00
8.620000       9.400000     0.000000   -0.053400     0.0179       0.373400             -4.761790e+00         -100.00
8.620000       9.450000     0.000000   -0.052200     0.0179       0.378400             -4.754690e+00         -100.00
8.620000       9.500000     0.000000   -0.050900     0.0179       0.384600             -4.745790e+00         -100.00
8.620000       9.550000     0.000000   -0.051800     0.0179       0.391800             -4.735490e+00         -100.00
8.620000       9.600000     0.000000   -0.050700     0.0179       0.401100             -4.721990e+00         -100.00
8.620000       9.650000     0.000000   -0.046700     0.0179       0.413300             -4.704490e+00         -100.00
8.640000       8.000000     0.000000   -0.073900     0.0181       0.380500             -4.760590e+00         -100.00
8.640000       8.050000     0.000000   -0.073700     0.0181       0.380600             -4.760490e+00         -100.00
8.640000       8.100000     0.000000   -0.073400     0.0181       0.380700             -4.760390e+00         -100.00
8.640000       8.150000     0.000000   -0.073000     0.0181       0.380800             -4.760290e+00         -100.00
8.640000       8.200000     0.000000   -0.072700     0.0181       0.380900             -4.760190e+00         -100.00
8.640000       8.250000     0.000000   -0.072300     0.0181       0.381000             -4.760090e+00         -100.00
8.640000       8.300000     0.000000   -0.071900     0.0181       0.381100             -4.759890e+00         -100.00
8.640000       8.350000     0.000000   -0.071500     0.0181       0.381200             -4.759690e+00         -100.00
8.640000       8.400000     0.000000   -0.071100     0.0181       0.381300             -4.759590e+00         -100.00
8.640000       8.450000     0.000000   -0.070600     0.0181       0.381500             -4.759390e+00         -100.00
8.640000       8.500000     0.000000   -0.070100     0.0181       0.381700             -4.759090e+00         -100.00
8.640000       8.550000     0.000000   -0.069600     0.0181       0.381900             -4.758890e+00         -100.00
8.640000       8.600000     0.000000   -0.069000     0.0181       0.382100             -4.758590e+00         -100.00
8.640000       8.650000     0.000000   -0.068400     0.0181       0.382400             -4.758190e+00         -100.00
8.640000       8.700000     0.000000   -0.067700     0.0181       0.382600             -4.757790e+00         -100.00
8.640000       8.750000     0.000000   -0.067100     0.0181       0.383000             -4.757290e+00         -100.00
8.640000       8.800000     0.000000   -0.066300     0.0181       0.383400             -4.756790e+00         -100.00
8.640000       8.850000     0.000000   -0.065600     0.0181       0.383900             -4.756090e+00         -100.00
8.640000       8.900000     0.000000   -0.064800     0.0181       0.384400             -4.755390e+00         -100.00
8.640000       8.950000     0.000000   -0.064000     0.0181       0.385100             -4.754390e+00         -100.00
8.640000       9.000000     0.000000   -0.063100     0.0181       0.385900             -4.753290e+00         -100.00
8.640000       9.050000     0.000000   -0.062100     0.0181       0.386900             -4.751990e+00         -100.00
8.640000       9.100000     0.000000   -0.061200     0.0181       0.388100             -4.750290e+00         -100.00
8.640000       9.150000     0.000000   -0.060200     0.0181       0.389500             -4.748290e+00         -100.00
8.640000       9.200000     0.000000   -0.059100     0.0181       0.391300             -4.745890e+00         -100.00
8.640000       9.250000     0.000000   -0.058000     0.0181       0.393400             -4.742890e+00         -100.00
8.640000       9.300000     0.000000   -0.056800     0.0181       0.396000             -4.739090e+00         -100.00
8.640000       9.350000     0.000000   -0.055600     0.0181       0.399300             -4.734590e+00         -100.00
8.640000       9.400000     0.000000   -0.054400     0.0181       0.403300             -4.728890e+00         -100.00
8.640000       9.450000     0.000000   -0.053100     0.0181       0.408200             -4.721890e+00         -100.00
8.640000       9.500000     0.000000   -0.051800     0.0181       0.414300             -4.713190e+00         -100.00
8.640000       9.550000     0.000000   -0.052800     0.0181       0.421300             -4.702990e+00         -100.00
8.640000       9.600000     0.000000   -0.051700     0.0181       0.430500             -4.689790e+00         -100.00
8.640000       9.650000     0.000000   -0.047600     0.0181       0.442400             -4.672590e+00         -100.00
8.660000       8.000000     0.000000   -0.075100     0.0184       0.410900             -4.727090e+00         -100.00
8.660000       8.050000     0.000000   -0.074800     0.0184       0.411000             -4.726990e+00         -100.00
8.660000       8.100000     0.000000   -0.074500     0.0184       0.411100             -4.726890e+00         -100.00
8.660000       8.150000     0.000000   -0.074200     0.0184       0.411200             -4.726790e+00         -100.00
8.660000       8.200000     0.000000   -0.073900     0.0184       0.411300             -4.726590e+00         -100.00
8.660000       8.250000     0.000000   -0.073500     0.0184       0.411400             -4.726490e+00         -100.00
8.660000       8.300000     0.000000   -0.073100     0.0184       0.411500             -4.726390e+00         -100.00
8.660000       8.350000     0.000000   -0.072700     0.0184       0.411600             -4.726190e+00         -100.00
8.660000       8.400000     0.000000   -0.072200     0.0184       0.411700             -4.725990e+00         -100.00
8.660000       8.450000     0.000000   -0.071800     0.0184       0.411900             -4.725790e+00         -100.00
8.660000       8.500000     0.000000   -0.071200     0.0184       0.412100             -4.725590e+00         -100.00
8.660000       8.550000     0.000000   -0.070700     0.0184       0.412300             -4.725290e+00         -100.00
8.660000       8.600000     0.000000   -0.070100     0.0184       0.412500             -4.724990e+00         -100.00
8.660000       8.650000     0.000000   -0.069500     0.0184       0.412700             -4.724690e+00         -100.00
8.660000       8.700000     0.000000   -0.068900     0.0184       0.413000             -4.724290e+00         -100.00
8.660000       8.750000     0.000000   -0.068200     0.0184       0.413400             -4.723790e+00         -100.00
8.660000       8.800000     0.000000   -0.067500     0.0184       0.413800             -4.723290e+00         -100.00
8.660000       8.850000     0.000000   -0.066700     0.0184       0.414300             -4.722590e+00         -100.00
8.660000       8.900000     0.000000   -0.065900     0.0184       0.414800             -4.721890e+00         -100.00
8.660000       8.950000     0.000000   -0.065100     0.0184       0.415500             -4.720990e+00         -100.00
8.660000       9.000000     0.000000   -0.064200     0.0184       0.416300             -4.719890e+00         -100.00
8.660000       9.050000     0.000000   -0.063200     0.0184       0.417200             -4.718490e+00         -100.00
8.660000       9.100000     0.000000   -0.062300     0.0184       0.418400             -4.716890e+00         -100.00
8.660000       9.150000     0.000000   -0.061200     0.0184       0.419800             -4.714890e+00         -100.00
8.660000       9.200000     0.000000   -0.060200     0.0184       0.421500             -4.712490e+00         -100.00
8.660000       9.250000     0.000000   -0.059000     0.0184       0.423600             -4.709590e+00         -100.00
8.660000       9.300000     0.000000   -0.057900     0.0184       0.426200             -4.705890e+00         -100.00
8.660000       9.350000     0.000000   -0.056700     0.0184       0.429400             -4.701390e+00         -100.00
8.660000       9.400000     0.000000   -0.055400     0.0184       0.433300             -4.695790e+00         -100.00
8.660000       9.450000     0.000000   -0.054100     0.0184       0.438200             -4.688890e+00         -100.00
8.660000       9.500000     0.000000   -0.052800     0.0184       0.444100             -4.680390e+00         -100.00
8.660000       9.550000     0.000000   -0.053800     0.0184       0.451000             -4.670390e+00         -100.00
8.660000       9.600000     0.000000   -0.052600     0.0184       0.460000             -4.657390e+00         -100.00
8.660000       9.650000     0.000000   -0.051500     0.0184       0.471100             -4.641390e+00         -100.00
8.680000       8.000000     0.000000   -0.076300     0.0187       0.441400             -4.693390e+00         -100.00
8.680000       8.050000     0.000000   -0.076000     0.0187       0.441500             -4.693290e+00         -100.00
8.680000       8.100000     0.000000   -0.075700     0.0187       0.441600             -4.693190e+00         -100.00
8.680000       8.150000     0.000000   -0.075400     0.0187       0.441700             -4.693090e+00         -100.00
8.680000       8.200000     0.000000   -0.075100     0.0187       0.441800             -4.692990e+00         -100.00
8.680000       8.250000     0.000000   -0.074700     0.0187       0.441900             -4.692790e+00         -100.00
8.680000       8.300000     0.000000   -0.074300     0.0187       0.442000             -4.692690e+00         -100.00
8.680000       8.350000     0.000000   -0.073900     0.0187       0.442100             -4.692490e+00         -100.00
8.680000       8.400000     0.000000   -0.073400     0.0187       0.442200             -4.692290e+00         -100.00
8.680000       8.450000     0.000000   -0.072900     0.0187       0.442400             -4.692090e+00         -100.00
8.680000       8.500000     0.000000   -0.072400     0.0187       0.442600             -4.691890e+00         -100.00
8.680000       8.550000     0.000000   -0.071900     0.0187       0.442800             -4.691690e+00         -100.00
8.680000       8.600000     0.000000   -0.071300     0.0187       0.443000             -4.691390e+00         -100.00
8.680000       8.650000     0.000000   -0.070700     0.0187       0.443200             -4.690990e+00         -100.00
8.680000       8.700000     0.000000   -0.070000     0.0187       0.443500             -4.690590e+00         -100.00
8.680000       8.750000     0.000000   -0.069300     0.0187       0.443900             -4.690190e+00         -100.00
8.680000       8.800000     0.000000   -0.068600     0.0187       0.444300             -4.689590e+00         -100.00
8.680000       8.850000     0.000000   -0.067800     0.0187       0.444700             -4.688990e+00         -100.00
8.680000       8.900000     0.000000   -0.067000     0.0187       0.445300             -4.688190e+00         -100.00
8.680000       8.950000     0.000000   -0.066200     0.0187       0.445900             -4.687290e+00         -100.00
8.680000       9.000000     0.000000   -0.065300     0.0187       0.446700             -4.686290e+00         -100.00
8.680000       9.050000     0.000000   -0.064300     0.0187       0.447600             -4.684990e+00         -100.00
8.680000       9.100000     0.000000   -0.063300     0.0187       0.448800             -4.683390e+00         -100.00
8.680000       9.150000     0.000000   -0.062300     0.0187       0.450200             -4.681390e+00         -100.00
8.680000       9.200000     0.000000   -0.061200     0.0187       0.451900             -4.679090e+00         -100.00
8.680000       9.250000     0.000000   -0.060100     0.0187       0.453900             -4.676090e+00         -100.00
8.680000       9.300000     0.000000   -0.058900     0.0187       0.456500             -4.672490e+00         -100.00
8.680000       9.350000     0.000000   -0.057700     0.0187       0.459600             -4.668090e+00         -100.00
8.680000       9.400000     0.000000   -0.056400     0.0187       0.463400             -4.662590e+00         -100.00
8.680000       9.450000     0.000000   -0.055100     0.0187       0.468200             -4.655890e+00         -100.00
8.680000       9.500000     0.000000   -0.053800     0.0187       0.474000             -4.647490e+00         -100.00
8.680000       9.550000     0.000000   -0.054700     0.0187       0.480800             -4.637690e+00         -100.00
8.680000       9.600000     0.000000   -0.053600     0.0187       0.489600             -4.624990e+00         -100.00
8.680000       9.650000     0.000000   -0.052400     0.0187       0.500400             -4.609190e+00         -100.00
8.700000       8.000000     0.000000   -0.077500     0.0190       0.472100             -4.659590e+00         -100.00
8.700000       8.050000     0.000000   -0.077200     0.0190       0.472100             -4.659490e+00         -100.00
8.700000       8.100000     0.000000   -0.076900     0.0190       0.472200             -4.659390e+00         -100.00
8.700000       8.150000     0.000000   -0.076600     0.0190       0.472300             -4.659290e+00         -100.00
8.700000       8.200000     0.000000   -0.076300     0.0190       0.472400             -4.659190e+00         -100.00
8.700000       8.250000     0.000000   -0.075900     0.0190       0.472500             -4.658990e+00         -100.00
8.700000       8.300000     0.000000   -0.075500     0.0190       0.472600             -4.658890e+00         -100.00
8.700000       8.350000     0.000000   -0.075100     0.0190       0.472700             -4.658690e+00         -100.00
8.700000       8.400000     0.000000   -0.074600     0.0190       0.472800             -4.658590e+00         -100.00
8.700000       8.450000     0.000000   -0.074100     0.0190       0.473000             -4.658290e+00         -100.00
8.700000       8.500000     0.000000   -0.073600     0.0190       0.473200             -4.658090e+00         -100.00
8.700000       8.550000     0.000000   -0.073100     0.0190       0.473400             -4.657890e+00         -100.00
8.700000       8.600000     0.000000   -0.072500     0.0190       0.473600             -4.657590e+00         -100.00
8.700000       8.650000     0.000000   -0.071900     0.0190       0.473800             -4.657190e+00         -100.00
8.700000       8.700000     0.000000   -0.071200     0.0190       0.474100             -4.656790e+00         -100.00
8.700000       8.750000     0.000000   -0.070500     0.0190       0.474500             -4.656390e+00         -100.00
8.700000       8.800000     0.000000   -0.069800     0.0190       0.474800             -4.655890e+00         -100.00
8.700000       8.850000     0.000000   -0.069000     0.0190       0.475300             -4.655190e+00         -100.00
8.700000       8.900000     0.000000   -0.068200     0.0190       0.475800             -4.654490e+00         -100.00
8.700000       8.950000     0.000000   -0.067300     0.0190       0.476500             -4.653590e+00         -100.00
8.700000       9.000000     0.000000   -0.066400     0.0190       0.477300             -4.652490e+00         -100.00
8.700000       9.050000     0.000000   -0.065500     0.0190       0.478200             -4.651190e+00         -100.00
8.700000       9.100000     0.000000   -0.064500     0.0190       0.479300             -4.649690e+00         -100.00
8.700000       9.150000     0.000000   -0.063400     0.0190       0.480700             -4.647790e+00         -100.00
8.700000       9.200000     0.000000   -0.062300     0.0190       0.482300             -4.645390e+00         -100.00
8.700000       9.250000     0.000000   -0.061200     0.0190       0.484300             -4.642590e+00         -100.00
8.700000       9.300000     0.000000   -0.060000     0.0190       0.486800             -4.638990e+00         -100.00
8.700000       9.350000     0.000000   -0.058800     0.0190       0.489900             -4.634690e+00         -100.00
8.700000       9.400000     0.000000   -0.057500     0.0190       0.493700             -4.629290e+00         -100.00
8.700000       9.450000     0.000000   -0.056200     0.0190       0.498300             -4.622690e+00         -100.00
8.700000       9.500000     0.000000   -0.054800     0.0190       0.504000             -4.614390e+00         -100.00
8.700000       9.550000     0.000000   -0.053400     0.0190       0.511100             -4.604190e+00         -100.00
8.700000       9.600000     0.000000   -0.054600     0.0190       0.519300             -4.592290e+00         -100.00
8.700000       9.650000     0.000000   -0.053400     0.0190       0.529900             -4.576790e+00         -100.00
8.720000       8.000000     0.000000   -0.078800     0.0193       0.502800             -4.625690e+00         -100.00
8.720000       8.050000     0.000000   -0.078500     0.0193       0.502800             -4.625590e+00         -100.00
8.720000       8.100000     0.000000   -0.078200     0.0193       0.502900             -4.625490e+00         -100.00
8.720000       8.150000     0.000000   -0.077800     0.0193       0.503000             -4.625390e+00         -100.00
8.720000       8.200000     0.000000   -0.077500     0.0193       0.503100             -4.625190e+00         -100.00
8.720000       8.250000     0.000000   -0.077100     0.0193       0.503200             -4.625090e+00         -100.00
8.720000       8.300000     0.000000   -0.076700     0.0193       0.503300             -4.624990e+00         -100.00
8.720000       8.350000     0.000000   -0.076300     0.0193       0.503400             -4.624790e+00         -100.00
8.720000       8.400000     0.000000   -0.075800     0.0193       0.503500             -4.624590e+00         -100.00
8.720000       8.450000     0.000000   -0.075300     0.0193       0.503700             -4.624390e+00         -100.00
8.720000       8.500000     0.000000   -0.074800     0.0193       0.503900             -4.624190e+00         -100.00
8.720000       8.550000     0.000000   -0.074300     0.0193       0.504100             -4.623890e+00         -100.00
8.720000       8.600000     0.000000   -0.073700     0.0193       0.504300             -4.623690e+00         -100.00
8.720000       8.650000     0.000000   -0.073100     0.0193       0.504500             -4.623290e+00         -100.00
8.720000       8.700000     0.000000   -0.072400     0.0193       0.504800             -4.622890e+00         -100.00
8.720000       8.750000     0.000000   -0.071700     0.0193       0.505100             -4.622490e+00         -100.00
8.720000       8.800000     0.000000   -0.071000     0.0193       0.505500             -4.621990e+00         -100.00
8.720000       8.850000     0.000000   -0.070200     0.0193       0.506000             -4.621290e+00         -100.00
8.720000       8.900000     0.000000   -0.069400     0.0193       0.506500             -4.620590e+00         -100.00
8.720000       8.950000     0.000000   -0.068500     0.0193       0.507100             -4.619690e+00         -100.00
8.720000       9.000000     0.000000   -0.067600     0.0193       0.507900             -4.618690e+00         -100.00
8.720000       9.050000     0.000000   -0.066600     0.0193       0.508800             -4.617390e+00         -100.00
8.720000       9.100000     0.000000   -0.065600     0.0193       0.509900             -4.615890e+00         -100.00
8.720000       9.150000     0.000000   -0.064500     0.0193       0.511200             -4.613990e+00         -100.00
8.720000       9.200000     0.000000   -0.063400     0.0193       0.512900             -4.611690e+00         -100.00
8.720000       9.250000     0.000000   -0.062300     0.0193       0.514800             -4.608890e+00         -100.00
8.720000       9.300000     0.000000   -0.061100     0.0193       0.517300             -4.605390e+00         -100.00
8.720000       9.350000     0.000000   -0.059900     0.0193       0.520300             -4.601090e+00         -100.00
8.720000       9.400000     0.000000   -0.058600     0.0193       0.524000             -4.595890e+00         -100.00
8.720000       9.450000     0.000000   -0.057200     0.0193       0.528500             -4.589290e+00         -100.00
8.720000       9.500000     0.000000   -0.055800     0.0193       0.534200             -4.581190e+00         -100.00
8.720000       9.550000     0.000000   -0.054400     0.0193       0.541100             -4.571190e+00         -100.00
8.720000       9.600000     0.000000   -0.055600     0.0193       0.549100             -4.559490e+00         -100.00
8.720000       9.650000     0.000000   -0.054400     0.0193       0.559500             -4.544290e+00         -100.00
8.740000       8.000000     0.000000   -0.080000     0.0196       0.533500             -4.591590e+00         -100.00
8.740000       8.050000     0.000000   -0.079700     0.0196       0.533600             -4.591490e+00         -100.00
8.740000       8.100000     0.000000   -0.079400     0.0196       0.533700             -4.591390e+00         -100.00
8.740000       8.150000     0.000000   -0.079100     0.0196       0.533800             -4.591290e+00         -100.00
8.740000       8.200000     0.000000   -0.078700     0.0196       0.533900             -4.591190e+00         -100.00
8.740000       8.250000     0.000000   -0.078400     0.0196       0.534000             -4.591090e+00         -100.00
8.740000       8.300000     0.000000   -0.078000     0.0196       0.534100             -4.590890e+00         -100.00
8.740000       8.350000     0.000000   -0.077500     0.0196       0.534200             -4.590790e+00         -100.00
8.740000       8.400000     0.000000   -0.077100     0.0196       0.534300             -4.590590e+00         -100.00
8.740000       8.450000     0.000000   -0.076600     0.0196       0.534500             -4.590390e+00         -100.00
8.740000       8.500000     0.000000   -0.076000     0.0196       0.534700             -4.590190e+00         -100.00
8.740000       8.550000     0.000000   -0.075500     0.0196       0.534800             -4.589890e+00         -100.00
8.740000       8.600000     0.000000   -0.074900     0.0196       0.535100             -4.589590e+00         -100.00
8.740000       8.650000     0.000000   -0.074300     0.0196       0.535300             -4.589290e+00         -100.00
8.740000       8.700000     0.000000   -0.073600     0.0196       0.535600             -4.588890e+00         -100.00
8.740000       8.750000     0.000000   -0.072900     0.0196       0.535900             -4.588490e+00         -100.00
8.740000       8.800000     0.000000   -0.072200     0.0196       0.536300             -4.587890e+00         -100.00
8.740000       8.850000     0.000000   -0.071400     0.0196       0.536700             -4.587290e+00         -100.00
8.740000       8.900000     0.000000   -0.070500     0.0196       0.537300             -4.586590e+00         -100.00
8.740000       8.950000     0.000000   -0.069700     0.0196       0.537900             -4.585690e+00         -100.00
8.740000       9.000000     0.000000   -0.068700     0.0196       0.538600             -4.584690e+00         -100.00
8.740000       9.050000     0.000000   -0.067800     0.0196       0.539500             -4.583490e+00         -100.00
8.740000       9.100000     0.000000   -0.066800     0.0196       0.540600             -4.581890e+00         -100.00
8.740000       9.150000     0.000000   -0.065700     0.0196       0.541900             -4.580090e+00         -100.00
8.740000       9.200000     0.000000   -0.064600     0.0196       0.543500             -4.577790e+00         -100.00
8.740000       9.250000     0.000000   -0.063400     0.0196       0.545500             -4.575090e+00         -100.00
8.740000       9.300000     0.000000   -0.062200     0.0196       0.547800             -4.571690e+00         -100.00
8.740000       9.350000     0.000000   -0.060900     0.0196       0.550800             -4.567490e+00         -100.00
8.740000       9.400000     0.000000   -0.059600     0.0196       0.554400             -4.562290e+00         -100.00
8.740000       9.450000     0.000000   -0.058300     0.0196       0.558900             -4.555890e+00         -100.00
8.740000       9.500000     0.000000   -0.056900     0.0196       0.564400             -4.547890e+00         -100.00
8.740000       9.550000     0.000000   -0.055500     0.0196       0.571200             -4.538090e+00         -100.00
8.740000       9.600000     0.000000   -0.056600     0.0196       0.579000             -4.526590e+00         -100.00
8.740000       9.650000     0.000000   -0.055400     0.0196       0.589200             -4.511690e+00         -100.00
8.760000       8.000000     0.000000   -0.081300     0.0199       0.564400             -4.557390e+00         -100.00
8.760000       8.050000     0.000000   -0.081000     0.0199       0.564500             -4.557290e+00         -100.00
8.760000       8.100000     0.000000   -0.080700     0.0199       0.564600             -4.557190e+00         -100.00
8.760000       8.150000     0.000000   -0.080400     0.0199       0.564700             -4.557090e+00         -100.00
8.760000       8.200000     0.000000   -0.080000     0.0199       0.564800             -4.556990e+00         -100.00
8.760000       8.250000     0.000000   -0.079600     0.0199       0.564900             -4.556890e+00         -100.00
8.760000       8.300000     0.000000   -0.079200     0.0199       0.565000             -4.556690e+00         -100.00
8.760000       8.350000     0.000000   -0.078800     0.0199       0.565100             -4.556590e+00         -100.00
8.760000       8.400000     0.000000   -0.078300     0.0199       0.565200             -4.556390e+00         -100.00
8.760000       8.450000     0.000000   -0.077800     0.0199       0.565400             -4.556190e+00         -100.00
8.760000       8.500000     0.000000   -0.077300     0.0199       0.565500             -4.555990e+00         -100.00
8.760000       8.550000     0.000000   -0.076700     0.0199       0.565700             -4.555690e+00         -100.00
8.760000       8.600000     0.000000   -0.076100     0.0199       0.565900             -4.555390e+00         -100.00
8.760000       8.650000     0.000000   -0.075500     0.0199       0.566200             -4.555090e+00         -100.00
8.760000       8.700000     0.000000   -0.074800     0.0199       0.566500             -4.554690e+00         -100.00
8.760000       8.750000     0.000000   -0.074100     0.0199       0.566800             -4.554290e+00         -100.00
8.760000       8.800000     0.000000   -0.073400     0.0199       0.567200             -4.553790e+00         -100.00
8.760000       8.850000     0.000000   -0.072600     0.0199       0.567600             -4.553190e+00         -100.00
8.760000       8.900000     0.000000   -0.071700     0.0199       0.568100             -4.552490e+00         -100.00
8.760000       8.950000     0.000000   -0.070900     0.0199       0.568700             -4.551590e+00         -100.00
8.760000       9.000000     0.000000   -0.069900     0.0199       0.569500             -4.550590e+00         -100.00
8.760000       9.050000     0.000000   -0.069000     0.0199       0.570300             -4.549390e+00         -100.00
8.760000       9.100000     0.000000   -0.067900     0.0199       0.571400             -4.547890e+00         -100.00
8.760000       9.150000     0.000000   -0.066900     0.0199       0.572700             -4.546090e+00         -100.00
8.760000       9.200000     0.000000   -0.065700     0.0199       0.574200             -4.543790e+00         -100.00
8.760000       9.250000     0.000000   -0.064600     0.0199       0.576200             -4.541090e+00         -100.00
8.760000       9.300000     0.000000   -0.063300     0.0199       0.578500             -4.537790e+00         -100.00
8.760000       9.350000     0.000000   -0.062100     0.0199       0.581400             -4.533690e+00         -100.00
8.760000       9.400000     0.000000   -0.060700     0.0199       0.584900             -4.528590e+00         -100.00
8.760000       9.450000     0.000000   -0.059400     0.0199       0.589300             -4.522290e+00         -100.00
8.760000       9.500000     0.000000   -0.058000     0.0199       0.594700             -4.514490e+00         -100.00
8.760000       9.550000     0.000000   -0.056500     0.0199       0.601300             -4.504790e+00         -100.00
8.760000       9.600000     0.000000   -0.057600     0.0199       0.609000             -4.493590e+00         -100.00
8.760000       9.650000     0.000000   -0.056400     0.0199       0.619000             -4.478890e+00         -100.00
8.780000       8.000000     0.000000   -0.082600     0.0202       0.595400             -4.523090e+00         -100.00
8.780000       8.050000     0.000000   -0.082300     0.0202       0.595500             -4.522990e+00         -100.00
8.780000       8.100000     0.000000   -0.082000     0.0202       0.595600             -4.522890e+00         -100.00
8.780000       8.150000     0.000000   -0.081700     0.0202       0.595600             -4.522790e+00         -100.00
8.780000       8.200000     0.000000   -0.081300     0.0202       0.595700             -4.522690e+00         -100.00
8.780000       8.250000     0.000000   -0.080900     0.0202       0.595800             -4.522590e+00         -100.00
8.780000       8.300000     0.000000   -0.080500     0.0202       0.595900             -4.522390e+00         -100.00
8.780000       8.350000     0.000000   -0.080100     0.0202       0.596100             -4.522290e+00         -100.00
8.780000       8.400000     0.000000   -0.079600     0.0202       0.596200             -4.522090e+00         -100.00
8.780000       8.450000     0.000000   -0.079100     0.0202       0.596300             -4.521890e+00         -100.00
8.780000       8.500000     0.000000   -0.078600     0.0202       0.596500             -4.521690e+00         -100.00
8.780000       8.550000     0.000000   -0.078000     0.0202       0.596700             -4.521390e+00         -100.00
8.780000       8.600000     0.000000   -0.077400     0.0202       0.596900             -4.521090e+00         -100.00
8.780000       8.650000     0.000000   -0.076800     0.0202       0.597100             -4.520790e+00         -100.00
8.780000       8.700000     0.000000   -0.076100     0.0202       0.597400             -4.520390e+00         -100.00
8.780000       8.750000     0.000000   -0.075400     0.0202       0.597700             -4.519990e+00         -100.00
8.780000       8.800000     0.000000   -0.074600     0.0202       0.598100             -4.519490e+00         -100.00
8.780000       8.850000     0.000000   -0.073800     0.0202       0.598500             -4.518890e+00         -100.00
8.780000       8.900000     0.000000   -0.073000     0.0202       0.599100             -4.518190e+00         -100.00
8.780000       8.950000     0.000000   -0.072100     0.0202       0.599700             -4.517390e+00         -100.00
8.780000       9.000000     0.000000   -0.071100     0.0202       0.600400             -4.516390e+00         -100.00
8.780000       9.050000     0.000000   -0.070200     0.0202       0.601200             -4.515190e+00         -100.00
8.780000       9.100000     0.000000   -0.069100     0.0202       0.602300             -4.513690e+00         -100.00
8.780000       9.150000     0.000000   -0.068000     0.0202       0.603500             -4.511890e+00         -100.00
8.780000       9.200000     0.000000   -0.066900     0.0202       0.605100             -4.509690e+00         -100.00
8.780000       9.250000     0.000000   -0.065700     0.0202       0.606900             -4.506990e+00         -100.00
8.780000       9.300000     0.000000   -0.064500     0.0202       0.609200             -4.503790e+00         -100.00
8.780000       9.350000     0.000000   -0.063200     0.0202       0.612100             -4.499690e+00         -100.00
8.780000       9.400000     0.000000   -0.061900     0.0202       0.615500             -4.494690e+00         -100.00
8.780000       9.450000     0.000000   -0.060500     0.0202       0.619800             -4.488490e+00         -100.00
8.780000       9.500000     0.000000   -0.059100     0.0202       0.625100             -4.480890e+00         -100.00
8.780000       9.550000     0.000000   -0.057600     0.0202       0.631600             -4.471390e+00         -100.00
8.780000       9.600000     0.000000   -0.058700     0.0202       0.639100             -4.460390e+00         -100.00
8.780000       9.650000     0.000000   -0.057500     0.0202       0.648900             -4.445990e+00         -100.00
8.800000       8.000000     0.000000   -0.083900     0.0205       0.626500             -4.488690e+00         -100.00
8.800000       8.050000     0.000000   -0.083600     0.0205       0.626600             -4.488590e+00         -100.00
8.800000       8.100000     0.000000   -0.083300     0.0205       0.626600             -4.488490e+00         -100.00
8.800000       8.150000     0.000000   -0.083000     0.0205       0.626700             -4.488390e+00         -100.00
8.800000       8.200000     0.000000   -0.082600     0.0205       0.626800             -4.488290e+00         -100.00
8.800000       8.250000     0.000000   -0.082200     0.0205       0.626900             -4.488090e+00         -100.00
8.800000       8.300000     0.000000   -0.081800     0.0205       0.627000             -4.487990e+00         -100.00
8.800000       8.350000     0.000000   -0.081400     0.0205       0.627100             -4.487790e+00         -100.00
8.800000       8.400000     0.000000   -0.080900     0.0205       0.627300             -4.487690e+00         -100.00
8.800000       8.450000     0.000000   -0.080400     0.0205       0.627400             -4.487490e+00         -100.00
8.800000       8.500000     0.000000   -0.079900     0.0205       0.627600             -4.487290e+00         -100.00
8.800000       8.550000     0.000000   -0.079300     0.0205       0.627800             -4.486990e+00         -100.00
8.800000       8.600000     0.000000   -0.078700     0.0205       0.628000             -4.486690e+00         -100.00
8.800000       8.650000     0.000000   -0.078000     0.0205       0.628200             -4.486390e+00         -100.00
8.800000       8.700000     0.000000   -0.077400     0.0205       0.628500             -4.485990e+00         -100.00
8.800000       8.750000     0.000000   -0.076600     0.0205       0.628800             -4.485590e+00         -100.00
8.800000       8.800000     0.000000   -0.075900     0.0205       0.629200             -4.485090e+00         -100.00
8.800000       8.850000     0.000000   -0.075100     0.0205       0.629600             -4.484490e+00         -100.00
8.800000       8.900000     0.000000   -0.074200     0.0205       0.630100             -4.483790e+00         -100.00
8.800000       8.950000     0.000000   -0.073300     0.0205       0.630700             -4.482990e+00         -100.00
8.800000       9.000000     0.000000   -0.072400     0.0205       0.631400             -4.481990e+00         -100.00
8.800000       9.050000     0.000000   -0.071400     0.0205       0.632200             -4.480790e+00         -100.00
8.800000       9.100000     0.000000   -0.070300     0.0205       0.633300             -4.479390e+00         -100.00
8.800000       9.150000     0.000000   -0.069200     0.0205       0.634500             -4.477590e+00         -100.00
8.800000       9.200000     0.000000   -0.068100     0.0205       0.636000             -4.475490e+00         -100.00
8.800000       9.250000     0.000000   -0.066900     0.0205       0.637800             -4.472790e+00         -100.00
8.800000       9.300000     0.000000   -0.065600     0.0205       0.640100             -4.469590e+00         -100.00
8.800000       9.350000     0.000000   -0.064400     0.0205       0.642800             -4.465590e+00         -100.00
8.800000       9.400000     0.000000   -0.063000     0.0205       0.646300             -4.460690e+00         -100.00
8.800000       9.450000     0.000000   -0.061600     0.0205       0.650400             -4.454690e+00         -100.00
8.800000       9.500000     0.000000   -0.060200     0.0205       0.655600             -4.447090e+00         -100.00
8.800000       9.550000     0.000000   -0.058700     0.0205       0.662000             -4.437890e+00         -100.00
8.800000       9.600000     0.000000   -0.059800     0.0205       0.669300             -4.426990e+00         -100.00
8.800000       9.650000     0.000000   -0.058500     0.0205       0.678900             -4.412890e+00         -100.00
8.820000       8.000000     0.000000   -0.085200     0.0208       0.657600             -4.454090e+00         -100.00
8.820000       8.050000     0.000000   -0.085000     0.0208       0.657700             -4.453990e+00         -100.00
8.820000       8.100000     0.000000   -0.084600     0.0208       0.657800             -4.453890e+00         -100.00
8.820000       8.150000     0.000000   -0.084300     0.0208       0.657900             -4.453790e+00         -100.00
8.820000       8.200000     0.000000   -0.083900     0.0208       0.658000             -4.453690e+00         -100.00
8.820000       8.250000     0.000000   -0.083500     0.0208       0.658100             -4.453590e+00         -100.00
8.820000       8.300000     0.000000   -0.083100     0.0208       0.658200             -4.453390e+00         -100.00
8.820000       8.350000     0.000000   -0.082700     0.0208       0.658300             -4.453290e+00         -100.00
8.820000       8.400000     0.000000   -0.082200     0.0208       0.658400             -4.453090e+00         -100.00
8.820000       8.450000     0.000000   -0.081700     0.0208       0.658600             -4.452890e+00         -100.00
8.820000       8.500000     0.000000   -0.081200     0.0208       0.658700             -4.452690e+00         -100.00
8.820000       8.550000     0.000000   -0.080600     0.0208       0.658900             -4.452490e+00         -100.00
8.820000       8.600000     0.000000   -0.080000     0.0208       0.659100             -4.452190e+00         -100.00
8.820000       8.650000     0.000000   -0.079300     0.0208       0.659300             -4.451890e+00         -100.00
8.820000       8.700000     0.000000   -0.078700     0.0208       0.659600             -4.451490e+00         -100.00
8.820000       8.750000     0.000000   -0.077900     0.0208       0.659900             -4.451090e+00         -100.00
8.820000       8.800000     0.000000   -0.077200     0.0208       0.660300             -4.450590e+00         -100.00
8.820000       8.850000     0.000000   -0.076300     0.0208       0.660700             -4.449990e+00         -100.00
8.820000       8.900000     0.000000   -0.075500     0.0208       0.661200             -4.449290e+00         -100.00
8.820000       8.950000     0.000000   -0.074600     0.0208       0.661800             -4.448490e+00         -100.00
8.820000       9.000000     0.000000   -0.073600     0.0208       0.662500             -4.447490e+00         -100.00
8.820000       9.050000     0.000000   -0.072600     0.0208       0.663300             -4.446290e+00         -100.00
8.820000       9.100000     0.000000   -0.071600     0.0208       0.664300             -4.444890e+00         -100.00
8.820000       9.150000     0.000000   -0.070500     0.0208       0.665500             -4.443190e+00         -100.00
8.820000       9.200000     0.000000   -0.069300     0.0208       0.667000             -4.441090e+00         -100.00
8.820000       9.250000     0.000000   -0.068100     0.0208       0.668800             -4.438490e+00         -100.00
8.820000       9.300000     0.000000   -0.066800     0.0208       0.671000             -4.435290e+00         -100.00
8.820000       9.350000     0.000000   -0.065500     0.0208       0.673700             -4.431390e+00         -100.00
8.820000       9.400000     0.000000   -0.064200     0.0208       0.677000             -4.426590e+00         -100.00
8.820000       9.450000     0.000000   -0.062800     0.0208       0.681200             -4.420690e+00         -100.00
8.820000       9.500000     0.000000   -0.061300     0.0208       0.686200             -4.413290e+00         -100.00
8.820000       9.550000     0.000000   -0.059800     0.0208       0.692400             -4.404190e+00         -100.00
8.820000       9.600000     0.000000   -0.060900     0.0208       0.699600             -4.393590e+00         -100.00
8.820000       9.650000     0.000000   -0.059600     0.0208       0.709000             -4.379690e+00         -100.00
8.840000       8.000000     0.000000   -0.086600     0.0211       0.688900             -4.419390e+00         -100.00
8.840000       8.050000     0.000000   -0.086300     0.0211       0.688900             -4.419290e+00         -100.00
8.840000       8.100000     0.000000   -0.086000     0.0211       0.689000             -4.419190e+00         -100.00
8.840000       8.150000     0.000000   -0.085600     0.0211       0.689100             -4.419090e+00         -100.00
8.840000       8.200000     0.000000   -0.085300     0.0211       0.689200             -4.418990e+00         -100.00
8.840000       8.250000     0.000000   -0.084900     0.0211       0.689300             -4.418890e+00         -100.00
8.840000       8.300000     0.000000   -0.084500     0.0211       0.689400             -4.418790e+00         -100.00
8.840000       8.350000     0.000000   -0.084000     0.0211       0.689500             -4.418590e+00         -100.00
8.840000       8.400000     0.000000   -0.083500     0.0211       0.689600             -4.418390e+00         -100.00
8.840000       8.450000     0.000000   -0.083000     0.0211       0.689800             -4.418190e+00         -100.00
8.840000       8.500000     0.000000   -0.082500     0.0211       0.690000             -4.417990e+00         -100.00
8.840000       8.550000     0.000000   -0.081900     0.0211       0.690100             -4.417790e+00         -100.00
8.840000       8.600000     0.000000   -0.081300     0.0211       0.690300             -4.417490e+00         -100.00
8.840000       8.650000     0.000000   -0.080700     0.0211       0.690600             -4.417190e+00         -100.00
8.840000       8.700000     0.000000   -0.080000     0.0211       0.690800             -4.416790e+00         -100.00
8.840000       8.750000     0.000000   -0.079200     0.0211       0.691100             -4.416390e+00         -100.00
8.840000       8.800000     0.000000   -0.078500     0.0211       0.691500             -4.415890e+00         -100.00
8.840000       8.850000     0.000000   -0.077600     0.0211       0.691900             -4.415290e+00         -100.00
8.840000       8.900000     0.000000   -0.076800     0.0211       0.692400             -4.414690e+00         -100.00
8.840000       8.950000     0.000000   -0.075900     0.0211       0.693000             -4.413890e+00         -100.00
8.840000       9.000000     0.000000   -0.074900     0.0211       0.693700             -4.412890e+00         -100.00
8.840000       9.050000     0.000000   -0.073900     0.0211       0.694500             -4.411690e+00         -100.00
8.840000       9.100000     0.000000   -0.072800     0.0211       0.695500             -4.410290e+00         -100.00
8.840000       9.150000     0.000000   -0.071700     0.0211       0.696700             -4.408690e+00         -100.00
8.840000       9.200000     0.000000   -0.070500     0.0211       0.698100             -4.406590e+00         -100.00
8.840000       9.250000     0.000000   -0.069300     0.0211       0.699900             -4.403990e+00         -100.00
8.840000       9.300000     0.000000   -0.068000     0.0211       0.702000             -4.400890e+00         -100.00
8.840000       9.350000     0.000000   -0.066700     0.0211       0.704700             -4.397090e+00         -100.00
8.840000       9.400000     0.000000   -0.065300     0.0211       0.707900             -4.392390e+00         -100.00
8.840000       9.450000     0.000000   -0.063900     0.0211       0.712000             -4.386490e+00         -100.00
8.840000       9.500000     0.000000   -0.062400     0.0211       0.716900             -4.379290e+00         -100.00
8.840000       9.550000     0.000000   -0.060900     0.0211       0.723000             -4.370390e+00         -100.00
8.840000       9.600000     0.000000   -0.059400     0.0211       0.730500             -4.359290e+00         -100.00
8.840000       9.650000     0.000000   -0.060700     0.0211       0.739200             -4.346390e+00         -100.00
8.860000       8.000000     0.000000   -0.088000     0.0214       0.720200             -4.384590e+00         -100.00
8.860000       8.050000     0.000000   -0.087700     0.0214       0.720300             -4.384490e+00         -100.00
8.860000       8.100000     0.000000   -0.087400     0.0214       0.720300             -4.384390e+00         -100.00
8.860000       8.150000     0.000000   -0.087000     0.0214       0.720400             -4.384290e+00         -100.00
8.860000       8.200000     0.000000   -0.086600     0.0214       0.720500             -4.384190e+00         -100.00
8.860000       8.250000     0.000000   -0.086300     0.0214       0.720600             -4.384090e+00         -100.00
8.860000       8.300000     0.000000   -0.085800     0.0214       0.720700             -4.383990e+00         -100.00
8.860000       8.350000     0.000000   -0.085400     0.0214       0.720800             -4.383790e+00         -100.00
8.860000       8.400000     0.000000   -0.084900     0.0214       0.721000             -4.383590e+00         -100.00
8.860000       8.450000     0.000000   -0.084400     0.0214       0.721100             -4.383390e+00         -100.00
8.860000       8.500000     0.000000   -0.083800     0.0214       0.721300             -4.383190e+00         -100.00
8.860000       8.550000     0.000000   -0.083300     0.0214       0.721400             -4.382990e+00         -100.00
8.860000       8.600000     0.000000   -0.082600     0.0214       0.721700             -4.382690e+00         -100.00
8.860000       8.650000     0.000000   -0.082000     0.0214       0.721900             -4.382390e+00         -100.00
8.860000       8.700000     0.000000   -0.081300     0.0214       0.722100             -4.381990e+00         -100.00
8.860000       8.750000     0.000000   -0.080600     0.0214       0.722400             -4.381590e+00         -100.00
8.860000       8.800000     0.000000   -0.079800     0.0214       0.722800             -4.381090e+00         -100.00
8.860000       8.850000     0.000000   -0.079000     0.0214       0.723200             -4.380590e+00         -100.00
8.860000       8.900000     0.000000   -0.078100     0.0214       0.723700             -4.379890e+00         -100.00
8.860000       8.950000     0.000000   -0.077200     0.0214       0.724200             -4.379090e+00         -100.00
8.860000       9.000000     0.000000   -0.076200     0.0214       0.724900             -4.378190e+00         -100.00
8.860000       9.050000     0.000000   -0.075200     0.0214       0.725700             -4.376990e+00         -100.00
8.860000       9.100000     0.000000   -0.074100     0.0214       0.726700             -4.375690e+00         -100.00
8.860000       9.150000     0.000000   -0.073000     0.0214       0.727900             -4.373990e+00         -100.00
8.860000       9.200000     0.000000   -0.071800     0.0214       0.729300             -4.371990e+00         -100.00
8.860000       9.250000     0.000000   -0.070600     0.0214       0.731000             -4.369490e+00         -100.00
8.860000       9.300000     0.000000   -0.069300     0.0214       0.733100             -4.366390e+00         -100.00
8.860000       9.350000     0.000000   -0.067900     0.0214       0.735700             -4.362590e+00         -100.00
8.860000       9.400000     0.000000   -0.066500     0.0214       0.738900             -4.357990e+00         -100.00
8.860000       9.450000     0.000000   -0.065100     0.0214       0.742800             -4.352290e+00         -100.00
8.860000       9.500000     0.000000   -0.063600     0.0214       0.747700             -4.345190e+00         -100.00
8.860000       9.550000     0.000000   -0.062100     0.0214       0.753600             -4.336390e+00         -100.00
8.860000       9.600000     0.000000   -0.060500     0.0214       0.761000             -4.325590e+00         -100.00
8.860000       9.650000     0.000000   -0.061800     0.0214       0.769500             -4.312890e+00         -100.00
8.880000       8.000000     0.000000   -0.089400     0.0217       0.751600             -4.349690e+00         -100.00
8.880000       8.050000     0.000000   -0.089100     0.0217       0.751700             -4.349590e+00         -100.00
8.880000       8.100000     0.000000   -0.088800     0.0217       0.751800             -4.349490e+00         -100.00
8.880000       8.150000     0.000000   -0.088400     0.0217       0.751800             -4.349390e+00         -100.00
8.880000       8.200000     0.000000   -0.088000     0.0217       0.751900             -4.349290e+00         -100.00
8.880000       8.250000     0.000000   -0.087600     0.0217       0.752000             -4.349190e+00         -100.00
8.880000       8.300000     0.000000   -0.087200     0.0217       0.752100             -4.348990e+00         -100.00
8.880000       8.350000     0.000000   -0.086800     0.0217       0.752200             -4.348890e+00         -100.00
8.880000       8.400000     0.000000   -0.086300     0.0217       0.752400             -4.348690e+00         -100.00
8.880000       8.450000     0.000000   -0.085800     0.0217       0.752500             -4.348490e+00         -100.00
8.880000       8.500000     0.000000   -0.085200     0.0217       0.752700             -4.348290e+00         -100.00
8.880000       8.550000     0.000000   -0.084600     0.0217       0.752800             -4.348090e+00         -100.00
8.880000       8.600000     0.000000   -0.084000     0.0217       0.753000             -4.347790e+00         -100.00
8.880000       8.650000     0.000000   -0.083400     0.0217       0.753300             -4.347490e+00         -100.00
8.880000       8.700000     0.000000   -0.082700     0.0217       0.753500             -4.347090e+00         -100.00
8.880000       8.750000     0.000000   -0.081900     0.0217       0.753800             -4.346690e+00         -100.00
8.880000       8.800000     0.000000   -0.081100     0.0217       0.754200             -4.346190e+00         -100.00
8.880000       8.850000     0.000000   -0.080300     0.0217       0.754600             -4.345690e+00         -100.00
8.880000       8.900000     0.000000   -0.079400     0.0217       0.755100             -4.344990e+00         -100.00
8.880000       8.950000     0.000000   -0.078500     0.0217       0.755600             -4.344190e+00         -100.00
8.880000       9.000000     0.000000   -0.077500     0.0217       0.756300             -4.343290e+00         -100.00
8.880000       9.050000     0.000000   -0.076500     0.0217       0.757100             -4.342190e+00         -100.00
8.880000       9.100000     0.000000   -0.075400     0.0217       0.758000             -4.340790e+00         -100.00
8.880000       9.150000     0.000000   -0.074200     0.0217       0.759200             -4.339190e+00         -100.00
8.880000       9.200000     0.000000   -0.073100     0.0217       0.760500             -4.337190e+00         -100.00
8.880000       9.250000     0.000000   -0.071800     0.0217       0.762200             -4.334690e+00         -100.00
8.880000       9.300000     0.000000   -0.070500     0.0217       0.764300             -4.331690e+00         -100.00
8.880000       9.350000     0.000000   -0.069200     0.0217       0.766800             -4.328090e+00         -100.00
8.880000       9.400000     0.000000   -0.067800     0.0217       0.770000             -4.323490e+00         -100.00
8.880000       9.450000     0.000000   -0.066300     0.0217       0.773800             -4.317890e+00         -100.00
8.880000       9.500000     0.000000   -0.064800     0.0217       0.778500             -4.310890e+00         -100.00
8.880000       9.550000     0.000000   -0.063300     0.0217       0.784400             -4.302290e+00         -100.00
8.880000       9.600000     0.000000   -0.061700     0.0217       0.791600             -4.291690e+00         -100.00
8.880000       9.650000     0.000000   -0.062900     0.0217       0.799800             -4.279290e+00         -100.00
8.900000       8.000000     0.000000   -0.090800     0.0221       0.783100             -4.314590e+00         -100.00
8.900000       8.050000     0.000000   -0.090500     0.0221       0.783200             -4.314590e+00         -100.00
8.900000       8.100000     0.000000   -0.090200     0.0221       0.783200             -4.314490e+00         -100.00
8.900000       8.150000     0.000000   -0.089800     0.0221       0.783300             -4.314390e+00         -100.00
8.900000       8.200000     0.000000   -0.089500     0.0221       0.783400             -4.314190e+00         -100.00
8.900000       8.250000     0.000000   -0.089100     0.0221       0.783500             -4.314090e+00         -100.00
8.900000       8.300000     0.000000   -0.088600     0.0221       0.783600             -4.313990e+00         -100.00
8.900000       8.350000     0.000000   -0.088200     0.0221       0.783700             -4.313790e+00         -100.00
8.900000       8.400000     0.000000   -0.087700     0.0221       0.783800             -4.313690e+00         -100.00
8.900000       8.450000     0.000000   -0.087200     0.0221       0.784000             -4.313490e+00         -100.00
8.900000       8.500000     0.000000   -0.086600     0.0221       0.784100             -4.313290e+00         -100.00
8.900000       8.550000     0.000000   -0.086000     0.0221       0.784300             -4.312990e+00         -100.00
8.900000       8.600000     0.000000   -0.085400     0.0221       0.784500             -4.312690e+00         -100.00
8.900000       8.650000     0.000000   -0.084700     0.0221       0.784700             -4.312390e+00         -100.00
8.900000       8.700000     0.000000   -0.084000     0.0221       0.785000             -4.312090e+00         -100.00
8.900000       8.750000     0.000000   -0.083300     0.0221       0.785300             -4.311690e+00         -100.00
8.900000       8.800000     0.000000   -0.082500     0.0221       0.785600             -4.311190e+00         -100.00
8.900000       8.850000     0.000000   -0.081600     0.0221       0.786000             -4.310690e+00         -100.00
8.900000       8.900000     0.000000   -0.080800     0.0221       0.786500             -4.309990e+00         -100.00
8.900000       8.950000     0.000000   -0.079800     0.0221       0.787000             -4.309190e+00         -100.00
8.900000       9.000000     0.000000   -0.078800     0.0221       0.787700             -4.308290e+00         -100.00
8.900000       9.050000     0.000000   -0.077800     0.0221       0.788500             -4.307190e+00         -100.00
8.900000       9.100000     0.000000   -0.076700     0.0221       0.789400             -4.305890e+00         -100.00
8.900000       9.150000     0.000000   -0.075600     0.0221       0.790500             -4.304290e+00         -100.00
8.900000       9.200000     0.000000   -0.074400     0.0221       0.791900             -4.302290e+00         -100.00
8.900000       9.250000     0.000000   -0.073100     0.0221       0.793500             -4.299890e+00         -100.00
8.900000       9.300000     0.000000   -0.071800     0.0221       0.795600             -4.296990e+00         -100.00
8.900000       9.350000     0.000000   -0.070400     0.0221       0.798100             -4.293290e+00         -100.00
8.900000       9.400000     0.000000   -0.069000     0.0221       0.801100             -4.288890e+00         -100.00
8.900000       9.450000     0.000000   -0.067500     0.0221       0.804900             -4.283390e+00         -100.00
8.900000       9.500000     0.000000   -0.066000     0.0221       0.809500             -4.276490e+00         -100.00
8.900000       9.550000     0.000000   -0.064400     0.0221       0.815200             -4.268090e+00         -100.00
8.900000       9.600000     0.000000   -0.062800     0.0221       0.822200             -4.257690e+00         -100.00
8.900000       9.650000     0.000000   -0.064100     0.0221       0.830300             -4.245490e+00         -100.00
8.920000       8.000000     0.000000   -0.092200     0.0224       0.814700             -4.279490e+00         -100.00
8.920000       8.050000     0.000000   -0.091900     0.0224       0.814700             -4.279390e+00         -100.00
8.920000       8.100000     0.000000   -0.091600     0.0224       0.814800             -4.279290e+00         -100.00
8.920000       8.150000     0.000000   -0.091300     0.0224       0.814900             -4.279190e+00         -100.00
8.920000       8.200000     0.000000   -0.090900     0.0224       0.815000             -4.279090e+00         -100.00
8.920000       8.250000     0.000000   -0.090500     0.0224       0.815100             -4.278890e+00         -100.00
8.920000       8.300000     0.000000   -0.090100     0.0224       0.815200             -4.278790e+00         -100.00
8.920000       8.350000     0.000000   -0.089600     0.0224       0.815300             -4.278590e+00         -100.00
8.920000       8.400000     0.000000   -0.089100     0.0224       0.815400             -4.278490e+00         -100.00
8.920000       8.450000     0.000000   -0.088600     0.0224       0.815500             -4.278290e+00         -100.00
8.920000       8.500000     0.000000   -0.088000     0.0224       0.815700             -4.278090e+00         -100.00
8.920000       8.550000     0.000000   -0.087400     0.0224       0.815900             -4.277790e+00         -100.00
8.920000       8.600000     0.000000   -0.086800     0.0224       0.816100             -4.277590e+00         -100.00
8.920000       8.650000     0.000000   -0.086100     0.0224       0.816300             -4.277290e+00         -100.00
8.920000       8.700000     0.000000   -0.085400     0.0224       0.816500             -4.276890e+00         -100.00
8.920000       8.750000     0.000000   -0.084700     0.0224       0.816800             -4.276490e+00         -100.00
8.920000       8.800000     0.000000   -0.083900     0.0224       0.817200             -4.276090e+00         -100.00
8.920000       8.850000     0.000000   -0.083000     0.0224       0.817600             -4.275490e+00         -100.00
8.920000       8.900000     0.000000   -0.082100     0.0224       0.818000             -4.274890e+00         -100.00
8.920000       8.950000     0.000000   -0.081200     0.0224       0.818600             -4.274090e+00         -100.00
8.920000       9.000000     0.000000   -0.080200     0.0224       0.819200             -4.273190e+00         -100.00
8.920000       9.050000     0.000000   -0.079100     0.0224       0.820000             -4.272090e+00         -100.00
8.920000       9.100000     0.000000   -0.078000     0.0224       0.820900             -4.270790e+00         -100.00
8.920000       9.150000     0.000000   -0.076900     0.0224       0.822000             -4.269190e+00         -100.00
8.920000       9.200000     0.000000   -0.075700     0.0224       0.823300             -4.267290e+00         -100.00
8.920000       9.250000     0.000000   -0.074400     0.0224       0.824900             -4.264990e+00         -100.00
8.920000       9.300000     0.000000   -0.073100     0.0224       0.826900             -4.262090e+00         -100.00
8.920000       9.350000     0.000000   -0.071700     0.0224       0.829400             -4.258490e+00         -100.00
8.920000       9.400000     0.000000   -0.070300     0.0224       0.832300             -4.254090e+00         -100.00
8.920000       9.450000     0.000000   -0.068800     0.0224       0.836000             -4.248690e+00         -100.00
8.920000       9.500000     0.000000   -0.067200     0.0224       0.840500             -4.241990e+00         -100.00
8.920000       9.550000     0.000000   -0.065700     0.0224       0.846100             -4.233690e+00         -100.00
8.920000       9.600000     0.000000   -0.064000     0.0224       0.853000             -4.223490e+00         -100.00
8.920000       9.650000     0.000000   -0.065300     0.0224       0.860900             -4.211590e+00         -100.00
8.940000       8.000000     0.000000   -0.093700     0.0228       0.846300             -4.244190e+00         -100.00
8.940000       8.050000     0.000000   -0.093400     0.0228       0.846400             -4.244090e+00         -100.00
8.940000       8.100000     0.000000   -0.093100     0.0228       0.846400             -4.243990e+00         -100.00
8.940000       8.150000     0.000000   -0.092700     0.0228       0.846500             -4.243890e+00         -100.00
8.940000       8.200000     0.000000   -0.092300     0.0228       0.846600             -4.243790e+00         -100.00
8.940000       8.250000     0.000000   -0.091900     0.0228       0.846700             -4.243590e+00         -100.00
8.940000       8.300000     0.000000   -0.091500     0.0228       0.846800             -4.243490e+00         -100.00
8.940000       8.350000     0.000000   -0.091100     0.0228       0.846900             -4.243390e+00         -100.00
8.940000       8.400000     0.000000   -0.090600     0.0228       0.847000             -4.243190e+00         -100.00
8.940000       8.450000     0.000000   -0.090000     0.0228       0.847200             -4.242990e+00         -100.00
8.940000       8.500000     0.000000   -0.089500     0.0228       0.847300             -4.242790e+00         -100.00
8.940000       8.550000     0.000000   -0.088900     0.0228       0.847500             -4.242590e+00         -100.00
8.940000       8.600000     0.000000   -0.088200     0.0228       0.847700             -4.242290e+00         -100.00
8.940000       8.650000     0.000000   -0.087600     0.0228       0.847900             -4.241990e+00         -100.00
8.940000       8.700000     0.000000   -0.086800     0.0228       0.848200             -4.241690e+00         -100.00
8.940000       8.750000     0.000000   -0.086100     0.0228       0.848500             -4.241290e+00         -100.00
8.940000       8.800000     0.000000   -0.085300     0.0228       0.848800             -4.240790e+00         -100.00
8.940000       8.850000     0.000000   -0.084400     0.0228       0.849200             -4.240290e+00         -100.00
8.940000       8.900000     0.000000   -0.083500     0.0228       0.849600             -4.239590e+00         -100.00
8.940000       8.950000     0.000000   -0.082600     0.0228       0.850100             -4.238890e+00         -100.00
8.940000       9.000000     0.000000   -0.081600     0.0228       0.850800             -4.237990e+00         -100.00
8.940000       9.050000     0.000000   -0.080500     0.0228       0.851500             -4.236890e+00         -100.00
8.940000       9.100000     0.000000   -0.079400     0.0228       0.852400             -4.235590e+00         -100.00
8.940000       9.150000     0.000000   -0.078200     0.0228       0.853500             -4.234090e+00         -100.00
8.940000       9.200000     0.000000   -0.077000     0.0228       0.854800             -4.232190e+00         -100.00
8.940000       9.250000     0.000000   -0.075700     0.0228       0.856400             -4.229890e+00         -100.00
8.940000       9.300000     0.000000   -0.074400     0.0228       0.858300             -4.226990e+00         -100.00
8.940000       9.350000     0.000000   -0.073000     0.0228       0.860700             -4.223490e+00         -100.00
8.940000       9.400000     0.000000   -0.071600     0.0228       0.863600             -4.219190e+00         -100.00
8.940000       9.450000     0.000000   -0.070100     0.0228       0.867200             -4.213890e+00         -100.00
8.940000       9.500000     0.000000   -0.068500     0.0228       0.871700             -4.207390e+00         -100.00
8.940000       9.550000     0.000000   -0.066900     0.0228       0.877100             -4.199290e+00         -100.00
8.940000       9.600000     0.000000   -0.065200     0.0228       0.883800             -4.189190e+00         -100.00
8.940000       9.650000     0.000000   -0.066500     0.0228       0.891600             -4.177590e+00         -100.00
8.960000       8.000000     0.000000   -0.095200     0.0231       0.878000             -4.208790e+00         -100.00
8.960000       8.050000     0.000000   -0.094900     0.0231       0.878100             -4.208690e+00         -100.00
8.960000       8.100000     0.000000   -0.094600     0.0231       0.878100             -4.208590e+00         -100.00
8.960000       8.150000     0.000000   -0.094200     0.0231       0.878200             -4.208490e+00         -100.00
8.960000       8.200000     0.000000   -0.093800     0.0231       0.878300             -4.208390e+00         -100.00
8.960000       8.250000     0.000000   -0.093400     0.0231       0.878400             -4.208190e+00         -100.00
8.960000       8.300000     0.000000   -0.093000     0.0231       0.878500             -4.208090e+00         -100.00
8.960000       8.350000     0.000000   -0.092500     0.0231       0.878600             -4.207890e+00         -100.00
8.960000       8.400000     0.000000   -0.092000     0.0231       0.878700             -4.207790e+00         -100.00
8.960000       8.450000     0.000000   -0.091500     0.0231       0.878900             -4.207590e+00         -100.00
8.960000       8.500000     0.000000   -0.090900     0.0231       0.879000             -4.207390e+00         -100.00
8.960000       8.550000     0.000000   -0.090300     0.0231       0.879200             -4.207190e+00         -100.00
8.960000       8.600000     0.000000   -0.089700     0.0231       0.879400             -4.206890e+00         -100.00
8.960000       8.650000     0.000000   -0.089000     0.0231       0.879600             -4.206590e+00         -100.00
8.960000       8.700000     0.000000   -0.088300     0.0231       0.879900             -4.206290e+00         -100.00
8.960000       8.750000     0.000000   -0.087500     0.0231       0.880100             -4.205890e+00         -100.00
8.960000       8.800000     0.000000   -0.086700     0.0231       0.880500             -4.205390e+00         -100.00
8.960000       8.850000     0.000000   -0.085800     0.0231       0.880800             -4.204890e+00         -100.00
8.960000       8.900000     0.000000   -0.084900     0.0231       0.881300             -4.204290e+00         -100.00
8.960000       8.950000     0.000000   -0.084000     0.0231       0.881800             -4.203490e+00         -100.00
8.960000       9.000000     0.000000   -0.083000     0.0231       0.882400             -4.202590e+00         -100.00
8.960000       9.050000     0.000000   -0.081900     0.0231       0.883200             -4.201590e+00         -100.00
8.960000       9.100000     0.000000   -0.080800     0.0231       0.884000             -4.200290e+00         -100.00
8.960000       9.150000     0.000000   -0.079600     0.0231       0.885100             -4.198790e+00         -100.00
8.960000       9.200000     0.000000   -0.078400     0.0231       0.886400             -4.196890e+00         -100.00
8.960000       9.250000     0.000000   -0.077100     0.0231       0.887900             -4.194690e+00         -100.00
8.960000       9.300000     0.000000   -0.075700     0.0231       0.889800             -4.191890e+00         -100.00
8.960000       9.350000     0.000000   -0.074300     0.0231       0.892200             -4.188490e+00         -100.00
8.960000       9.400000     0.000000   -0.072900     0.0231       0.895000             -4.184190e+00         -100.00
8.960000       9.450000     0.000000   -0.071300     0.0231       0.898500             -4.178990e+00         -100.00
8.960000       9.500000     0.000000   -0.069800     0.0231       0.902900             -4.172590e+00         -100.00
8.960000       9.550000     0.000000   -0.068100     0.0231       0.908200             -4.164690e+00         -100.00
8.960000       9.600000     0.000000   -0.066500     0.0231       0.914800             -4.154790e+00         -100.00
8.960000       9.650000     0.000000   -0.067700     0.0231       0.922300             -4.143390e+00         -100.00
8.980000       8.000000     0.000000   -0.096700     0.0235       0.909800             -4.173190e+00         -100.00
8.980000       8.050000     0.000000   -0.096400     0.0235       0.909800             -4.173090e+00         -100.00
8.980000       8.100000     0.000000   -0.096100     0.0235       0.909900             -4.172990e+00         -100.00
8.980000       8.150000     0.000000   -0.095700     0.0235       0.910000             -4.172890e+00         -100.00
8.980000       8.200000     0.000000   -0.095300     0.0235       0.910100             -4.172790e+00         -100.00
8.980000       8.250000     0.000000   -0.094900     0.0235       0.910200             -4.172690e+00         -100.00
8.980000       8.300000     0.000000   -0.094500     0.0235       0.910300             -4.172590e+00         -100.00
8.980000       8.350000     0.000000   -0.094000     0.0235       0.910400             -4.172390e+00         -100.00
8.980000       8.400000     0.000000   -0.093500     0.0235       0.910500             -4.172290e+00         -100.00
8.980000       8.450000     0.000000   -0.093000     0.0235       0.910600             -4.172090e+00         -100.00
8.980000       8.500000     0.000000   -0.092400     0.0235       0.910800             -4.171890e+00         -100.00
8.980000       8.550000     0.000000   -0.091800     0.0235       0.911000             -4.171590e+00         -100.00
8.980000       8.600000     0.000000   -0.091200     0.0235       0.911200             -4.171390e+00         -100.00
8.980000       8.650000     0.000000   -0.090500     0.0235       0.911400             -4.171090e+00         -100.00
8.980000       8.700000     0.000000   -0.089800     0.0235       0.911600             -4.170690e+00         -100.00
8.980000       8.750000     0.000000   -0.089000     0.0235       0.911900             -4.170390e+00         -100.00
8.980000       8.800000     0.000000   -0.088200     0.0235       0.912200             -4.169890e+00         -100.00
8.980000       8.850000     0.000000   -0.087300     0.0235       0.912600             -4.169390e+00         -100.00
8.980000       8.900000     0.000000   -0.086400     0.0235       0.913000             -4.168790e+00         -100.00
8.980000       8.950000     0.000000   -0.085400     0.0235       0.913500             -4.167990e+00         -100.00
8.980000       9.000000     0.000000   -0.084400     0.0235       0.914200             -4.167190e+00         -100.00
8.980000       9.050000     0.000000   -0.083300     0.0235       0.914900             -4.166090e+00         -100.00
8.980000       9.100000     0.000000   -0.082200     0.0235       0.915700             -4.164890e+00         -100.00
8.980000       9.150000     0.000000   -0.081000     0.0235       0.916800             -4.163390e+00         -100.00
8.980000       9.200000     0.000000   -0.079800     0.0235       0.918000             -4.161590e+00         -100.00
8.980000       9.250000     0.000000   -0.078400     0.0235       0.919600             -4.159290e+00         -100.00
8.980000       9.300000     0.000000   -0.077100     0.0235       0.921400             -4.156590e+00         -100.00
8.980000       9.350000     0.000000   -0.075700     0.0235       0.923700             -4.153190e+00         -100.00
8.980000       9.400000     0.000000   -0.074200     0.0235       0.926500             -4.149090e+00         -100.00
8.980000       9.450000     0.000000   -0.072700     0.0235       0.929900             -4.143990e+00         -100.00
8.980000       9.500000     0.000000   -0.071100     0.0235       0.934200             -4.137690e+00         -100.00
8.980000       9.550000     0.000000   -0.069400     0.0235       0.939400             -4.129890e+00         -100.00
8.980000       9.600000     0.000000   -0.067700     0.0235       0.945800             -4.120290e+00         -100.00
8.980000       9.650000     0.000000   -0.068900     0.0235       0.953100             -4.109090e+00         -100.00
9.000000       8.000000     0.000000   -0.098300     0.0238       0.941600             -4.137590e+00         -100.00
9.000000       8.050000     0.000000   -0.097900     0.0238       0.941700             -4.137490e+00         -100.00
9.000000       8.100000     0.000000   -0.097600     0.0238       0.941800             -4.137390e+00         -100.00
9.000000       8.150000     0.000000   -0.097200     0.0238       0.941800             -4.137290e+00         -100.00
9.000000       8.200000     0.000000   -0.096900     0.0238       0.941900             -4.137190e+00         -100.00
9.000000       8.250000     0.000000   -0.096500     0.0238       0.942000             -4.137090e+00         -100.00
9.000000       8.300000     0.000000   -0.096000     0.0238       0.942100             -4.136890e+00         -100.00
9.000000       8.350000     0.000000   -0.095500     0.0238       0.942200             -4.136790e+00         -100.00
9.000000       8.400000     0.000000   -0.095000     0.0238       0.942400             -4.136590e+00         -100.00
9.000000       8.450000     0.000000   -0.094500     0.0238       0.942500             -4.136390e+00         -100.00
9.000000       8.500000     0.000000   -0.093900     0.0238       0.942600             -4.136190e+00         -100.00
9.000000       8.550000     0.000000   -0.093300     0.0238       0.942800             -4.135990e+00         -100.00
9.000000       8.600000     0.000000   -0.092700     0.0238       0.943000             -4.135690e+00         -100.00
9.000000       8.650000     0.000000   -0.092000     0.0238       0.943200             -4.135390e+00         -100.00
9.000000       8.700000     0.000000   -0.091200     0.0238       0.943500             -4.135090e+00         -100.00
9.000000       8.750000     0.000000   -0.090500     0.0238       0.943700             -4.134690e+00         -100.00
9.000000       8.800000     0.000000   -0.089600     0.0238       0.944100             -4.134290e+00         -100.00
9.000000       8.850000     0.000000   -0.088800     0.0238       0.944400             -4.133790e+00         -100.00
9.000000       8.900000     0.000000   -0.087800     0.0238       0.944800             -4.133190e+00         -100.00
9.000000       8.950000     0.000000   -0.086900     0.0238       0.945400             -4.132390e+00         -100.00
9.000000       9.000000     0.000000   -0.085800     0.0238       0.945900             -4.131590e+00         -100.00
9.000000       9.050000     0.000000   -0.084800     0.0238       0.946700             -4.130590e+00         -100.00
9.000000       9.100000     0.000000   -0.083600     0.0238       0.947500             -4.129390e+00         -100.00
9.000000       9.150000     0.000000   -0.082400     0.0238       0.948500             -4.127890e+00         -100.00
9.000000       9.200000     0.000000   -0.081200     0.0238       0.949700             -4.126090e+00         -100.00
9.000000       9.250000     0.000000   -0.079800     0.0238       0.951200             -4.123890e+00         -100.00
9.000000       9.300000     0.000000   -0.078500     0.0238       0.953100             -4.121190e+00         -100.00
9.000000       9.350000     0.000000   -0.077000     0.0238       0.955300             -4.117890e+00         -100.00
9.000000       9.400000     0.000000   -0.075500     0.0238       0.958000             -4.113890e+00         -100.00
9.000000       9.450000     0.000000   -0.074000     0.0238       0.961400             -4.108890e+00         -100.00
9.000000       9.500000     0.000000   -0.072400     0.0238       0.965500             -4.102690e+00         -100.00
9.000000       9.550000     0.000000   -0.070700     0.0238       0.970600             -4.095090e+00         -100.00
9.000000       9.600000     0.000000   -0.069000     0.0238       0.976900             -4.085590e+00         -100.00
9.000000       9.650000     0.000000   -0.067200     0.0238       0.984600             -4.073990e+00         -100.00
9.020000       8.000000     0.000000   -0.099800     0.0242       0.973500             -4.101790e+00         -100.00
9.020000       8.050000     0.000000   -0.099500     0.0242       0.973600             -4.101690e+00         -100.00
9.020000       8.100000     0.000000   -0.099200     0.0242       0.973700             -4.101590e+00         -100.00
9.020000       8.150000     0.000000   -0.098800     0.0242       0.973800             -4.101490e+00         -100.00
9.020000       8.200000     0.000000   -0.098400     0.0242       0.973800             -4.101390e+00         -100.00
9.020000       8.250000     0.000000   -0.098000     0.0242       0.973900             -4.101290e+00         -100.00
9.020000       8.300000     0.000000   -0.097600     0.0242       0.974000             -4.101190e+00         -100.00
9.020000       8.350000     0.000000   -0.097100     0.0242       0.974100             -4.100990e+00         -100.00
9.020000       8.400000     0.000000   -0.096600     0.0242       0.974300             -4.100790e+00         -100.00
9.020000       8.450000     0.000000   -0.096000     0.0242       0.974400             -4.100690e+00         -100.00
9.020000       8.500000     0.000000   -0.095500     0.0242       0.974600             -4.100490e+00         -100.00
9.020000       8.550000     0.000000   -0.094800     0.0242       0.974700             -4.100190e+00         -100.00
9.020000       8.600000     0.000000   -0.094200     0.0242       0.974900             -4.099990e+00         -100.00
9.020000       8.650000     0.000000   -0.093500     0.0242       0.975100             -4.099690e+00         -100.00
9.020000       8.700000     0.000000   -0.092800     0.0242       0.975400             -4.099390e+00         -100.00
9.020000       8.750000     0.000000   -0.092000     0.0242       0.975600             -4.098990e+00         -100.00
9.020000       8.800000     0.000000   -0.091100     0.0242       0.975900             -4.098490e+00         -100.00
9.020000       8.850000     0.000000   -0.090300     0.0242       0.976300             -4.097990e+00         -100.00
9.020000       8.900000     0.000000   -0.089300     0.0242       0.976700             -4.097390e+00         -100.00
9.020000       8.950000     0.000000   -0.088300     0.0242       0.977200             -4.096690e+00         -100.00
9.020000       9.000000     0.000000   -0.087300     0.0242       0.977800             -4.095890e+00         -100.00
9.020000       9.050000     0.000000   -0.086200     0.0242       0.978500             -4.094890e+00         -100.00
9.020000       9.100000     0.000000   -0.085100     0.0242       0.979300             -4.093690e+00         -100.00
9.020000       9.150000     0.000000   -0.083900     0.0242       0.980300             -4.092190e+00         -100.00
9.020000       9.200000     0.000000   -0.082600     0.0242       0.981500             -4.090490e+00         -100.00
9.020000       9.250000     0.000000   -0.081300     0.0242       0.983000             -4.088290e+00         -100.00
9.020000       9.300000     0.000000   -0.079900     0.0242       0.984800             -4.085690e+00         -100.00
9.020000       9.350000     0.000000   -0.078400     0.0242       0.987000             -4.082490e+00         -100.00
9.020000       9.400000     0.000000   -0.076900     0.0242       0.989600             -4.078490e+00         -100.00
9.020000       9.450000     0.000000   -0.075300     0.0242       0.992900             -4.073590e+00         -100.00
9.020000       9.500000     0.000000   -0.073700     0.0242       0.996900             -4.067490e+00         -100.00
9.020000       9.550000     0.000000   -0.072000     0.0242       1.001900             -4.060090e+00         -100.00
9.020000       9.600000     0.000000   -0.070300     0.0242       1.008100             -4.050790e+00         -100.00
9.020000       9.650000     0.000000   -0.068500     0.0242       1.015600             -4.039390e+00         -100.00
9.040000       8.000000     0.000000   -0.101400     0.0246       1.005500             -4.065890e+00         -100.00
9.040000       8.050000     0.000000   -0.101100     0.0246       1.005600             -4.065790e+00         -100.00
9.040000       8.100000     0.000000   -0.100700     0.0246       1.005700             -4.065690e+00         -100.00
9.040000       8.150000     0.000000   -0.100400     0.0246       1.005700             -4.065590e+00         -100.00
9.040000       8.200000     0.000000   -0.100000     0.0246       1.005800             -4.065490e+00         -100.00
9.040000       8.250000     0.000000   -0.099600     0.0246       1.005900             -4.065390e+00         -100.00
9.040000       8.300000     0.000000   -0.099100     0.0246       1.006000             -4.065290e+00         -100.00
9.040000       8.350000     0.000000   -0.098700     0.0246       1.006100             -4.065090e+00         -100.00
9.040000       8.400000     0.000000   -0.098100     0.0246       1.006200             -4.064990e+00         -100.00
9.040000       8.450000     0.000000   -0.097600     0.0246       1.006400             -4.064790e+00         -100.00
9.040000       8.500000     0.000000   -0.097000     0.0246       1.006500             -4.064590e+00         -100.00
9.040000       8.550000     0.000000   -0.096400     0.0246       1.006700             -4.064390e+00         -100.00
9.040000       8.600000     0.000000   -0.095700     0.0246       1.006900             -4.064090e+00         -100.00
9.040000       8.650000     0.000000   -0.095000     0.0246       1.007100             -4.063790e+00         -100.00
9.040000       8.700000     0.000000   -0.094300     0.0246       1.007300             -4.063490e+00         -100.00
9.040000       8.750000     0.000000   -0.093500     0.0246       1.007600             -4.063090e+00         -100.00
9.040000       8.800000     0.000000   -0.092700     0.0246       1.007900             -4.062690e+00         -100.00
9.040000       8.850000     0.000000   -0.091800     0.0246       1.008300             -4.062190e+00         -100.00
9.040000       8.900000     0.000000   -0.090800     0.0246       1.008700             -4.061590e+00         -100.00
9.040000       8.950000     0.000000   -0.089800     0.0246       1.009200             -4.060890e+00         -100.00
9.040000       9.000000     0.000000   -0.088800     0.0246       1.009700             -4.060090e+00         -100.00
9.040000       9.050000     0.000000   -0.087700     0.0246       1.010400             -4.059090e+00         -100.00
9.040000       9.100000     0.000000   -0.086500     0.0246       1.011200             -4.057890e+00         -100.00
9.040000       9.150000     0.000000   -0.085300     0.0246       1.012200             -4.056490e+00         -100.00
9.040000       9.200000     0.000000   -0.084000     0.0246       1.013400             -4.054790e+00         -100.00
9.040000       9.250000     0.000000   -0.082700     0.0246       1.014800             -4.052690e+00         -100.00
9.040000       9.300000     0.000000   -0.081300     0.0246       1.016600             -4.050090e+00         -100.00
9.040000       9.350000     0.000000   -0.079800     0.0246       1.018700             -4.046890e+00         -100.00
9.040000       9.400000     0.000000   -0.078300     0.0246       1.021300             -4.042990e+00         -100.00
9.040000       9.450000     0.000000   -0.076700     0.0246       1.024500             -4.038190e+00         -100.00
9.040000       9.500000     0.000000   -0.075100     0.0246       1.028500             -4.032290e+00         -100.00
9.040000       9.550000     0.000000   -0.073400     0.0246       1.033300             -4.024990e+00         -100.00
9.040000       9.600000     0.000000   -0.071600     0.0246       1.039300             -4.015890e+00         -100.00
9.040000       9.650000     0.000000   -0.069800     0.0246       1.046700             -4.004690e+00         -100.00
9.060000       8.000000     0.000000   -0.103000     0.0249       1.037600             -4.029890e+00         -100.00
9.060000       8.050000     0.000000   -0.102700     0.0249       1.037600             -4.029790e+00         -100.00
9.060000       8.100000     0.000000   -0.102400     0.0249       1.037700             -4.029690e+00         -100.00
9.060000       8.150000     0.000000   -0.102000     0.0249       1.037800             -4.029590e+00         -100.00
9.060000       8.200000     0.000000   -0.101600     0.0249       1.037900             -4.029490e+00         -100.00
9.060000       8.250000     0.000000   -0.101200     0.0249       1.038000             -4.029390e+00         -100.00
9.060000       8.300000     0.000000   -0.100700     0.0249       1.038100             -4.029290e+00         -100.00
9.060000       8.350000     0.000000   -0.100200     0.0249       1.038200             -4.029090e+00         -100.00
9.060000       8.400000     0.000000   -0.099700     0.0249       1.038300             -4.028990e+00         -100.00
9.060000       8.450000     0.000000   -0.099200     0.0249       1.038400             -4.028790e+00         -100.00
9.060000       8.500000     0.000000   -0.098600     0.0249       1.038600             -4.028590e+00         -100.00
9.060000       8.550000     0.000000   -0.098000     0.0249       1.038700             -4.028390e+00         -100.00
9.060000       8.600000     0.000000   -0.097300     0.0249       1.038900             -4.028090e+00         -100.00
9.060000       8.650000     0.000000   -0.096600     0.0249       1.039100             -4.027790e+00         -100.00
9.060000       8.700000     0.000000   -0.095900     0.0249       1.039400             -4.027490e+00         -100.00
9.060000       8.750000     0.000000   -0.095100     0.0249       1.039600             -4.027190e+00         -100.00
9.060000       8.800000     0.000000   -0.094200     0.0249       1.039900             -4.026690e+00         -100.00
9.060000       8.850000     0.000000   -0.093300     0.0249       1.040300             -4.026190e+00         -100.00
9.060000       8.900000     0.000000   -0.092400     0.0249       1.040700             -4.025690e+00         -100.00
9.060000       8.950000     0.000000   -0.091400     0.0249       1.041200             -4.024990e+00         -100.00
9.060000       9.000000     0.000000   -0.090300     0.0249       1.041700             -4.024190e+00         -100.00
9.060000       9.050000     0.000000   -0.089200     0.0249       1.042400             -4.023190e+00         -100.00
9.060000       9.100000     0.000000   -0.088000     0.0249       1.043200             -4.021990e+00         -100.00
9.060000       9.150000     0.000000   -0.086800     0.0249       1.044200             -4.020590e+00         -100.00
9.060000       9.200000     0.000000   -0.085500     0.0249       1.045300             -4.018890e+00         -100.00
9.060000       9.250000     0.000000   -0.084200     0.0249       1.046700             -4.016890e+00         -100.00
9.060000       9.300000     0.000000   -0.082700     0.0249       1.048400             -4.014290e+00         -100.00
9.060000       9.350000     0.000000   -0.081300     0.0249       1.050500             -4.011190e+00         -100.00
9.060000       9.400000     0.000000   -0.079700     0.0249       1.053100             -4.007390e+00         -100.00
9.060000       9.450000     0.000000   -0.078100     0.0249       1.056200             -4.002690e+00         -100.00
9.060000       9.500000     0.000000   -0.076500     0.0249       1.060000             -3.996890e+00         -100.00
9.060000       9.550000     0.000000   -0.074800     0.0249       1.064800             -3.989690e+00         -100.00
9.060000       9.600000     0.000000   -0.073000     0.0249       1.070600             -3.980790e+00         -100.00
9.060000       9.650000     0.000000   -0.071200     0.0249       1.077800             -3.969890e+00         -100.00
9.080000       8.000000     0.000000   -0.104600     0.0253       1.069700             -3.993790e+00         -100.00
9.080000       8.050000     0.000000   -0.104300     0.0253       1.069800             -3.993690e+00         -100.00
9.080000       8.100000     0.000000   -0.104000     0.0253       1.069800             -3.993590e+00         -100.00
9.080000       8.150000     0.000000   -0.103600     0.0253       1.069900             -3.993490e+00         -100.00
9.080000       8.200000     0.000000   -0.103200     0.0253       1.070000             -3.993390e+00         -100.00
9.080000       8.250000     0.000000   -0.102800     0.0253       1.070100             -3.993290e+00         -100.00
9.080000       8.300000     0.000000   -0.102300     0.0253       1.070200             -3.993190e+00         -100.00
9.080000       8.350000     0.000000   -0.101900     0.0253       1.070300             -3.992990e+00         -100.00
9.080000       8.400000     0.000000   -0.101300     0.0253       1.070400             -3.992890e+00         -100.00
9.080000       8.450000     0.000000   -0.100800     0.0253       1.070500             -3.992690e+00         -100.00
9.080000       8.500000     0.000000   -0.100200     0.0253       1.070700             -3.992490e+00         -100.00
9.080000       8.550000     0.000000   -0.099600     0.0253       1.070800             -3.992290e+00         -100.00
9.080000       8.600000     0.000000   -0.098900     0.0253       1.071000             -3.991990e+00         -100.00
9.080000       8.650000     0.000000   -0.098200     0.0253       1.071200             -3.991790e+00         -100.00
9.080000       8.700000     0.000000   -0.097400     0.0253       1.071400             -3.991390e+00         -100.00
9.080000       8.750000     0.000000   -0.096600     0.0253       1.071700             -3.991090e+00         -100.00
9.080000       8.800000     0.000000   -0.095800     0.0253       1.072000             -3.990690e+00         -100.00
9.080000       8.850000     0.000000   -0.094900     0.0253       1.072400             -3.990190e+00         -100.00
9.080000       8.900000     0.000000   -0.093900     0.0253       1.072800             -3.989590e+00         -100.00
9.080000       8.950000     0.000000   -0.092900     0.0253       1.073200             -3.988890e+00         -100.00
9.080000       9.000000     0.000000   -0.091900     0.0253       1.073800             -3.988090e+00         -100.00
9.080000       9.050000     0.000000   -0.090700     0.0253       1.074400             -3.987190e+00         -100.00
9.080000       9.100000     0.000000   -0.089600     0.0253       1.075200             -3.985990e+00         -100.00
9.080000       9.150000     0.000000   -0.088300     0.0253       1.076200             -3.984590e+00         -100.00
9.080000       9.200000     0.000000   -0.087000     0.0253       1.077300             -3.982990e+00         -100.00
9.080000       9.250000     0.000000   -0.085700     0.0253       1.078700             -3.980890e+00         -100.00
9.080000       9.300000     0.000000   -0.084200     0.0253       1.080300             -3.978490e+00         -100.00
9.080000       9.350000     0.000000   -0.082700     0.0253       1.082400             -3.975390e+00         -100.00
9.080000       9.400000     0.000000   -0.081200     0.0253       1.084900             -3.971690e+00         -100.00
9.080000       9.450000     0.000000   -0.079600     0.0253       1.087900             -3.967090e+00         -100.00
9.080000       9.500000     0.000000   -0.077900     0.0253       1.091700             -3.961390e+00         -100.00
9.080000       9.550000     0.000000   -0.076100     0.0253       1.096300             -3.954390e+00         -100.00
9.080000       9.600000     0.000000   -0.074400     0.0253       1.102000             -3.945690e+00         -100.00
9.080000       9.650000     0.000000   -0.072500     0.0253       1.109100             -3.934890e+00         -100.00
9.100000       8.000000     0.000000   -0.106300     0.0257       1.101900             -3.957590e+00         -100.00
9.100000       8.050000     0.000000   -0.106000     0.0257       1.101900             -3.957490e+00         -100.00
9.100000       8.100000     0.000000   -0.105600     0.0257       1.102000             -3.957390e+00         -100.00
9.100000       8.150000     0.000000   -0.105300     0.0257       1.102100             -3.957290e+00         -100.00
9.100000       8.200000     0.000000   -0.104900     0.0257       1.102100             -3.957190e+00         -100.00
9.100000       8.250000     0.000000   -0.104400     0.0257       1.102200             -3.957090e+00         -100.00
9.100000       8.300000     0.000000   -0.104000     0.0257       1.102300             -3.956990e+00         -100.00
9.100000       8.350000     0.000000   -0.103500     0.0257       1.102400             -3.956790e+00         -100.00
9.100000       8.400000     0.000000   -0.103000     0.0257       1.102600             -3.956690e+00         -100.00
9.100000       8.450000     0.000000   -0.102400     0.0257       1.102700             -3.956490e+00         -100.00
9.100000       8.500000     0.000000   -0.101800     0.0257       1.102800             -3.956290e+00         -100.00
9.100000       8.550000     0.000000   -0.101200     0.0257       1.103000             -3.956090e+00         -100.00
9.100000       8.600000     0.000000   -0.100500     0.0257       1.103200             -3.955790e+00         -100.00
9.100000       8.650000     0.000000   -0.099800     0.0257       1.103400             -3.955590e+00         -100.00
9.100000       8.700000     0.000000   -0.099100     0.0257       1.103600             -3.955190e+00         -100.00
9.100000       8.750000     0.000000   -0.098200     0.0257       1.103900             -3.954890e+00         -100.00
9.100000       8.800000     0.000000   -0.097400     0.0257       1.104200             -3.954490e+00         -100.00
9.100000       8.850000     0.000000   -0.096500     0.0257       1.104500             -3.953990e+00         -100.00
9.100000       8.900000     0.000000   -0.095500     0.0257       1.104900             -3.953390e+00         -100.00
9.100000       8.950000     0.000000   -0.094500     0.0257       1.105400             -3.952790e+00         -100.00
9.100000       9.000000     0.000000   -0.093400     0.0257       1.105900             -3.951990e+00         -100.00
9.100000       9.050000     0.000000   -0.092300     0.0257       1.106500             -3.950990e+00         -100.00
9.100000       9.100000     0.000000   -0.091100     0.0257       1.107300             -3.949890e+00         -100.00
9.100000       9.150000     0.000000   -0.089900     0.0257       1.108200             -3.948590e+00         -100.00
9.100000       9.200000     0.000000   -0.088500     0.0257       1.109300             -3.946890e+00         -100.00
9.100000       9.250000     0.000000   -0.087200     0.0257       1.110700             -3.944890e+00         -100.00
9.100000       9.300000     0.000000   -0.085700     0.0257       1.112300             -3.942490e+00         -100.00
9.100000       9.350000     0.000000   -0.084200     0.0257       1.114300             -3.939490e+00         -100.00
9.100000       9.400000     0.000000   -0.082600     0.0257       1.116700             -3.935790e+00         -100.00
9.100000       9.450000     0.000000   -0.081000     0.0257       1.119700             -3.931290e+00         -100.00
9.100000       9.500000     0.000000   -0.079300     0.0257       1.123400             -3.925790e+00         -100.00
9.100000       9.550000     0.000000   -0.077600     0.0257       1.127900             -3.918890e+00         -100.00
9.100000       9.600000     0.000000   -0.075800     0.0257       1.133500             -3.910390e+00         -100.00
9.100000       9.650000     0.000000   -0.073900     0.0257       1.140400             -3.899890e+00         -100.00
9.120000       8.000000     0.000000   -0.108000     0.0261       1.134100             -3.921290e+00         -100.00
9.120000       8.050000     0.000000   -0.107700     0.0261       1.134200             -3.921190e+00         -100.00
9.120000       8.100000     0.000000   -0.107300     0.0261       1.134200             -3.921090e+00         -100.00
9.120000       8.150000     0.000000   -0.106900     0.0261       1.134300             -3.920990e+00         -100.00
9.120000       8.200000     0.000000   -0.106500     0.0261       1.134400             -3.920890e+00         -100.00
9.120000       8.250000     0.000000   -0.106100     0.0261       1.134500             -3.920790e+00         -100.00
9.120000       8.300000     0.000000   -0.105700     0.0261       1.134600             -3.920590e+00         -100.00
9.120000       8.350000     0.000000   -0.105200     0.0261       1.134700             -3.920490e+00         -100.00
9.120000       8.400000     0.000000   -0.104600     0.0261       1.134800             -3.920290e+00         -100.00
9.120000       8.450000     0.000000   -0.104100     0.0261       1.134900             -3.920190e+00         -100.00
9.120000       8.500000     0.000000   -0.103500     0.0261       1.135100             -3.919990e+00         -100.00
9.120000       8.550000     0.000000   -0.102900     0.0261       1.135200             -3.919790e+00         -100.00
9.120000       8.600000     0.000000   -0.102200     0.0261       1.135400             -3.919490e+00         -100.00
9.120000       8.650000     0.000000   -0.101500     0.0261       1.135600             -3.919190e+00         -100.00
9.120000       8.700000     0.000000   -0.100700     0.0261       1.135800             -3.918890e+00         -100.00
9.120000       8.750000     0.000000   -0.099900     0.0261       1.136100             -3.918590e+00         -100.00
9.120000       8.800000     0.000000   -0.099000     0.0261       1.136400             -3.918190e+00         -100.00
9.120000       8.850000     0.000000   -0.098100     0.0261       1.136700             -3.917690e+00         -100.00
9.120000       8.900000     0.000000   -0.097100     0.0261       1.137100             -3.917090e+00         -100.00
9.120000       8.950000     0.000000   -0.096100     0.0261       1.137500             -3.916490e+00         -100.00
9.120000       9.000000     0.000000   -0.095000     0.0261       1.138100             -3.915690e+00         -100.00
9.120000       9.050000     0.000000   -0.093900     0.0261       1.138700             -3.914790e+00         -100.00
9.120000       9.100000     0.000000   -0.092700     0.0261       1.139500             -3.913690e+00         -100.00
9.120000       9.150000     0.000000   -0.091400     0.0261       1.140400             -3.912390e+00         -100.00
9.120000       9.200000     0.000000   -0.090100     0.0261       1.141400             -3.910690e+00         -100.00
9.120000       9.250000     0.000000   -0.088700     0.0261       1.142800             -3.908790e+00         -100.00
9.120000       9.300000     0.000000   -0.087200     0.0261       1.144400             -3.906390e+00         -100.00
9.120000       9.350000     0.000000   -0.085700     0.0261       1.146300             -3.903490e+00         -100.00
9.120000       9.400000     0.000000   -0.084100     0.0261       1.148700             -3.899890e+00         -100.00
9.120000       9.450000     0.000000   -0.082500     0.0261       1.151600             -3.895490e+00         -100.00
9.120000       9.500000     0.000000   -0.080800     0.0261       1.155200             -3.889990e+00         -100.00
9.120000       9.550000     0.000000   -0.079000     0.0261       1.159600             -3.883290e+00         -100.00
9.120000       9.600000     0.000000   -0.077200     0.0261       1.165100             -3.874890e+00         -100.00
9.120000       9.650000     0.000000   -0.075300     0.0261       1.171800             -3.864690e+00         -100.00
9.140000       8.000000     0.000000   -0.109700     0.0265       1.166400             -3.884790e+00         -100.00
9.140000       8.050000     0.000000   -0.109400     0.0265       1.166400             -3.884790e+00         -100.00
9.140000       8.100000     0.000000   -0.109000     0.0265       1.166500             -3.884690e+00         -100.00
9.140000       8.150000     0.000000   -0.108700     0.0265       1.166600             -3.884590e+00         -100.00
9.140000       8.200000     0.000000   -0.108300     0.0265       1.166700             -3.884490e+00         -100.00
9.140000       8.250000     0.000000   -0.107800     0.0265       1.166700             -3.884290e+00         -100.00
9.140000       8.300000     0.000000   -0.107400     0.0265       1.166800             -3.884190e+00         -100.00
9.140000       8.350000     0.000000   -0.106900     0.0265       1.166900             -3.884090e+00         -100.00
9.140000       8.400000     0.000000   -0.106300     0.0265       1.167100             -3.883890e+00         -100.00
9.140000       8.450000     0.000000   -0.105800     0.0265       1.167200             -3.883690e+00         -100.00
9.140000       8.500000     0.000000   -0.105200     0.0265       1.167300             -3.883590e+00         -100.00
9.140000       8.550000     0.000000   -0.104500     0.0265       1.167500             -3.883290e+00         -100.00
9.140000       8.600000     0.000000   -0.103900     0.0265       1.167700             -3.883090e+00         -100.00
9.140000       8.650000     0.000000   -0.103100     0.0265       1.167900             -3.882790e+00         -100.00
9.140000       8.700000     0.000000   -0.102400     0.0265       1.168100             -3.882490e+00         -100.00
9.140000       8.750000     0.000000   -0.101500     0.0265       1.168300             -3.882190e+00         -100.00
9.140000       8.800000     0.000000   -0.100700     0.0265       1.168600             -3.881790e+00         -100.00
9.140000       8.850000     0.000000   -0.099700     0.0265       1.169000             -3.881290e+00         -100.00
9.140000       8.900000     0.000000   -0.098800     0.0265       1.169300             -3.880690e+00         -100.00
9.140000       8.950000     0.000000   -0.097700     0.0265       1.169800             -3.880090e+00         -100.00
9.140000       9.000000     0.000000   -0.096600     0.0265       1.170300             -3.879290e+00         -100.00
9.140000       9.050000     0.000000   -0.095500     0.0265       1.170900             -3.878390e+00         -100.00
9.140000       9.100000     0.000000   -0.094300     0.0265       1.171700             -3.877290e+00         -100.00
9.140000       9.150000     0.000000   -0.093000     0.0265       1.172600             -3.875990e+00         -100.00
9.140000       9.200000     0.000000   -0.091700     0.0265       1.173600             -3.874490e+00         -100.00
9.140000       9.250000     0.000000   -0.090300     0.0265       1.174900             -3.872490e+00         -100.00
9.140000       9.300000     0.000000   -0.088800     0.0265       1.176500             -3.870190e+00         -100.00
9.140000       9.350000     0.000000   -0.087300     0.0265       1.178400             -3.867290e+00         -100.00
9.140000       9.400000     0.000000   -0.085700     0.0265       1.180700             -3.863790e+00         -100.00
9.140000       9.450000     0.000000   -0.084000     0.0265       1.183500             -3.859490e+00         -100.00
9.140000       9.500000     0.000000   -0.082300     0.0265       1.187000             -3.854190e+00         -100.00
9.140000       9.550000     0.000000   -0.080500     0.0265       1.191400             -3.847590e+00         -100.00
9.140000       9.600000     0.000000   -0.078600     0.0265       1.196700             -3.839390e+00         -100.00
9.140000       9.650000     0.000000   -0.076700     0.0265       1.203200             -3.829290e+00         -100.00
9.160000       8.000000     0.000000   -0.111400     0.0269       1.198700             -3.848290e+00         -100.00
9.160000       8.050000     0.000000   -0.111100     0.0269       1.198800             -3.848190e+00         -100.00
9.160000       8.100000     0.000000   -0.110800     0.0269       1.198800             -3.848090e+00         -100.00
9.160000       8.150000     0.000000   -0.110400     0.0269       1.198900             -3.847990e+00         -100.00
9.160000       8.200000     0.000000   -0.110000     0.0269       1.199000             -3.847890e+00         -100.00
9.160000       8.250000     0.000000   -0.109500     0.0269       1.199100             -3.847790e+00         -100.00
9.160000       8.300000     0.000000   -0.109100     0.0269       1.199200             -3.847690e+00         -100.00
9.160000       8.350000     0.000000   -0.108600     0.0269       1.199300             -3.847490e+00         -100.00
9.160000       8.400000     0.000000   -0.108100     0.0269       1.199400             -3.847390e+00         -100.00
9.160000       8.450000     0.000000   -0.107500     0.0269       1.199500             -3.847190e+00         -100.00
9.160000       8.500000     0.000000   -0.106900     0.0269       1.199700             -3.846990e+00         -100.00
9.160000       8.550000     0.000000   -0.106200     0.0269       1.199800             -3.846790e+00         -100.00
9.160000       8.600000     0.000000   -0.105600     0.0269       1.200000             -3.846590e+00         -100.00
9.160000       8.650000     0.000000   -0.104800     0.0269       1.200200             -3.846290e+00         -100.00
9.160000       8.700000     0.000000   -0.104000     0.0269       1.200400             -3.845990e+00         -100.00
9.160000       8.750000     0.000000   -0.103200     0.0269       1.200700             -3.845690e+00         -100.00
9.160000       8.800000     0.000000   -0.102300     0.0269       1.200900             -3.845290e+00         -100.00
9.160000       8.850000     0.000000   -0.101400     0.0269       1.201300             -3.844790e+00         -100.00
9.160000       8.900000     0.000000   -0.100400     0.0269       1.201600             -3.844190e+00         -100.00
9.160000       8.950000     0.000000   -0.099400     0.0269       1.202100             -3.843590e+00         -100.00
9.160000       9.000000     0.000000   -0.098300     0.0269       1.202600             -3.842890e+00         -100.00
9.160000       9.050000     0.000000   -0.097100     0.0269       1.203200             -3.841990e+00         -100.00
9.160000       9.100000     0.000000   -0.095900     0.0269       1.203900             -3.840890e+00         -100.00
9.160000       9.150000     0.000000   -0.094600     0.0269       1.204800             -3.839590e+00         -100.00
9.160000       9.200000     0.000000   -0.093300     0.0269       1.205800             -3.838090e+00         -100.00
9.160000       9.250000     0.000000   -0.091900     0.0269       1.207100             -3.836190e+00         -100.00
9.160000       9.300000     0.000000   -0.090400     0.0269       1.208600             -3.833890e+00         -100.00
9.160000       9.350000     0.000000   -0.088800     0.0269       1.210500             -3.831090e+00         -100.00
9.160000       9.400000     0.000000   -0.087200     0.0269       1.212700             -3.827590e+00         -100.00
9.160000       9.450000     0.000000   -0.085500     0.0269       1.215500             -3.823390e+00         -100.00
9.160000       9.500000     0.000000   -0.083800     0.0269       1.219000             -3.818190e+00         -100.00
9.160000       9.550000     0.000000   -0.082000     0.0269       1.223200             -3.811690e+00         -100.00
9.160000       9.600000     0.000000   -0.080100     0.0269       1.228300             -3.803690e+00         -100.00
9.160000       9.650000     0.000000   -0.078200     0.0269       1.234700             -3.793890e+00         -100.00
9.180000       8.000000     0.000000   -0.113200     0.0273       1.231100             -3.811690e+00         -100.00
9.180000       8.050000     0.000000   -0.112900     0.0273       1.231200             -3.811590e+00         -100.00
9.180000       8.100000     0.000000   -0.112500     0.0273       1.231200             -3.811490e+00         -100.00
9.180000       8.150000     0.000000   -0.112100     0.0273       1.231300             -3.811390e+00         -100.00
9.180000       8.200000     0.000000   -0.111700     0.0273       1.231400             -3.811290e+00         -100.00
9.180000       8.250000     0.000000   -0.111300     0.0273       1.231500             -3.811190e+00         -100.00
9.180000       8.300000     0.000000   -0.110800     0.0273       1.231600             -3.810990e+00         -100.00
9.180000       8.350000     0.000000   -0.110300     0.0273       1.231700             -3.810890e+00         -100.00
9.180000       8.400000     0.000000   -0.109800     0.0273       1.231800             -3.810690e+00         -100.00
9.180000       8.450000     0.000000   -0.109200     0.0273       1.231900             -3.810590e+00         -100.00
9.180000       8.500000     0.000000   -0.108600     0.0273       1.232100             -3.810390e+00         -100.00
9.180000       8.550000     0.000000   -0.108000     0.0273       1.232200             -3.810190e+00         -100.00
9.180000       8.600000     0.000000   -0.107300     0.0273       1.232400             -3.809890e+00         -100.00
9.180000       8.650000     0.000000   -0.106600     0.0273       1.232600             -3.809690e+00         -100.00
9.180000       8.700000     0.000000   -0.105800     0.0273       1.232800             -3.809390e+00         -100.00
9.180000       8.750000     0.000000   -0.104900     0.0273       1.233000             -3.808990e+00         -100.00
9.180000       8.800000     0.000000   -0.104100     0.0273       1.233300             -3.808590e+00         -100.00
9.180000       8.850000     0.000000   -0.103100     0.0273       1.233600             -3.808190e+00         -100.00
9.180000       8.900000     0.000000   -0.102100     0.0273       1.234000             -3.807590e+00         -100.00
9.180000       8.950000     0.000000   -0.101100     0.0273       1.234400             -3.806990e+00         -100.00
9.180000       9.000000     0.000000   -0.100000     0.0273       1.234900             -3.806290e+00         -100.00
9.180000       9.050000     0.000000   -0.098800     0.0273       1.235500             -3.805390e+00         -100.00
9.180000       9.100000     0.000000   -0.097600     0.0273       1.236200             -3.804390e+00         -100.00
9.180000       9.150000     0.000000   -0.096300     0.0273       1.237100             -3.803090e+00         -100.00
9.180000       9.200000     0.000000   -0.094900     0.0273       1.238100             -3.801590e+00         -100.00
9.180000       9.250000     0.000000   -0.093500     0.0273       1.239300             -3.799690e+00         -100.00
9.180000       9.300000     0.000000   -0.092000     0.0273       1.240800             -3.797490e+00         -100.00
9.180000       9.350000     0.000000   -0.090400     0.0273       1.242600             -3.794690e+00         -100.00
9.180000       9.400000     0.000000   -0.088800     0.0273       1.244900             -3.791390e+00         -100.00
9.180000       9.450000     0.000000   -0.087100     0.0273       1.247600             -3.787190e+00         -100.00
9.180000       9.500000     0.000000   -0.085300     0.0273       1.250900             -3.782090e+00         -100.00
9.180000       9.550000     0.000000   -0.083500     0.0273       1.255000             -3.775790e+00         -100.00
9.180000       9.600000     0.000000   -0.081600     0.0273       1.260100             -3.767990e+00         -100.00
9.180000       9.650000     0.000000   -0.079600     0.0273       1.266300             -3.758290e+00         -100.00
9.200000       8.000000     0.000000   -0.115000     0.0278       1.263600             -3.774890e+00         -100.00
9.200000       8.050000     0.000000   -0.114700     0.0278       1.263600             -3.774790e+00         -100.00
9.200000       8.100000     0.000000   -0.114300     0.0278       1.263700             -3.774690e+00         -100.00
9.200000       8.150000     0.000000   -0.113900     0.0278       1.263800             -3.774590e+00         -100.00
9.200000       8.200000     0.000000   -0.113500     0.0278       1.263800             -3.774490e+00         -100.00
9.200000       8.250000     0.000000   -0.113100     0.0278       1.263900             -3.774390e+00         -100.00
9.200000       8.300000     0.000000   -0.112600     0.0278       1.264000             -3.774290e+00         -100.00
9.200000       8.350000     0.000000   -0.112100     0.0278       1.264100             -3.774190e+00         -100.00
9.200000       8.400000     0.000000   -0.111600     0.0278       1.264200             -3.773990e+00         -100.00
9.200000       8.450000     0.000000   -0.111000     0.0278       1.264400             -3.773790e+00         -100.00
9.200000       8.500000     0.000000   -0.110400     0.0278       1.264500             -3.773690e+00         -100.00
9.200000       8.550000     0.000000   -0.109700     0.0278       1.264600             -3.773390e+00         -100.00
9.200000       8.600000     0.000000   -0.109000     0.0278       1.264800             -3.773190e+00         -100.00
9.200000       8.650000     0.000000   -0.108300     0.0278       1.265000             -3.772890e+00         -100.00
9.200000       8.700000     0.000000   -0.107500     0.0278       1.265200             -3.772590e+00         -100.00
9.200000       8.750000     0.000000   -0.106700     0.0278       1.265500             -3.772290e+00         -100.00
9.200000       8.800000     0.000000   -0.105800     0.0278       1.265700             -3.771890e+00         -100.00
9.200000       8.850000     0.000000   -0.104800     0.0278       1.266000             -3.771490e+00         -100.00
9.200000       8.900000     0.000000   -0.103800     0.0278       1.266400             -3.770890e+00         -100.00
9.200000       8.950000     0.000000   -0.102800     0.0278       1.266800             -3.770290e+00         -100.00
9.200000       9.000000     0.000000   -0.101700     0.0278       1.267300             -3.769590e+00         -100.00
9.200000       9.050000     0.000000   -0.100500     0.0278       1.267900             -3.768690e+00         -100.00
9.200000       9.100000     0.000000   -0.099200     0.0278       1.268600             -3.767690e+00         -100.00
9.200000       9.150000     0.000000   -0.097900     0.0278       1.269400             -3.766490e+00         -100.00
9.200000       9.200000     0.000000   -0.096600     0.0278       1.270400             -3.764990e+00         -100.00
9.200000       9.250000     0.000000   -0.095100     0.0278       1.271600             -3.763190e+00         -100.00
9.200000       9.300000     0.000000   -0.093600     0.0278       1.273100             -3.760990e+00         -100.00
9.200000       9.350000     0.000000   -0.092000     0.0278       1.274900             -3.758290e+00         -100.00
9.200000       9.400000     0.000000   -0.090400     0.0278       1.277000             -3.754990e+00         -100.00
9.200000       9.450000     0.000000   -0.088700     0.0278       1.279700             -3.750890e+00         -100.00
9.200000       9.500000     0.000000   -0.086900     0.0278       1.283000             -3.745890e+00         -100.00
9.200000       9.550000     0.000000   -0.085000     0.0278       1.287000             -3.739690e+00         -100.00
9.200000       9.600000     0.000000   -0.083100     0.0278       1.291900             -3.732090e+00         -100.00
9.200000       9.650000     0.000000   -0.081100     0.0278       1.298000             -3.722590e+00         -100.00
9.220000       8.000000     0.000000   -0.116800     0.0282       1.296000             -3.738090e+00         -100.00
9.220000       8.050000     0.000000   -0.116500     0.0282       1.296100             -3.737990e+00         -100.00
9.220000       8.100000     0.000000   -0.116100     0.0282       1.296200             -3.737890e+00         -100.00
9.220000       8.150000     0.000000   -0.115800     0.0282       1.296200             -3.737790e+00         -100.00
9.220000       8.200000     0.000000   -0.115300     0.0282       1.296300             -3.737690e+00         -100.00
9.220000       8.250000     0.000000   -0.114900     0.0282       1.296400             -3.737590e+00         -100.00
9.220000       8.300000     0.000000   -0.114400     0.0282       1.296500             -3.737490e+00         -100.00
9.220000       8.350000     0.000000   -0.113900     0.0282       1.296600             -3.737290e+00         -100.00
9.220000       8.400000     0.000000   -0.113400     0.0282       1.296700             -3.737190e+00         -100.00
9.220000       8.450000     0.000000   -0.112800     0.0282       1.296800             -3.736990e+00         -100.00
9.220000       8.500000     0.000000   -0.112200     0.0282       1.297000             -3.736790e+00         -100.00
9.220000       8.550000     0.000000   -0.111500     0.0282       1.297100             -3.736590e+00         -100.00
9.220000       8.600000     0.000000   -0.110800     0.0282       1.297300             -3.736390e+00         -100.00
9.220000       8.650000     0.000000   -0.110100     0.0282       1.297500             -3.736090e+00         -100.00
9.220000       8.700000     0.000000   -0.109300     0.0282       1.297700             -3.735790e+00         -100.00
9.220000       8.750000     0.000000   -0.108400     0.0282       1.297900             -3.735490e+00         -100.00
9.220000       8.800000     0.000000   -0.107500     0.0282       1.298200             -3.735090e+00         -100.00
9.220000       8.850000     0.000000   -0.106600     0.0282       1.298500             -3.734690e+00         -100.00
9.220000       8.900000     0.000000   -0.105600     0.0282       1.298900             -3.734090e+00         -100.00
9.220000       8.950000     0.000000   -0.104500     0.0282       1.299300             -3.733490e+00         -100.00
9.220000       9.000000     0.000000   -0.103400     0.0282       1.299800             -3.732790e+00         -100.00
9.220000       9.050000     0.000000   -0.102200     0.0282       1.300400             -3.731990e+00         -100.00
9.220000       9.100000     0.000000   -0.101000     0.0282       1.301000             -3.730990e+00         -100.00
9.220000       9.150000     0.000000   -0.099600     0.0282       1.301800             -3.729690e+00         -100.00
9.220000       9.200000     0.000000   -0.098200     0.0282       1.302800             -3.728290e+00         -100.00
9.220000       9.250000     0.000000   -0.096800     0.0282       1.304000             -3.726490e+00         -100.00
9.220000       9.300000     0.000000   -0.095300     0.0282       1.305400             -3.724390e+00         -100.00
9.220000       9.350000     0.000000   -0.093700     0.0282       1.307200             -3.721690e+00         -100.00
9.220000       9.400000     0.000000   -0.092000     0.0282       1.309300             -3.718490e+00         -100.00
9.220000       9.450000     0.000000   -0.090300     0.0282       1.311900             -3.714490e+00         -100.00
9.220000       9.500000     0.000000   -0.088500     0.0282       1.315100             -3.709590e+00         -100.00
9.220000       9.550000     0.000000   -0.086600     0.0282       1.319000             -3.703490e+00         -100.00
9.220000       9.600000     0.000000   -0.084700     0.0282       1.323800             -3.696090e+00         -100.00
9.220000       9.650000     0.000000   -0.082700     0.0282       1.329700             -3.686790e+00         -100.00
9.240000       8.000000     0.000000   -0.118700     0.0286       1.328600             -3.701090e+00         -100.00
9.240000       8.050000     0.000000   -0.118300     0.0286       1.328600             -3.700990e+00         -100.00
9.240000       8.100000     0.000000   -0.118000     0.0286       1.328700             -3.700890e+00         -100.00
9.240000       8.150000     0.000000   -0.117600     0.0286       1.328800             -3.700890e+00         -100.00
9.240000       8.200000     0.000000   -0.117200     0.0286       1.328900             -3.700790e+00         -100.00
9.240000       8.250000     0.000000   -0.116700     0.0286       1.328900             -3.700590e+00         -100.00
9.240000       8.300000     0.000000   -0.116300     0.0286       1.329000             -3.700490e+00         -100.00
9.240000       8.350000     0.000000   -0.115800     0.0286       1.329100             -3.700390e+00         -100.00
9.240000       8.400000     0.000000   -0.115200     0.0286       1.329300             -3.700190e+00         -100.00
9.240000       8.450000     0.000000   -0.114600     0.0286       1.329400             -3.700090e+00         -100.00
9.240000       8.500000     0.000000   -0.114000     0.0286       1.329500             -3.699890e+00         -100.00
9.240000       8.550000     0.000000   -0.113300     0.0286       1.329700             -3.699690e+00         -100.00
9.240000       8.600000     0.000000   -0.112600     0.0286       1.329800             -3.699390e+00         -100.00
9.240000       8.650000     0.000000   -0.111900     0.0286       1.330000             -3.699190e+00         -100.00
9.240000       8.700000     0.000000   -0.111100     0.0286       1.330200             -3.698890e+00         -100.00
9.240000       8.750000     0.000000   -0.110200     0.0286       1.330500             -3.698590e+00         -100.00
9.240000       8.800000     0.000000   -0.109300     0.0286       1.330700             -3.698190e+00         -100.00
9.240000       8.850000     0.000000   -0.108400     0.0286       1.331000             -3.697690e+00         -100.00
9.240000       8.900000     0.000000   -0.107400     0.0286       1.331400             -3.697190e+00         -100.00
9.240000       8.950000     0.000000   -0.106300     0.0286       1.331800             -3.696590e+00         -100.00
9.240000       9.000000     0.000000   -0.105100     0.0286       1.332300             -3.695890e+00         -100.00
9.240000       9.050000     0.000000   -0.104000     0.0286       1.332800             -3.695090e+00         -100.00
9.240000       9.100000     0.000000   -0.102700     0.0286       1.333500             -3.694090e+00         -100.00
9.240000       9.150000     0.000000   -0.101400     0.0286       1.334300             -3.692890e+00         -100.00
9.240000       9.200000     0.000000   -0.100000     0.0286       1.335300             -3.691490e+00         -100.00
9.240000       9.250000     0.000000   -0.098500     0.0286       1.336400             -3.689690e+00         -100.00
9.240000       9.300000     0.000000   -0.096900     0.0286       1.337800             -3.687590e+00         -100.00
9.240000       9.350000     0.000000   -0.095300     0.0286       1.339500             -3.684990e+00         -100.00
9.240000       9.400000     0.000000   -0.093700     0.0286       1.341600             -3.681890e+00         -100.00
9.240000       9.450000     0.000000   -0.091900     0.0286       1.344100             -3.677990e+00         -100.00
9.240000       9.500000     0.000000   -0.090100     0.0286       1.347200             -3.673190e+00         -100.00
9.240000       9.550000     0.000000   -0.088200     0.0286       1.351000             -3.667290e+00         -100.00
9.240000       9.600000     0.000000   -0.086200     0.0286       1.355700             -3.659990e+00         -100.00
9.240000       9.650000     0.000000   -0.084200     0.0286       1.361500             -3.650890e+00         -100.00
9.260000       8.000000     0.000000   -0.120600     0.0291       1.361200             -3.664090e+00         -100.00
9.260000       8.050000     0.000000   -0.120200     0.0291       1.361200             -3.663990e+00         -100.00
9.260000       8.100000     0.000000   -0.119900     0.0291       1.361300             -3.663890e+00         -100.00
9.260000       8.150000     0.000000   -0.119500     0.0291       1.361400             -3.663790e+00         -100.00
9.260000       8.200000     0.000000   -0.119100     0.0291       1.361500             -3.663690e+00         -100.00
9.260000       8.250000     0.000000   -0.118600     0.0291       1.361500             -3.663590e+00         -100.00
9.260000       8.300000     0.000000   -0.118100     0.0291       1.361600             -3.663490e+00         -100.00
9.260000       8.350000     0.000000   -0.117600     0.0291       1.361700             -3.663290e+00         -100.00
9.260000       8.400000     0.000000   -0.117100     0.0291       1.361800             -3.663190e+00         -100.00
9.260000       8.450000     0.000000   -0.116500     0.0291       1.362000             -3.662990e+00         -100.00
9.260000       8.500000     0.000000   -0.115900     0.0291       1.362100             -3.662790e+00         -100.00
9.260000       8.550000     0.000000   -0.115200     0.0291       1.362200             -3.662590e+00         -100.00
9.260000       8.600000     0.000000   -0.114500     0.0291       1.362400             -3.662390e+00         -100.00
9.260000       8.650000     0.000000   -0.113700     0.0291       1.362600             -3.662190e+00         -100.00
9.260000       8.700000     0.000000   -0.112900     0.0291       1.362800             -3.661890e+00         -100.00
9.260000       8.750000     0.000000   -0.112100     0.0291       1.363000             -3.661490e+00         -100.00
9.260000       8.800000     0.000000   -0.111100     0.0291       1.363300             -3.661190e+00         -100.00
9.260000       8.850000     0.000000   -0.110200     0.0291       1.363600             -3.660690e+00         -100.00
9.260000       8.900000     0.000000   -0.109200     0.0291       1.363900             -3.660190e+00         -100.00
9.260000       8.950000     0.000000   -0.108100     0.0291       1.364300             -3.659590e+00         -100.00
9.260000       9.000000     0.000000   -0.106900     0.0291       1.364800             -3.658890e+00         -100.00
9.260000       9.050000     0.000000   -0.105700     0.0291       1.365400             -3.658090e+00         -100.00
9.260000       9.100000     0.000000   -0.104400     0.0291       1.366000             -3.657190e+00         -100.00
9.260000       9.150000     0.000000   -0.103100     0.0291       1.366800             -3.655990e+00         -100.00
9.260000       9.200000     0.000000   -0.101700     0.0291       1.367700             -3.654590e+00         -100.00
9.260000       9.250000     0.000000   -0.100200     0.0291       1.368900             -3.652890e+00         -100.00
9.260000       9.300000     0.000000   -0.098700     0.0291       1.370200             -3.650790e+00         -100.00
9.260000       9.350000     0.000000   -0.097000     0.0291       1.371900             -3.648290e+00         -100.00
9.260000       9.400000     0.000000   -0.095300     0.0291       1.373900             -3.645190e+00         -100.00
9.260000       9.450000     0.000000   -0.093600     0.0291       1.376400             -3.641390e+00         -100.00
9.260000       9.500000     0.000000   -0.091700     0.0291       1.379400             -3.636690e+00         -100.00
9.260000       9.550000     0.000000   -0.089800     0.0291       1.383100             -3.630890e+00         -100.00
9.260000       9.600000     0.000000   -0.087800     0.0291       1.387700             -3.623690e+00         -100.00
9.260000       9.650000     0.000000   -0.085800     0.0291       1.393300             -3.614890e+00         -100.00
9.280000       8.000000     0.000000   -0.122500     0.0295       1.393800             -3.626890e+00         -100.00
9.280000       8.050000     0.000000   -0.122100     0.0295       1.393900             -3.626890e+00         -100.00
9.280000       8.100000     0.000000   -0.121800     0.0295       1.393900             -3.626790e+00         -100.00
9.280000       8.150000     0.000000   -0.121400     0.0295       1.394000             -3.626690e+00         -100.00
9.280000       8.200000     0.000000   -0.121000     0.0295       1.394100             -3.626590e+00         -100.00
9.280000       8.250000     0.000000   -0.120500     0.0295       1.394200             -3.626490e+00         -100.00
9.280000       8.300000     0.000000   -0.120000     0.0295       1.394300             -3.626290e+00         -100.00
9.280000       8.350000     0.000000   -0.119500     0.0295       1.394400             -3.626190e+00         -100.00
9.280000       8.400000     0.000000   -0.119000     0.0295       1.394500             -3.626090e+00         -100.00
9.280000       8.450000     0.000000   -0.118400     0.0295       1.394600             -3.625890e+00         -100.00
9.280000       8.500000     0.000000   -0.117700     0.0295       1.394700             -3.625690e+00         -100.00
9.280000       8.550000     0.000000   -0.117100     0.0295       1.394900             -3.625490e+00         -100.00
9.280000       8.600000     0.000000   -0.116300     0.0295       1.395000             -3.625290e+00         -100.00
9.280000       8.650000     0.000000   -0.115600     0.0295       1.395200             -3.624990e+00         -100.00
9.280000       8.700000     0.000000   -0.114800     0.0295       1.395400             -3.624690e+00         -100.00
9.280000       8.750000     0.000000   -0.113900     0.0295       1.395600             -3.624390e+00         -100.00
9.280000       8.800000     0.000000   -0.113000     0.0295       1.395900             -3.624090e+00         -100.00
9.280000       8.850000     0.000000   -0.112000     0.0295       1.396200             -3.623590e+00         -100.00
9.280000       8.900000     0.000000   -0.111000     0.0295       1.396500             -3.623090e+00         -100.00
9.280000       8.950000     0.000000   -0.109900     0.0295       1.396900             -3.622590e+00         -100.00
9.280000       9.000000     0.000000   -0.108700     0.0295       1.397400             -3.621890e+00         -100.00
9.280000       9.050000     0.000000   -0.107500     0.0295       1.397900             -3.621090e+00         -100.00
9.280000       9.100000     0.000000   -0.106200     0.0295       1.398600             -3.620090e+00         -100.00
9.280000       9.150000     0.000000   -0.104900     0.0295       1.399400             -3.618990e+00         -100.00
9.280000       9.200000     0.000000   -0.103500     0.0295       1.400300             -3.617590e+00         -100.00
9.280000       9.250000     0.000000   -0.102000     0.0295       1.401400             -3.615890e+00         -100.00
9.280000       9.300000     0.000000   -0.100400     0.0295       1.402700             -3.613890e+00         -100.00
9.280000       9.350000     0.000000   -0.098800     0.0295       1.404300             -3.611390e+00         -100.00
9.280000       9.400000     0.000000   -0.097000     0.0295       1.406300             -3.608390e+00         -100.00
9.280000       9.450000     0.000000   -0.095300     0.0295       1.408700             -3.604590e+00         -100.00
9.280000       9.500000     0.000000   -0.093400     0.0295       1.411700             -3.599990e+00         -100.00
9.280000       9.550000     0.000000   -0.091500     0.0295       1.415300             -3.594390e+00         -100.00
9.280000       9.600000     0.000000   -0.089500     0.0295       1.419800             -3.587390e+00         -100.00
9.280000       9.650000     0.000000   -0.087400     0.0295       1.425300             -3.578790e+00         -100.00
9.300000       8.000000     0.000000   -0.124400     0.0300       1.426500             -3.589690e+00         -100.00
9.300000       8.050000     0.000000   -0.124100     0.0300       1.426600             -3.589590e+00         -100.00
9.300000       8.100000     0.000000   -0.123700     0.0300       1.426600             -3.589490e+00         -100.00
9.300000       8.150000     0.000000   -0.123300     0.0300       1.426700             -3.589390e+00         -100.00
9.300000       8.200000     0.000000   -0.122900     0.0300       1.426800             -3.589290e+00         -100.00
9.300000       8.250000     0.000000   -0.122400     0.0300       1.426800             -3.589190e+00         -100.00
9.300000       8.300000     0.000000   -0.121900     0.0300       1.426900             -3.589090e+00         -100.00
9.300000       8.350000     0.000000   -0.121400     0.0300       1.427000             -3.588990e+00         -100.00
9.300000       8.400000     0.000000   -0.120900     0.0300       1.427100             -3.588790e+00         -100.00
9.300000       8.450000     0.000000   -0.120300     0.0300       1.427300             -3.588690e+00         -100.00
9.300000       8.500000     0.000000   -0.119600     0.0300       1.427400             -3.588490e+00         -100.00
9.300000       8.550000     0.000000   -0.119000     0.0300       1.427500             -3.588290e+00         -100.00
9.300000       8.600000     0.000000   -0.118200     0.0300       1.427700             -3.588090e+00         -100.00
9.300000       8.650000     0.000000   -0.117500     0.0300       1.427900             -3.587790e+00         -100.00
9.300000       8.700000     0.000000   -0.116700     0.0300       1.428100             -3.587490e+00         -100.00
9.300000       8.750000     0.000000   -0.115800     0.0300       1.428300             -3.587190e+00         -100.00
9.300000       8.800000     0.000000   -0.114900     0.0300       1.428600             -3.586790e+00         -100.00
9.300000       8.850000     0.000000   -0.113900     0.0300       1.428800             -3.586390e+00         -100.00
9.300000       8.900000     0.000000   -0.112900     0.0300       1.429200             -3.585890e+00         -100.00
9.300000       8.950000     0.000000   -0.111800     0.0300       1.429600             -3.585390e+00         -100.00
9.300000       9.000000     0.000000   -0.110600     0.0300       1.430000             -3.584690e+00         -100.00
9.300000       9.050000     0.000000   -0.109400     0.0300       1.430600             -3.583890e+00         -100.00
9.300000       9.100000     0.000000   -0.108100     0.0300       1.431200             -3.582990e+00         -100.00
9.300000       9.150000     0.000000   -0.106700     0.0300       1.431900             -3.581790e+00         -100.00
9.300000       9.200000     0.000000   -0.105300     0.0300       1.432800             -3.580490e+00         -100.00
9.300000       9.250000     0.000000   -0.103800     0.0300       1.433900             -3.578790e+00         -100.00
9.300000       9.300000     0.000000   -0.102200     0.0300       1.435200             -3.576890e+00         -100.00
9.300000       9.350000     0.000000   -0.100500     0.0300       1.436800             -3.574390e+00         -100.00
9.300000       9.400000     0.000000   -0.098800     0.0300       1.438700             -3.571490e+00         -100.00
9.300000       9.450000     0.000000   -0.097000     0.0300       1.441100             -3.567790e+00         -100.00
9.300000       9.500000     0.000000   -0.095100     0.0300       1.444000             -3.563290e+00         -100.00
9.300000       9.550000     0.000000   -0.093100     0.0300       1.447500             -3.557790e+00         -100.00
9.300000       9.600000     0.000000   -0.091100     0.0300       1.451900             -3.550890e+00         -100.00
9.300000       9.650000     0.000000   -0.089000     0.0300       1.457200             -3.542490e+00         -100.00
9.320000       8.000000     0.000000   -0.126400     0.0304       1.459200             -3.552390e+00         -100.00
9.320000       8.050000     0.000000   -0.126000     0.0304       1.459300             -3.552290e+00         -100.00
9.320000       8.100000     0.000000   -0.125700     0.0304       1.459300             -3.552190e+00         -100.00
9.320000       8.150000     0.000000   -0.125300     0.0304       1.459400             -3.552090e+00         -100.00
9.320000       8.200000     0.000000   -0.124800     0.0304       1.459500             -3.551990e+00         -100.00
9.320000       8.250000     0.000000   -0.124400     0.0304       1.459600             -3.551890e+00         -100.00
9.320000       8.300000     0.000000   -0.123900     0.0304       1.459700             -3.551790e+00         -100.00
9.320000       8.350000     0.000000   -0.123400     0.0304       1.459700             -3.551690e+00         -100.00
9.320000       8.400000     0.000000   -0.122800     0.0304       1.459900             -3.551490e+00         -100.00
9.320000       8.450000     0.000000   -0.122200     0.0304       1.460000             -3.551290e+00         -100.00
9.320000       8.500000     0.000000   -0.121600     0.0304       1.460100             -3.551190e+00         -100.00
9.320000       8.550000     0.000000   -0.120900     0.0304       1.460200             -3.550990e+00         -100.00
9.320000       8.600000     0.000000   -0.120200     0.0304       1.460400             -3.550790e+00         -100.00
9.320000       8.650000     0.000000   -0.119400     0.0304       1.460600             -3.550490e+00         -100.00
9.320000       8.700000     0.000000   -0.118600     0.0304       1.460800             -3.550190e+00         -100.00
9.320000       8.750000     0.000000   -0.117700     0.0304       1.461000             -3.549890e+00         -100.00
9.320000       8.800000     0.000000   -0.116800     0.0304       1.461300             -3.549490e+00         -100.00
9.320000       8.850000     0.000000   -0.115800     0.0304       1.461500             -3.549090e+00         -100.00
9.320000       8.900000     0.000000   -0.114700     0.0304       1.461900             -3.548690e+00         -100.00
9.320000       8.950000     0.000000   -0.113600     0.0304       1.462300             -3.548090e+00         -100.00
9.320000       9.000000     0.000000   -0.112500     0.0304       1.462700             -3.547390e+00         -100.00
9.320000       9.050000     0.000000   -0.111200     0.0304       1.463200             -3.546690e+00         -100.00
9.320000       9.100000     0.000000   -0.109900     0.0304       1.463800             -3.545690e+00         -100.00
9.320000       9.150000     0.000000   -0.108500     0.0304       1.464600             -3.544590e+00         -100.00
9.320000       9.200000     0.000000   -0.107100     0.0304       1.465500             -3.543290e+00         -100.00
9.320000       9.250000     0.000000   -0.105600     0.0304       1.466500             -3.541690e+00         -100.00
9.320000       9.300000     0.000000   -0.104000     0.0304       1.467800             -3.539690e+00         -100.00
9.320000       9.350000     0.000000   -0.102300     0.0304       1.469300             -3.537390e+00         -100.00
9.320000       9.400000     0.000000   -0.100600     0.0304       1.471200             -3.534490e+00         -100.00
9.320000       9.450000     0.000000   -0.098700     0.0304       1.473500             -3.530890e+00         -100.00
9.320000       9.500000     0.000000   -0.096800     0.0304       1.476300             -3.526490e+00         -100.00
9.320000       9.550000     0.000000   -0.094900     0.0304       1.479800             -3.521090e+00         -100.00
9.320000       9.600000     0.000000   -0.092800     0.0304       1.484000             -3.514390e+00         -100.00
9.320000       9.650000     0.000000   -0.090700     0.0304       1.489300             -3.506090e+00         -100.00
9.340000       8.000000     0.000000   -0.128400     0.0309       1.492000             -3.514990e+00         -100.00
9.340000       8.050000     0.000000   -0.128000     0.0309       1.492000             -3.514890e+00         -100.00
9.340000       8.100000     0.000000   -0.127700     0.0309       1.492100             -3.514790e+00         -100.00
9.340000       8.150000     0.000000   -0.127300     0.0309       1.492200             -3.514690e+00         -100.00
9.340000       8.200000     0.000000   -0.126800     0.0309       1.492200             -3.514590e+00         -100.00
9.340000       8.250000     0.000000   -0.126400     0.0309       1.492300             -3.514490e+00         -100.00
9.340000       8.300000     0.000000   -0.125900     0.0309       1.492400             -3.514390e+00         -100.00
9.340000       8.350000     0.000000   -0.125400     0.0309       1.492500             -3.514190e+00         -100.00
9.340000       8.400000     0.000000   -0.124800     0.0309       1.492600             -3.514090e+00         -100.00
9.340000       8.450000     0.000000   -0.124200     0.0309       1.492700             -3.513890e+00         -100.00
9.340000       8.500000     0.000000   -0.123600     0.0309       1.492900             -3.513790e+00         -100.00
9.340000       8.550000     0.000000   -0.122900     0.0309       1.493000             -3.513590e+00         -100.00
9.340000       8.600000     0.000000   -0.122100     0.0309       1.493200             -3.513290e+00         -100.00
9.340000       8.650000     0.000000   -0.121400     0.0309       1.493300             -3.513090e+00         -100.00
9.340000       8.700000     0.000000   -0.120500     0.0309       1.493500             -3.512790e+00         -100.00
9.340000       8.750000     0.000000   -0.119600     0.0309       1.493700             -3.512490e+00         -100.00
9.340000       8.800000     0.000000   -0.118700     0.0309       1.494000             -3.512190e+00         -100.00
9.340000       8.850000     0.000000   -0.117700     0.0309       1.494300             -3.511790e+00         -100.00
9.340000       8.900000     0.000000   -0.116700     0.0309       1.494600             -3.511290e+00         -100.00
9.340000       8.950000     0.000000   -0.115500     0.0309       1.495000             -3.510690e+00         -100.00
9.340000       9.000000     0.000000   -0.114400     0.0309       1.495400             -3.510090e+00         -100.00
9.340000       9.050000     0.000000   -0.113100     0.0309       1.495900             -3.509290e+00         -100.00
9.340000       9.100000     0.000000   -0.111800     0.0309       1.496500             -3.508390e+00         -100.00
9.340000       9.150000     0.000000   -0.110400     0.0309       1.497300             -3.507290e+00         -100.00
9.340000       9.200000     0.000000   -0.108900     0.0309       1.498100             -3.505990e+00         -100.00
9.340000       9.250000     0.000000   -0.107400     0.0309       1.499100             -3.504390e+00         -100.00
9.340000       9.300000     0.000000   -0.105800     0.0309       1.500400             -3.502490e+00         -100.00
9.340000       9.350000     0.000000   -0.104100     0.0309       1.501900             -3.500190e+00         -100.00
9.340000       9.400000     0.000000   -0.102300     0.0309       1.503700             -3.497390e+00         -100.00
9.340000       9.450000     0.000000   -0.100500     0.0309       1.506000             -3.493890e+00         -100.00
9.340000       9.500000     0.000000   -0.098600     0.0309       1.508700             -3.489590e+00         -100.00
9.340000       9.550000     0.000000   -0.096600     0.0309       1.512100             -3.484290e+00         -100.00
9.340000       9.600000     0.000000   -0.094500     0.0309       1.516200             -3.477690e+00         -100.00
9.340000       9.650000     0.000000   -0.092400     0.0309       1.521300             -3.469690e+00         -100.00
9.360000       8.000000     0.000000   -0.130400     0.0314       1.524800             -3.477490e+00         -100.00
9.360000       8.050000     0.000000   -0.130100     0.0314       1.524800             -3.477390e+00         -100.00
9.360000       8.100000     0.000000   -0.129700     0.0314       1.524900             -3.477290e+00         -100.00
9.360000       8.150000     0.000000   -0.129300     0.0314       1.525000             -3.477190e+00         -100.00
9.360000       8.200000     0.000000   -0.128900     0.0314       1.525000             -3.477090e+00         -100.00
9.360000       8.250000     0.000000   -0.128400     0.0314       1.525100             -3.476990e+00         -100.00
9.360000       8.300000     0.000000   -0.127900     0.0314       1.525200             -3.476890e+00         -100.00
9.360000       8.350000     0.000000   -0.127400     0.0314       1.525300             -3.476690e+00         -100.00
9.360000       8.400000     0.000000   -0.126800     0.0314       1.525400             -3.476590e+00         -100.00
9.360000       8.450000     0.000000   -0.126200     0.0314       1.525500             -3.476390e+00         -100.00
9.360000       8.500000     0.000000   -0.125600     0.0314       1.525600             -3.476290e+00         -100.00
9.360000       8.550000     0.000000   -0.124900     0.0314       1.525800             -3.476090e+00         -100.00
9.360000       8.600000     0.000000   -0.124100     0.0314       1.525900             -3.475890e+00         -100.00
9.360000       8.650000     0.000000   -0.123300     0.0314       1.526100             -3.475590e+00         -100.00
9.360000       8.700000     0.000000   -0.122500     0.0314       1.526300             -3.475290e+00         -100.00
9.360000       8.750000     0.000000   -0.121600     0.0314       1.526500             -3.474990e+00         -100.00
9.360000       8.800000     0.000000   -0.120700     0.0314       1.526800             -3.474690e+00         -100.00
9.360000       8.850000     0.000000   -0.119700     0.0314       1.527000             -3.474290e+00         -100.00
9.360000       8.900000     0.000000   -0.118600     0.0314       1.527400             -3.473790e+00         -100.00
9.360000       8.950000     0.000000   -0.117500     0.0314       1.527700             -3.473290e+00         -100.00
9.360000       9.000000     0.000000   -0.116300     0.0314       1.528200             -3.472590e+00         -100.00
9.360000       9.050000     0.000000   -0.115000     0.0314       1.528700             -3.471890e+00         -100.00
9.360000       9.100000     0.000000   -0.113700     0.0314       1.529300             -3.470990e+00         -100.00
9.360000       9.150000     0.000000   -0.112300     0.0314       1.530000             -3.469890e+00         -100.00
9.360000       9.200000     0.000000   -0.110800     0.0314       1.530800             -3.468590e+00         -100.00
9.360000       9.250000     0.000000   -0.109300     0.0314       1.531800             -3.467090e+00         -100.00
9.360000       9.300000     0.000000   -0.107700     0.0314       1.533000             -3.465190e+00         -100.00
9.360000       9.350000     0.000000   -0.106000     0.0314       1.534500             -3.462990e+00         -100.00
9.360000       9.400000     0.000000   -0.104200     0.0314       1.536300             -3.460190e+00         -100.00
9.360000       9.450000     0.000000   -0.102300     0.0314       1.538500             -3.456790e+00         -100.00
9.360000       9.500000     0.000000   -0.100400     0.0314       1.541200             -3.452590e+00         -100.00
9.360000       9.550000     0.000000   -0.098400     0.0314       1.544500             -3.447390e+00         -100.00
9.360000       9.600000     0.000000   -0.096300     0.0314       1.548500             -3.440990e+00         -100.00
9.360000       9.650000     0.000000   -0.094100     0.0314       1.553500             -3.433090e+00         -100.00
9.380000       8.000000     0.000000   -0.132500     0.0318       1.557600             -3.439890e+00         -100.00
9.380000       8.050000     0.000000   -0.132100     0.0318       1.557700             -3.439790e+00         -100.00
9.380000       8.100000     0.000000   -0.131700     0.0318       1.557700             -3.439690e+00         -100.00
9.380000       8.150000     0.000000   -0.131300     0.0318       1.557800             -3.439590e+00         -100.00
9.380000       8.200000     0.000000   -0.130900     0.0318       1.557900             -3.439490e+00         -100.00
9.380000       8.250000     0.000000   -0.130400     0.0318       1.558000             -3.439390e+00         -100.00
9.380000       8.300000     0.000000   -0.129900     0.0318       1.558000             -3.439290e+00         -100.00
9.380000       8.350000     0.000000   -0.129400     0.0318       1.558100             -3.439190e+00         -100.00
9.380000       8.400000     0.000000   -0.128800     0.0318       1.558200             -3.438990e+00         -100.00
9.380000       8.450000     0.000000   -0.128200     0.0318       1.558400             -3.438890e+00         -100.00
9.380000       8.500000     0.000000   -0.127600     0.0318       1.558500             -3.438690e+00         -100.00
9.380000       8.550000     0.000000   -0.126900     0.0318       1.558600             -3.438490e+00         -100.00
9.380000       8.600000     0.000000   -0.126200     0.0318       1.558800             -3.438290e+00         -100.00
9.380000       8.650000     0.000000   -0.125400     0.0318       1.558900             -3.437990e+00         -100.00
9.380000       8.700000     0.000000   -0.124500     0.0318       1.559100             -3.437790e+00         -100.00
9.380000       8.750000     0.000000   -0.123600     0.0318       1.559300             -3.437490e+00         -100.00
9.380000       8.800000     0.000000   -0.122700     0.0318       1.559600             -3.437090e+00         -100.00
9.380000       8.850000     0.000000   -0.121700     0.0318       1.559900             -3.436690e+00         -100.00
9.380000       8.900000     0.000000   -0.120600     0.0318       1.560200             -3.436290e+00         -100.00
9.380000       8.950000     0.000000   -0.119500     0.0318       1.560500             -3.435690e+00         -100.00
9.380000       9.000000     0.000000   -0.118300     0.0318       1.561000             -3.435090e+00         -100.00
9.380000       9.050000     0.000000   -0.117000     0.0318       1.561500             -3.434390e+00         -100.00
9.380000       9.100000     0.000000   -0.115700     0.0318       1.562000             -3.433490e+00         -100.00
9.380000       9.150000     0.000000   -0.114200     0.0318       1.562700             -3.432390e+00         -100.00
9.380000       9.200000     0.000000   -0.112800     0.0318       1.563600             -3.431190e+00         -100.00
9.380000       9.250000     0.000000   -0.111200     0.0318       1.564500             -3.429690e+00         -100.00
9.380000       9.300000     0.000000   -0.109500     0.0318       1.565700             -3.427790e+00         -100.00
9.380000       9.350000     0.000000   -0.107800     0.0318       1.567200             -3.425590e+00         -100.00
9.380000       9.400000     0.000000   -0.106000     0.0318       1.568900             -3.422890e+00         -100.00
9.380000       9.450000     0.000000   -0.104200     0.0318       1.571000             -3.419490e+00         -100.00
9.380000       9.500000     0.000000   -0.102200     0.0318       1.573700             -3.415390e+00         -100.00
9.380000       9.550000     0.000000   -0.100200     0.0318       1.576900             -3.410390e+00         -100.00
9.380000       9.600000     0.000000   -0.098100     0.0318       1.580800             -3.404090e+00         -100.00
9.380000       9.650000     0.000000   -0.095900     0.0318       1.585700             -3.396390e+00         -100.00
9.400000       8.000000     0.000000   -0.134600     0.0323       1.590500             -3.402190e+00         -100.00
9.400000       8.050000     0.000000   -0.134200     0.0323       1.590500             -3.402090e+00         -100.00
9.400000       8.100000     0.000000   -0.133800     0.0323       1.590600             -3.401990e+00         -100.00
9.400000       8.150000     0.000000   -0.133400     0.0323       1.590700             -3.401890e+00         -100.00
9.400000       8.200000     0.000000   -0.133000     0.0323       1.590700             -3.401790e+00         -100.00
9.400000       8.250000     0.000000   -0.132500     0.0323       1.590800             -3.401690e+00         -100.00
9.400000       8.300000     0.000000   -0.132000     0.0323       1.590900             -3.401590e+00         -100.00
9.400000       8.350000     0.000000   -0.131500     0.0323       1.591000             -3.401490e+00         -100.00
9.400000       8.400000     0.000000   -0.130900     0.0323       1.591100             -3.401290e+00         -100.00
9.400000       8.450000     0.000000   -0.130300     0.0323       1.591200             -3.401190e+00         -100.00
9.400000       8.500000     0.000000   -0.129600     0.0323       1.591300             -3.400990e+00         -100.00
9.400000       8.550000     0.000000   -0.129000     0.0323       1.591500             -3.400790e+00         -100.00
9.400000       8.600000     0.000000   -0.128200     0.0323       1.591600             -3.400590e+00         -100.00
9.400000       8.650000     0.000000   -0.127400     0.0323       1.591800             -3.400390e+00         -100.00
9.400000       8.700000     0.000000   -0.126600     0.0323       1.592000             -3.400090e+00         -100.00
9.400000       8.750000     0.000000   -0.125700     0.0323       1.592200             -3.399790e+00         -100.00
9.400000       8.800000     0.000000   -0.124700     0.0323       1.592400             -3.399490e+00         -100.00
9.400000       8.850000     0.000000   -0.123700     0.0323       1.592700             -3.399090e+00         -100.00
9.400000       8.900000     0.000000   -0.122600     0.0323       1.593000             -3.398590e+00         -100.00
9.400000       8.950000     0.000000   -0.121500     0.0323       1.593400             -3.398090e+00         -100.00
9.400000       9.000000     0.000000   -0.120300     0.0323       1.593800             -3.397490e+00         -100.00
9.400000       9.050000     0.000000   -0.119000     0.0323       1.594300             -3.396790e+00         -100.00
9.400000       9.100000     0.000000   -0.117600     0.0323       1.594900             -3.395890e+00         -100.00
9.400000       9.150000     0.000000   -0.116200     0.0323       1.595500             -3.394890e+00         -100.00
9.400000       9.200000     0.000000   -0.114700     0.0323       1.596300             -3.393590e+00         -100.00
9.400000       9.250000     0.000000   -0.113100     0.0323       1.597300             -3.392190e+00         -100.00
9.400000       9.300000     0.000000   -0.111500     0.0323       1.598500             -3.390390e+00         -100.00
9.400000       9.350000     0.000000   -0.109700     0.0323       1.599900             -3.388190e+00         -100.00
9.400000       9.400000     0.000000   -0.107900     0.0323       1.601600             -3.385490e+00         -100.00
9.400000       9.450000     0.000000   -0.106000     0.0323       1.603600             -3.382190e+00         -100.00
9.400000       9.500000     0.000000   -0.104000     0.0323       1.606200             -3.378190e+00         -100.00
9.400000       9.550000     0.000000   -0.102000     0.0323       1.609300             -3.373290e+00         -100.00
9.400000       9.600000     0.000000   -0.099900     0.0323       1.613200             -3.367190e+00         -100.00
9.400000       9.650000     0.000000   -0.097700     0.0323       1.617900             -3.359690e+00         -100.00
9.420000       8.000000     0.000000   -0.136700     0.0328       1.623400             -3.364390e+00         -100.00
9.420000       8.050000     0.000000   -0.136300     0.0328       1.623500             -3.364390e+00         -100.00
9.420000       8.100000     0.000000   -0.136000     0.0328       1.623500             -3.364290e+00         -100.00
9.420000       8.150000     0.000000   -0.135500     0.0328       1.623600             -3.364190e+00         -100.00
9.420000       8.200000     0.000000   -0.135100     0.0328       1.623700             -3.364090e+00         -100.00
9.420000       8.250000     0.000000   -0.134600     0.0328       1.623700             -3.363990e+00         -100.00
9.420000       8.300000     0.000000   -0.134100     0.0328       1.623800             -3.363890e+00         -100.00
9.420000       8.350000     0.000000   -0.133600     0.0328       1.623900             -3.363690e+00         -100.00
9.420000       8.400000     0.000000   -0.133000     0.0328       1.624000             -3.363590e+00         -100.00
9.420000       8.450000     0.000000   -0.132400     0.0328       1.624100             -3.363390e+00         -100.00
9.420000       8.500000     0.000000   -0.131700     0.0328       1.624200             -3.363290e+00         -100.00
9.420000       8.550000     0.000000   -0.131000     0.0328       1.624400             -3.363090e+00         -100.00
9.420000       8.600000     0.000000   -0.130300     0.0328       1.624500             -3.362890e+00         -100.00
9.420000       8.650000     0.000000   -0.129500     0.0328       1.624700             -3.362590e+00         -100.00
9.420000       8.700000     0.000000   -0.128600     0.0328       1.624900             -3.362390e+00         -100.00
9.420000       8.750000     0.000000   -0.127700     0.0328       1.625100             -3.362090e+00         -100.00
9.420000       8.800000     0.000000   -0.126800     0.0328       1.625300             -3.361690e+00         -100.00
9.420000       8.850000     0.000000   -0.125700     0.0328       1.625600             -3.361290e+00         -100.00
9.420000       8.900000     0.000000   -0.124700     0.0328       1.625900             -3.360890e+00         -100.00
9.420000       8.950000     0.000000   -0.123500     0.0328       1.626300             -3.360390e+00         -100.00
9.420000       9.000000     0.000000   -0.122300     0.0328       1.626700             -3.359790e+00         -100.00
9.420000       9.050000     0.000000   -0.121000     0.0328       1.627100             -3.359090e+00         -100.00
9.420000       9.100000     0.000000   -0.119600     0.0328       1.627700             -3.358190e+00         -100.00
9.420000       9.150000     0.000000   -0.118200     0.0328       1.628400             -3.357190e+00         -100.00
9.420000       9.200000     0.000000   -0.116700     0.0328       1.629100             -3.355990e+00         -100.00
9.420000       9.250000     0.000000   -0.115100     0.0328       1.630100             -3.354590e+00         -100.00
9.420000       9.300000     0.000000   -0.113400     0.0328       1.631200             -3.352790e+00         -100.00
9.420000       9.350000     0.000000   -0.111700     0.0328       1.632600             -3.350690e+00         -100.00
9.420000       9.400000     0.000000   -0.109800     0.0328       1.634300             -3.348090e+00         -100.00
9.420000       9.450000     0.000000   -0.107900     0.0328       1.636300             -3.344890e+00         -100.00
9.420000       9.500000     0.000000   -0.105900     0.0328       1.638800             -3.340890e+00         -100.00
9.420000       9.550000     0.000000   -0.103900     0.0328       1.641800             -3.336090e+00         -100.00
9.420000       9.600000     0.000000   -0.101700     0.0328       1.645600             -3.330090e+00         -100.00
9.420000       9.650000     0.000000   -0.099500     0.0328       1.650200             -3.322790e+00         -100.00
9.440000       8.000000     0.000000   -0.138800     0.0333       1.656300             -3.326590e+00         -100.00
9.440000       8.050000     0.000000   -0.138500     0.0333       1.656400             -3.326490e+00         -100.00
9.440000       8.100000     0.000000   -0.138100     0.0333       1.656500             -3.326390e+00         -100.00
9.440000       8.150000     0.000000   -0.137700     0.0333       1.656500             -3.326290e+00         -100.00
9.440000       8.200000     0.000000   -0.137300     0.0333       1.656600             -3.326190e+00         -100.00
9.440000       8.250000     0.000000   -0.136800     0.0333       1.656700             -3.326090e+00         -100.00
9.440000       8.300000     0.000000   -0.136300     0.0333       1.656800             -3.325990e+00         -100.00
9.440000       8.350000     0.000000   -0.135700     0.0333       1.656800             -3.325890e+00         -100.00
9.440000       8.400000     0.000000   -0.135200     0.0333       1.656900             -3.325790e+00         -100.00
9.440000       8.450000     0.000000   -0.134500     0.0333       1.657100             -3.325590e+00         -100.00
9.440000       8.500000     0.000000   -0.133900     0.0333       1.657200             -3.325390e+00         -100.00
9.440000       8.550000     0.000000   -0.133200     0.0333       1.657300             -3.325290e+00         -100.00
9.440000       8.600000     0.000000   -0.132400     0.0333       1.657500             -3.324990e+00         -100.00
9.440000       8.650000     0.000000   -0.131600     0.0333       1.657600             -3.324790e+00         -100.00
9.440000       8.700000     0.000000   -0.130700     0.0333       1.657800             -3.324590e+00         -100.00
9.440000       8.750000     0.000000   -0.129800     0.0333       1.658000             -3.324290e+00         -100.00
9.440000       8.800000     0.000000   -0.128900     0.0333       1.658200             -3.323890e+00         -100.00
9.440000       8.850000     0.000000   -0.127800     0.0333       1.658500             -3.323490e+00         -100.00
9.440000       8.900000     0.000000   -0.126700     0.0333       1.658800             -3.323090e+00         -100.00
9.440000       8.950000     0.000000   -0.125600     0.0333       1.659200             -3.322590e+00         -100.00
9.440000       9.000000     0.000000   -0.124300     0.0333       1.659600             -3.321990e+00         -100.00
9.440000       9.050000     0.000000   -0.123000     0.0333       1.660000             -3.321290e+00         -100.00
9.440000       9.100000     0.000000   -0.121700     0.0333       1.660600             -3.320490e+00         -100.00
9.440000       9.150000     0.000000   -0.120200     0.0333       1.661200             -3.319490e+00         -100.00
9.440000       9.200000     0.000000   -0.118700     0.0333       1.662000             -3.318290e+00         -100.00
9.440000       9.250000     0.000000   -0.117100     0.0333       1.662900             -3.316890e+00         -100.00
9.440000       9.300000     0.000000   -0.115400     0.0333       1.664000             -3.315190e+00         -100.00
9.440000       9.350000     0.000000   -0.113600     0.0333       1.665400             -3.313090e+00         -100.00
9.440000       9.400000     0.000000   -0.111800     0.0333       1.667000             -3.310490e+00         -100.00
9.440000       9.450000     0.000000   -0.109900     0.0333       1.669000             -3.307390e+00         -100.00
9.440000       9.500000     0.000000   -0.107800     0.0333       1.671400             -3.303590e+00         -100.00
9.440000       9.550000     0.000000   -0.105700     0.0333       1.674400             -3.298790e+00         -100.00
9.440000       9.600000     0.000000   -0.103600     0.0333       1.678000             -3.292990e+00         -100.00
9.440000       9.650000     0.000000   -0.101300     0.0333       1.682500             -3.285790e+00         -100.00
9.460000       8.000000     0.000000   -0.141000     0.0338       1.689300             -3.288690e+00         -100.00
9.460000       8.050000     0.000000   -0.140700     0.0338       1.689400             -3.288590e+00         -100.00
9.460000       8.100000     0.000000   -0.140300     0.0338       1.689400             -3.288490e+00         -100.00
9.460000       8.150000     0.000000   -0.139900     0.0338       1.689500             -3.288390e+00         -100.00
9.460000       8.200000     0.000000   -0.139400     0.0338       1.689600             -3.288290e+00         -100.00
9.460000       8.250000     0.000000   -0.139000     0.0338       1.689600             -3.288190e+00         -100.00
9.460000       8.300000     0.000000   -0.138500     0.0338       1.689700             -3.288090e+00         -100.00
9.460000       8.350000     0.000000   -0.137900     0.0338       1.689800             -3.287990e+00         -100.00
9.460000       8.400000     0.000000   -0.137300     0.0338       1.689900             -3.287790e+00         -100.00
9.460000       8.450000     0.000000   -0.136700     0.0338       1.690000             -3.287690e+00         -100.00
9.460000       8.500000     0.000000   -0.136000     0.0338       1.690200             -3.287490e+00         -100.00
9.460000       8.550000     0.000000   -0.135300     0.0338       1.690300             -3.287290e+00         -100.00
9.460000       8.600000     0.000000   -0.134600     0.0338       1.690400             -3.287090e+00         -100.00
9.460000       8.650000     0.000000   -0.133800     0.0338       1.690600             -3.286890e+00         -100.00
9.460000       8.700000     0.000000   -0.132900     0.0338       1.690800             -3.286690e+00         -100.00
9.460000       8.750000     0.000000   -0.132000     0.0338       1.691000             -3.286390e+00         -100.00
9.460000       8.800000     0.000000   -0.131000     0.0338       1.691200             -3.285990e+00         -100.00
9.460000       8.850000     0.000000   -0.130000     0.0338       1.691500             -3.285690e+00         -100.00
9.460000       8.900000     0.000000   -0.128800     0.0338       1.691800             -3.285190e+00         -100.00
9.460000       8.950000     0.000000   -0.127700     0.0338       1.692100             -3.284690e+00         -100.00
9.460000       9.000000     0.000000   -0.126400     0.0338       1.692500             -3.284090e+00         -100.00
9.460000       9.050000     0.000000   -0.125100     0.0338       1.693000             -3.283390e+00         -100.00
9.460000       9.100000     0.000000   -0.123700     0.0338       1.693500             -3.282590e+00         -100.00
9.460000       9.150000     0.000000   -0.122300     0.0338       1.694100             -3.281690e+00         -100.00
9.460000       9.200000     0.000000   -0.120700     0.0338       1.694900             -3.280490e+00         -100.00
9.460000       9.250000     0.000000   -0.119100     0.0338       1.695800             -3.279090e+00         -100.00
9.460000       9.300000     0.000000   -0.117400     0.0338       1.696900             -3.277390e+00         -100.00
9.460000       9.350000     0.000000   -0.115600     0.0338       1.698200             -3.275390e+00         -100.00
9.460000       9.400000     0.000000   -0.113800     0.0338       1.699800             -3.272890e+00         -100.00
9.460000       9.450000     0.000000   -0.111800     0.0338       1.701700             -3.269790e+00         -100.00
9.460000       9.500000     0.000000   -0.109800     0.0338       1.704100             -3.266090e+00         -100.00
9.460000       9.550000     0.000000   -0.107700     0.0338       1.707000             -3.261490e+00         -100.00
9.460000       9.600000     0.000000   -0.105500     0.0338       1.710500             -3.255790e+00         -100.00
9.460000       9.650000     0.000000   -0.103200     0.0338       1.714900             -3.248790e+00         -100.00
9.480000       8.000000     0.000000   -0.143300     0.0344       1.722300             -3.250690e+00         -100.00
9.480000       8.050000     0.000000   -0.142900     0.0344       1.722400             -3.250590e+00         -100.00
9.480000       8.100000     0.000000   -0.142500     0.0344       1.722400             -3.250490e+00         -100.00
9.480000       8.150000     0.000000   -0.142100     0.0344       1.722500             -3.250390e+00         -100.00
9.480000       8.200000     0.000000   -0.141700     0.0344       1.722600             -3.250290e+00         -100.00
9.480000       8.250000     0.000000   -0.141200     0.0344       1.722700             -3.250190e+00         -100.00
9.480000       8.300000     0.000000   -0.140700     0.0344       1.722700             -3.250090e+00         -100.00
9.480000       8.350000     0.000000   -0.140100     0.0344       1.722800             -3.249990e+00         -100.00
9.480000       8.400000     0.000000   -0.139500     0.0344       1.722900             -3.249890e+00         -100.00
9.480000       8.450000     0.000000   -0.138900     0.0344       1.723000             -3.249690e+00         -100.00
9.480000       8.500000     0.000000   -0.138200     0.0344       1.723200             -3.249490e+00         -100.00
9.480000       8.550000     0.000000   -0.137500     0.0344       1.723300             -3.249390e+00         -100.00
9.480000       8.600000     0.000000   -0.136800     0.0344       1.723400             -3.249190e+00         -100.00
9.480000       8.650000     0.000000   -0.135900     0.0344       1.723600             -3.248890e+00         -100.00
9.480000       8.700000     0.000000   -0.135100     0.0344       1.723800             -3.248690e+00         -100.00
9.480000       8.750000     0.000000   -0.134100     0.0344       1.724000             -3.248390e+00         -100.00
9.480000       8.800000     0.000000   -0.133200     0.0344       1.724200             -3.248090e+00         -100.00
9.480000       8.850000     0.000000   -0.132100     0.0344       1.724400             -3.247690e+00         -100.00
9.480000       8.900000     0.000000   -0.131000     0.0344       1.724700             -3.247290e+00         -100.00
9.480000       8.950000     0.000000   -0.129800     0.0344       1.725100             -3.246790e+00         -100.00
9.480000       9.000000     0.000000   -0.128600     0.0344       1.725500             -3.246190e+00         -100.00
9.480000       9.050000     0.000000   -0.127200     0.0344       1.725900             -3.245490e+00         -100.00
9.480000       9.100000     0.000000   -0.125800     0.0344       1.726400             -3.244690e+00         -100.00
9.480000       9.150000     0.000000   -0.124400     0.0344       1.727100             -3.243790e+00         -100.00
9.480000       9.200000     0.000000   -0.122800     0.0344       1.727800             -3.242590e+00         -100.00
9.480000       9.250000     0.000000   -0.121200     0.0344       1.728700             -3.241290e+00         -100.00
9.480000       9.300000     0.000000   -0.119500     0.0344       1.729700             -3.239590e+00         -100.00
9.480000       9.350000     0.000000   -0.117700     0.0344       1.731000             -3.237590e+00         -100.00
9.480000       9.400000     0.000000   -0.115800     0.0344       1.732600             -3.235190e+00         -100.00
9.480000       9.450000     0.000000   -0.113800     0.0344       1.734500             -3.232190e+00         -100.00
9.480000       9.500000     0.000000   -0.111800     0.0344       1.736800             -3.228490e+00         -100.00
9.480000       9.550000     0.000000   -0.109600     0.0344       1.739600             -3.223990e+00         -100.00
9.480000       9.600000     0.000000   -0.107400     0.0344       1.743100             -3.218490e+00         -100.00
9.480000       9.650000     0.000000   -0.105100     0.0344       1.747300             -3.211590e+00         -100.00
9.500000       8.000000     0.000000   -0.145500     0.0349       1.755400             -3.212590e+00         -100.00
9.500000       8.050000     0.000000   -0.145200     0.0349       1.755400             -3.212490e+00         -100.00
9.500000       8.100000     0.000000   -0.144800     0.0349       1.755500             -3.212390e+00         -100.00
9.500000       8.150000     0.000000   -0.144400     0.0349       1.755500             -3.212390e+00         -100.00
9.500000       8.200000     0.000000   -0.143900     0.0349       1.755600             -3.212290e+00         -100.00
9.500000       8.250000     0.000000   -0.143400     0.0349       1.755700             -3.212190e+00         -100.00
9.500000       8.300000     0.000000   -0.142900     0.0349       1.755800             -3.211990e+00         -100.00
9.500000       8.350000     0.000000   -0.142400     0.0349       1.755900             -3.211890e+00         -100.00
9.500000       8.400000     0.000000   -0.141800     0.0349       1.756000             -3.211790e+00         -100.00
9.500000       8.450000     0.000000   -0.141100     0.0349       1.756100             -3.211590e+00         -100.00
9.500000       8.500000     0.000000   -0.140500     0.0349       1.756200             -3.211490e+00         -100.00
9.500000       8.550000     0.000000   -0.139700     0.0349       1.756300             -3.211290e+00         -100.00
9.500000       8.600000     0.000000   -0.139000     0.0349       1.756500             -3.211090e+00         -100.00
9.500000       8.650000     0.000000   -0.138200     0.0349       1.756600             -3.210890e+00         -100.00
9.500000       8.700000     0.000000   -0.137300     0.0349       1.756800             -3.210590e+00         -100.00
9.500000       8.750000     0.000000   -0.136300     0.0349       1.757000             -3.210290e+00         -100.00
9.500000       8.800000     0.000000   -0.135400     0.0349       1.757200             -3.209990e+00         -100.00
9.500000       8.850000     0.000000   -0.134300     0.0349       1.757500             -3.209590e+00         -100.00
9.500000       8.900000     0.000000   -0.133200     0.0349       1.757700             -3.209190e+00         -100.00
9.500000       8.950000     0.000000   -0.132000     0.0349       1.758100             -3.208690e+00         -100.00
9.500000       9.000000     0.000000   -0.130700     0.0349       1.758500             -3.208190e+00         -100.00
9.500000       9.050000     0.000000   -0.129400     0.0349       1.758900             -3.207490e+00         -100.00
9.500000       9.100000     0.000000   -0.128000     0.0349       1.759400             -3.206690e+00         -100.00
9.500000       9.150000     0.000000   -0.126500     0.0349       1.760000             -3.205790e+00         -100.00
9.500000       9.200000     0.000000   -0.124900     0.0349       1.760700             -3.204690e+00         -100.00
9.500000       9.250000     0.000000   -0.123300     0.0349       1.761600             -3.203290e+00         -100.00
9.500000       9.300000     0.000000   -0.121600     0.0349       1.762600             -3.201690e+00         -100.00
9.500000       9.350000     0.000000   -0.119700     0.0349       1.763900             -3.199790e+00         -100.00
9.500000       9.400000     0.000000   -0.117800     0.0349       1.765400             -3.197390e+00         -100.00
9.500000       9.450000     0.000000   -0.115900     0.0349       1.767200             -3.194490e+00         -100.00
9.500000       9.500000     0.000000   -0.113800     0.0349       1.769500             -3.190890e+00         -100.00
9.500000       9.550000     0.000000   -0.111600     0.0349       1.772200             -3.186490e+00         -100.00
9.500000       9.600000     0.000000   -0.109400     0.0349       1.775600             -3.181090e+00         -100.00
9.500000       9.650000     0.000000   -0.107000     0.0349       1.779800             -3.174390e+00         -100.00
9.520000       8.000000     0.000000   -0.147800     0.0354       1.788400             -3.174490e+00         -100.00
9.520000       8.050000     0.000000   -0.147500     0.0354       1.788500             -3.174390e+00         -100.00
9.520000       8.100000     0.000000   -0.147100     0.0354       1.788500             -3.174290e+00         -100.00
9.520000       8.150000     0.000000   -0.146700     0.0354       1.788600             -3.174190e+00         -100.00
9.520000       8.200000     0.000000   -0.146200     0.0354       1.788700             -3.174090e+00         -100.00
9.520000       8.250000     0.000000   -0.145700     0.0354       1.788700             -3.173990e+00         -100.00
9.520000       8.300000     0.000000   -0.145200     0.0354       1.788800             -3.173890e+00         -100.00
9.520000       8.350000     0.000000   -0.144600     0.0354       1.788900             -3.173790e+00         -100.00
9.520000       8.400000     0.000000   -0.144100     0.0354       1.789000             -3.173590e+00         -100.00
9.520000       8.450000     0.000000   -0.143400     0.0354       1.789100             -3.173490e+00         -100.00
9.520000       8.500000     0.000000   -0.142700     0.0354       1.789200             -3.173290e+00         -100.00
9.520000       8.550000     0.000000   -0.142000     0.0354       1.789400             -3.173190e+00         -100.00
9.520000       8.600000     0.000000   -0.141200     0.0354       1.789500             -3.172990e+00         -100.00
9.520000       8.650000     0.000000   -0.140400     0.0354       1.789700             -3.172690e+00         -100.00
9.520000       8.700000     0.000000   -0.139500     0.0354       1.789800             -3.172490e+00         -100.00
9.520000       8.750000     0.000000   -0.138600     0.0354       1.790000             -3.172190e+00         -100.00
9.520000       8.800000     0.000000   -0.137600     0.0354       1.790300             -3.171890e+00         -100.00
9.520000       8.850000     0.000000   -0.136500     0.0354       1.790500             -3.171490e+00         -100.00
9.520000       8.900000     0.000000   -0.135400     0.0354       1.790800             -3.171090e+00         -100.00
9.520000       8.950000     0.000000   -0.134200     0.0354       1.791100             -3.170590e+00         -100.00
9.520000       9.000000     0.000000   -0.132900     0.0354       1.791500             -3.170090e+00         -100.00
9.520000       9.050000     0.000000   -0.131600     0.0354       1.791900             -3.169390e+00         -100.00
9.520000       9.100000     0.000000   -0.130200     0.0354       1.792400             -3.168690e+00         -100.00
9.520000       9.150000     0.000000   -0.128700     0.0354       1.793000             -3.167690e+00         -100.00
9.520000       9.200000     0.000000   -0.127100     0.0354       1.793700             -3.166590e+00         -100.00
9.520000       9.250000     0.000000   -0.125400     0.0354       1.794600             -3.165290e+00         -100.00
9.520000       9.300000     0.000000   -0.123700     0.0354       1.795600             -3.163790e+00         -100.00
9.520000       9.350000     0.000000   -0.121800     0.0354       1.796800             -3.161790e+00         -100.00
9.520000       9.400000     0.000000   -0.119900     0.0354       1.798300             -3.159490e+00         -100.00
9.520000       9.450000     0.000000   -0.117900     0.0354       1.800100             -3.156690e+00         -100.00
9.520000       9.500000     0.000000   -0.115800     0.0354       1.802300             -3.153190e+00         -100.00
9.520000       9.550000     0.000000   -0.113600     0.0354       1.805000             -3.148890e+00         -100.00
9.520000       9.600000     0.000000   -0.111400     0.0354       1.808200             -3.143590e+00         -100.00
9.520000       9.650000     0.000000   -0.109000     0.0354       1.812300             -3.136990e+00         -100.00
9.540000       8.000000     0.000000   -0.150200     0.0360       1.821500             -3.136190e+00         -100.00
9.540000       8.050000     0.000000   -0.149800     0.0360       1.821600             -3.136190e+00         -100.00
9.540000       8.100000     0.000000   -0.149400     0.0360       1.821600             -3.136090e+00         -100.00
9.540000       8.150000     0.000000   -0.149000     0.0360       1.821700             -3.135990e+00         -100.00
9.540000       8.200000     0.000000   -0.148500     0.0360       1.821800             -3.135890e+00         -100.00
9.540000       8.250000     0.000000   -0.148000     0.0360       1.821800             -3.135790e+00         -100.00
9.540000       8.300000     0.000000   -0.147500     0.0360       1.821900             -3.135690e+00         -100.00
9.540000       8.350000     0.000000   -0.147000     0.0360       1.822000             -3.135590e+00         -100.00
9.540000       8.400000     0.000000   -0.146400     0.0360       1.822100             -3.135390e+00         -100.00
9.540000       8.450000     0.000000   -0.145700     0.0360       1.822200             -3.135290e+00         -100.00
9.540000       8.500000     0.000000   -0.145000     0.0360       1.822300             -3.135090e+00         -100.00
9.540000       8.550000     0.000000   -0.144300     0.0360       1.822500             -3.134890e+00         -100.00
9.540000       8.600000     0.000000   -0.143500     0.0360       1.822600             -3.134790e+00         -100.00
9.540000       8.650000     0.000000   -0.142700     0.0360       1.822700             -3.134490e+00         -100.00
9.540000       8.700000     0.000000   -0.141800     0.0360       1.822900             -3.134290e+00         -100.00
9.540000       8.750000     0.000000   -0.140900     0.0360       1.823100             -3.133990e+00         -100.00
9.540000       8.800000     0.000000   -0.139800     0.0360       1.823300             -3.133690e+00         -100.00
9.540000       8.850000     0.000000   -0.138800     0.0360       1.823600             -3.133290e+00         -100.00
9.540000       8.900000     0.000000   -0.137600     0.0360       1.823900             -3.132890e+00         -100.00
9.540000       8.950000     0.000000   -0.136400     0.0360       1.824200             -3.132490e+00         -100.00
9.540000       9.000000     0.000000   -0.135200     0.0360       1.824500             -3.131890e+00         -100.00
9.540000       9.050000     0.000000   -0.133800     0.0360       1.825000             -3.131290e+00         -100.00
9.540000       9.100000     0.000000   -0.132400     0.0360       1.825500             -3.130490e+00         -100.00
9.540000       9.150000     0.000000   -0.130900     0.0360       1.826000             -3.129590e+00         -100.00
9.540000       9.200000     0.000000   -0.129300     0.0360       1.826700             -3.128490e+00         -100.00
9.540000       9.250000     0.000000   -0.127600     0.0360       1.827600             -3.127290e+00         -100.00
9.540000       9.300000     0.000000   -0.125800     0.0360       1.828600             -3.125690e+00         -100.00
9.540000       9.350000     0.000000   -0.124000     0.0360       1.829700             -3.123790e+00         -100.00
9.540000       9.400000     0.000000   -0.122000     0.0360       1.831200             -3.121590e+00         -100.00
9.540000       9.450000     0.000000   -0.120000     0.0360       1.832900             -3.118790e+00         -100.00
9.540000       9.500000     0.000000   -0.117900     0.0360       1.835100             -3.115390e+00         -100.00
9.540000       9.550000     0.000000   -0.115700     0.0360       1.837700             -3.111190e+00         -100.00
9.540000       9.600000     0.000000   -0.113400     0.0360       1.840900             -3.105990e+00         -100.00
9.540000       9.650000     0.000000   -0.111000     0.0360       1.844800             -3.099590e+00         -100.00
9.560000       8.000000     0.000000   -0.152500     0.0365       1.854600             -3.097890e+00         -100.00
9.560000       8.050000     0.000000   -0.152200     0.0365       1.854700             -3.097890e+00         -100.00
9.560000       8.100000     0.000000   -0.151800     0.0365       1.854800             -3.097790e+00         -100.00
9.560000       8.150000     0.000000   -0.151300     0.0365       1.854800             -3.097690e+00         -100.00
9.560000       8.200000     0.000000   -0.150900     0.0365       1.854900             -3.097590e+00         -100.00
9.560000       8.250000     0.000000   -0.150400     0.0365       1.855000             -3.097490e+00         -100.00
9.560000       8.300000     0.000000   -0.149900     0.0365       1.855000             -3.097390e+00         -100.00
9.560000       8.350000     0.000000   -0.149300     0.0365       1.855100             -3.097290e+00         -100.00
9.560000       8.400000     0.000000   -0.148700     0.0365       1.855200             -3.097090e+00         -100.00
9.560000       8.450000     0.000000   -0.148100     0.0365       1.855300             -3.096990e+00         -100.00
9.560000       8.500000     0.000000   -0.147400     0.0365       1.855400             -3.096790e+00         -100.00
9.560000       8.550000     0.000000   -0.146600     0.0365       1.855600             -3.096690e+00         -100.00
9.560000       8.600000     0.000000   -0.145900     0.0365       1.855700             -3.096490e+00         -100.00
9.560000       8.650000     0.000000   -0.145000     0.0365       1.855900             -3.096290e+00         -100.00
9.560000       8.700000     0.000000   -0.144100     0.0365       1.856000             -3.095990e+00         -100.00
9.560000       8.750000     0.000000   -0.143200     0.0365       1.856200             -3.095690e+00         -100.00
9.560000       8.800000     0.000000   -0.142200     0.0365       1.856400             -3.095390e+00         -100.00
9.560000       8.850000     0.000000   -0.141100     0.0365       1.856700             -3.095090e+00         -100.00
9.560000       8.900000     0.000000   -0.139900     0.0365       1.856900             -3.094690e+00         -100.00
9.560000       8.950000     0.000000   -0.138700     0.0365       1.857300             -3.094190e+00         -100.00
9.560000       9.000000     0.000000   -0.137400     0.0365       1.857600             -3.093690e+00         -100.00
9.560000       9.050000     0.000000   -0.136100     0.0365       1.858000             -3.092990e+00         -100.00
9.560000       9.100000     0.000000   -0.134600     0.0365       1.858500             -3.092290e+00         -100.00
9.560000       9.150000     0.000000   -0.133100     0.0365       1.859100             -3.091390e+00         -100.00
9.560000       9.200000     0.000000   -0.131500     0.0365       1.859800             -3.090390e+00         -100.00
9.560000       9.250000     0.000000   -0.129800     0.0365       1.860600             -3.089090e+00         -100.00
9.560000       9.300000     0.000000   -0.128000     0.0365       1.861500             -3.087590e+00         -100.00
9.560000       9.350000     0.000000   -0.126200     0.0365       1.862700             -3.085790e+00         -100.00
9.560000       9.400000     0.000000   -0.124200     0.0365       1.864100             -3.083490e+00         -100.00
9.560000       9.450000     0.000000   -0.122200     0.0365       1.865800             -3.080790e+00         -100.00
9.560000       9.500000     0.000000   -0.120000     0.0365       1.867900             -3.077490e+00         -100.00
9.560000       9.550000     0.000000   -0.117800     0.0365       1.870500             -3.073390e+00         -100.00
9.560000       9.600000     0.000000   -0.115500     0.0365       1.873600             -3.068290e+00         -100.00
9.560000       9.650000     0.000000   -0.113100     0.0365       1.877400             -3.062090e+00         -100.00
9.580000       8.000000     0.000000   -0.154900     0.0371       1.887800             -3.059590e+00         -100.00
9.580000       8.050000     0.000000   -0.154600     0.0371       1.887800             -3.059490e+00         -100.00
9.580000       8.100000     0.000000   -0.154200     0.0371       1.887900             -3.059390e+00         -100.00
9.580000       8.150000     0.000000   -0.153700     0.0371       1.888000             -3.059290e+00         -100.00
9.580000       8.200000     0.000000   -0.153300     0.0371       1.888000             -3.059290e+00         -100.00
9.580000       8.250000     0.000000   -0.152800     0.0371       1.888100             -3.059190e+00         -100.00
9.580000       8.300000     0.000000   -0.152300     0.0371       1.888200             -3.058990e+00         -100.00
9.580000       8.350000     0.000000   -0.151700     0.0371       1.888300             -3.058890e+00         -100.00
9.580000       8.400000     0.000000   -0.151100     0.0371       1.888400             -3.058790e+00         -100.00
9.580000       8.450000     0.000000   -0.150400     0.0371       1.888500             -3.058690e+00         -100.00
9.580000       8.500000     0.000000   -0.149800     0.0371       1.888600             -3.058490e+00         -100.00
9.580000       8.550000     0.000000   -0.149000     0.0371       1.888700             -3.058290e+00         -100.00
9.580000       8.600000     0.000000   -0.148200     0.0371       1.888800             -3.058090e+00         -100.00
9.580000       8.650000     0.000000   -0.147400     0.0371       1.889000             -3.057890e+00         -100.00
9.580000       8.700000     0.000000   -0.146500     0.0371       1.889200             -3.057690e+00         -100.00
9.580000       8.750000     0.000000   -0.145500     0.0371       1.889300             -3.057390e+00         -100.00
9.580000       8.800000     0.000000   -0.144500     0.0371       1.889600             -3.057090e+00         -100.00
9.580000       8.850000     0.000000   -0.143400     0.0371       1.889800             -3.056790e+00         -100.00
9.580000       8.900000     0.000000   -0.142300     0.0371       1.890100             -3.056390e+00         -100.00
9.580000       8.950000     0.000000   -0.141000     0.0371       1.890400             -3.055890e+00         -100.00
9.580000       9.000000     0.000000   -0.139700     0.0371       1.890700             -3.055390e+00         -100.00
9.580000       9.050000     0.000000   -0.138400     0.0371       1.891100             -3.054690e+00         -100.00
9.580000       9.100000     0.000000   -0.136900     0.0371       1.891600             -3.053990e+00         -100.00
9.580000       9.150000     0.000000   -0.135400     0.0371       1.892200             -3.053190e+00         -100.00
9.580000       9.200000     0.000000   -0.133800     0.0371       1.892800             -3.052090e+00         -100.00
9.580000       9.250000     0.000000   -0.132000     0.0371       1.893600             -3.050890e+00         -100.00
9.580000       9.300000     0.000000   -0.130300     0.0371       1.894600             -3.049390e+00         -100.00
9.580000       9.350000     0.000000   -0.128400     0.0371       1.895700             -3.047590e+00         -100.00
9.580000       9.400000     0.000000   -0.126400     0.0371       1.897100             -3.045390e+00         -100.00
9.580000       9.450000     0.000000   -0.124300     0.0371       1.898800             -3.042790e+00         -100.00
9.580000       9.500000     0.000000   -0.122200     0.0371       1.900800             -3.039490e+00         -100.00
9.580000       9.550000     0.000000   -0.119900     0.0371       1.903300             -3.035490e+00         -100.00
9.580000       9.600000     0.000000   -0.117600     0.0371       1.906300             -3.030590e+00         -100.00
9.580000       9.650000     0.000000   -0.115200     0.0371       1.910100             -3.024490e+00         -100.00
9.600000       8.000000     0.000000   -0.157400     0.0377       1.921000             -3.021190e+00         -100.00
9.600000       8.050000     0.000000   -0.157000     0.0377       1.921000             -3.021090e+00         -100.00
9.600000       8.100000     0.000000   -0.156600     0.0377       1.921100             -3.020990e+00         -100.00
9.600000       8.150000     0.000000   -0.156200     0.0377       1.921100             -3.020890e+00         -100.00
9.600000       8.200000     0.000000   -0.155700     0.0377       1.921200             -3.020790e+00         -100.00
9.600000       8.250000     0.000000   -0.155200     0.0377       1.921300             -3.020690e+00         -100.00
9.600000       8.300000     0.000000   -0.154700     0.0377       1.921400             -3.020590e+00         -100.00
9.600000       8.350000     0.000000   -0.154100     0.0377       1.921400             -3.020490e+00         -100.00
9.600000       8.400000     0.000000   -0.153500     0.0377       1.921500             -3.020390e+00         -100.00
9.600000       8.450000     0.000000   -0.152900     0.0377       1.921600             -3.020190e+00         -100.00
9.600000       8.500000     0.000000   -0.152200     0.0377       1.921700             -3.020090e+00         -100.00
9.600000       8.550000     0.000000   -0.151400     0.0377       1.921900             -3.019890e+00         -100.00
9.600000       8.600000     0.000000   -0.150600     0.0377       1.922000             -3.019690e+00         -100.00
9.600000       8.650000     0.000000   -0.149800     0.0377       1.922200             -3.019490e+00         -100.00
9.600000       8.700000     0.000000   -0.148900     0.0377       1.922300             -3.019290e+00         -100.00
9.600000       8.750000     0.000000   -0.147900     0.0377       1.922500             -3.018990e+00         -100.00
9.600000       8.800000     0.000000   -0.146900     0.0377       1.922700             -3.018690e+00         -100.00
9.600000       8.850000     0.000000   -0.145800     0.0377       1.922900             -3.018390e+00         -100.00
9.600000       8.900000     0.000000   -0.144600     0.0377       1.923200             -3.017990e+00         -100.00
9.600000       8.950000     0.000000   -0.143400     0.0377       1.923500             -3.017490e+00         -100.00
9.600000       9.000000     0.000000   -0.142100     0.0377       1.923900             -3.016990e+00         -100.00
9.600000       9.050000     0.000000   -0.140700     0.0377       1.924300             -3.016390e+00         -100.00
9.600000       9.100000     0.000000   -0.139200     0.0377       1.924700             -3.015690e+00         -100.00
9.600000       9.150000     0.000000   -0.137700     0.0377       1.925300             -3.014790e+00         -100.00
9.600000       9.200000     0.000000   -0.136000     0.0377       1.925900             -3.013790e+00         -100.00
9.600000       9.250000     0.000000   -0.134300     0.0377       1.926700             -3.012590e+00         -100.00
9.600000       9.300000     0.000000   -0.132500     0.0377       1.927600             -3.011190e+00         -100.00
9.600000       9.350000     0.000000   -0.130600     0.0377       1.928700             -3.009390e+00         -100.00
9.600000       9.400000     0.000000   -0.128600     0.0377       1.930100             -3.007290e+00         -100.00
9.600000       9.450000     0.000000   -0.126500     0.0377       1.931700             -3.004690e+00         -100.00
9.600000       9.500000     0.000000   -0.124400     0.0377       1.933700             -3.001490e+00         -100.00
9.600000       9.550000     0.000000   -0.122100     0.0377       1.936100             -2.997590e+00         -100.00
9.600000       9.600000     0.000000   -0.119700     0.0377       1.939100             -2.992790e+00         -100.00
9.600000       9.650000     0.000000   -0.117300     0.0377       1.942700             -2.986790e+00         -100.00
9.620000       8.000000     0.000000   -0.159900     0.0382       1.954200             -2.982690e+00         -100.00
9.620000       8.050000     0.000000   -0.159500     0.0382       1.954200             -2.982590e+00         -100.00
9.620000       8.100000     0.000000   -0.159100     0.0382       1.954300             -2.982490e+00         -100.00
9.620000       8.150000     0.000000   -0.158700     0.0382       1.954300             -2.982390e+00         -100.00
9.620000       8.200000     0.000000   -0.158200     0.0382       1.954400             -2.982290e+00         -100.00
9.620000       8.250000     0.000000   -0.157700     0.0382       1.954500             -2.982190e+00         -100.00
9.620000       8.300000     0.000000   -0.157200     0.0382       1.954500             -2.982090e+00         -100.00
9.620000       8.350000     0.000000   -0.156600     0.0382       1.954600             -2.981990e+00         -100.00
9.620000       8.400000     0.000000   -0.156000     0.0382       1.954700             -2.981890e+00         -100.00
9.620000       8.450000     0.000000   -0.155300     0.0382       1.954800             -2.981790e+00         -100.00
9.620000       8.500000     0.000000   -0.154600     0.0382       1.954900             -2.981590e+00         -100.00
9.620000       8.550000     0.000000   -0.153900     0.0382       1.955100             -2.981390e+00         -100.00
9.620000       8.600000     0.000000   -0.153100     0.0382       1.955200             -2.981190e+00         -100.00
9.620000       8.650000     0.000000   -0.152200     0.0382       1.955300             -2.980990e+00         -100.00
9.620000       8.700000     0.000000   -0.151300     0.0382       1.955500             -2.980790e+00         -100.00
9.620000       8.750000     0.000000   -0.150300     0.0382       1.955700             -2.980490e+00         -100.00
9.620000       8.800000     0.000000   -0.149300     0.0382       1.955900             -2.980190e+00         -100.00
9.620000       8.850000     0.000000   -0.148200     0.0382       1.956100             -2.979890e+00         -100.00
9.620000       8.900000     0.000000   -0.147000     0.0382       1.956400             -2.979490e+00         -100.00
9.620000       8.950000     0.000000   -0.145800     0.0382       1.956700             -2.979090e+00         -100.00
9.620000       9.000000     0.000000   -0.144500     0.0382       1.957000             -2.978590e+00         -100.00
9.620000       9.050000     0.000000   -0.143100     0.0382       1.957400             -2.977990e+00         -100.00
9.620000       9.100000     0.000000   -0.141600     0.0382       1.957900             -2.977290e+00         -100.00
9.620000       9.150000     0.000000   -0.140000     0.0382       1.958400             -2.976390e+00         -100.00
9.620000       9.200000     0.000000   -0.138400     0.0382       1.959000             -2.975390e+00         -100.00
9.620000       9.250000     0.000000   -0.136600     0.0382       1.959800             -2.974290e+00         -100.00
9.620000       9.300000     0.000000   -0.134800     0.0382       1.960700             -2.972790e+00         -100.00
9.620000       9.350000     0.000000   -0.132900     0.0382       1.961800             -2.971090e+00         -100.00
9.620000       9.400000     0.000000   -0.130900     0.0382       1.963100             -2.968990e+00         -100.00
9.620000       9.450000     0.000000   -0.128800     0.0382       1.964700             -2.966490e+00         -100.00
9.620000       9.500000     0.000000   -0.126600     0.0382       1.966600             -2.963390e+00         -100.00
9.620000       9.550000     0.000000   -0.124300     0.0382       1.969000             -2.959590e+00         -100.00
9.620000       9.600000     0.000000   -0.121900     0.0382       1.971900             -2.954890e+00         -100.00
9.620000       9.650000     0.000000   -0.119400     0.0382       1.975400             -2.949090e+00         -100.00
9.640000       8.000000     0.000000   -0.162400     0.0388       1.987400             -2.944090e+00         -100.00
9.640000       8.050000     0.000000   -0.162000     0.0388       1.987400             -2.943990e+00         -100.00
9.640000       8.100000     0.000000   -0.161600     0.0388       1.987500             -2.943990e+00         -100.00
9.640000       8.150000     0.000000   -0.161200     0.0388       1.987500             -2.943890e+00         -100.00
9.640000       8.200000     0.000000   -0.160700     0.0388       1.987600             -2.943790e+00         -100.00
9.640000       8.250000     0.000000   -0.160200     0.0388       1.987700             -2.943690e+00         -100.00
9.640000       8.300000     0.000000   -0.159700     0.0388       1.987800             -2.943590e+00         -100.00
9.640000       8.350000     0.000000   -0.159100     0.0388       1.987800             -2.943490e+00         -100.00
9.640000       8.400000     0.000000   -0.158500     0.0388       1.987900             -2.943290e+00         -100.00
9.640000       8.450000     0.000000   -0.157800     0.0388       1.988000             -2.943190e+00         -100.00
9.640000       8.500000     0.000000   -0.157100     0.0388       1.988100             -2.943090e+00         -100.00
9.640000       8.550000     0.000000   -0.156400     0.0388       1.988300             -2.942890e+00         -100.00
9.640000       8.600000     0.000000   -0.155500     0.0388       1.988400             -2.942690e+00         -100.00
9.640000       8.650000     0.000000   -0.154700     0.0388       1.988500             -2.942490e+00         -100.00
9.640000       8.700000     0.000000   -0.153800     0.0388       1.988700             -2.942290e+00         -100.00
9.640000       8.750000     0.000000   -0.152800     0.0388       1.988900             -2.941990e+00         -100.00
9.640000       8.800000     0.000000   -0.151700     0.0388       1.989100             -2.941690e+00         -100.00
9.640000       8.850000     0.000000   -0.150600     0.0388       1.989300             -2.941390e+00         -100.00
9.640000       8.900000     0.000000   -0.149400     0.0388       1.989600             -2.940990e+00         -100.00
9.640000       8.950000     0.000000   -0.148200     0.0388       1.989900             -2.940590e+00         -100.00
9.640000       9.000000     0.000000   -0.146900     0.0388       1.990200             -2.940090e+00         -100.00
9.640000       9.050000     0.000000   -0.145500     0.0388       1.990600             -2.939490e+00         -100.00
9.640000       9.100000     0.000000   -0.144000     0.0388       1.991000             -2.938790e+00         -100.00
9.640000       9.150000     0.000000   -0.142400     0.0388       1.991600             -2.937990e+00         -100.00
9.640000       9.200000     0.000000   -0.140700     0.0388       1.992200             -2.936990e+00         -100.00
9.640000       9.250000     0.000000   -0.139000     0.0388       1.992900             -2.935790e+00         -100.00
9.640000       9.300000     0.000000   -0.137200     0.0388       1.993800             -2.934390e+00         -100.00
9.640000       9.350000     0.000000   -0.135200     0.0388       1.994900             -2.932790e+00         -100.00
9.640000       9.400000     0.000000   -0.133200     0.0388       1.996100             -2.930690e+00         -100.00
9.640000       9.450000     0.000000   -0.131100     0.0388       1.997700             -2.928190e+00         -100.00
9.640000       9.500000     0.000000   -0.128800     0.0388       1.999600             -2.925190e+00         -100.00
9.640000       9.550000     0.000000   -0.126500     0.0388       2.001900             -2.921490e+00         -100.00
9.640000       9.600000     0.000000   -0.124100     0.0388       2.004700             -2.916890e+00         -100.00
9.640000       9.650000     0.000000   -0.121600     0.0388       2.008200             -2.911190e+00         -100.00
9.660000       8.000000     0.000000   -0.165000     0.0394       2.020600             -2.905490e+00         -100.00
9.660000       8.050000     0.000000   -0.164600     0.0394       2.020700             -2.905390e+00         -100.00
9.660000       8.100000     0.000000   -0.164200     0.0394       2.020700             -2.905390e+00         -100.00
9.660000       8.150000     0.000000   -0.163700     0.0394       2.020800             -2.905290e+00         -100.00
9.660000       8.200000     0.000000   -0.163300     0.0394       2.020800             -2.905190e+00         -100.00
9.660000       8.250000     0.000000   -0.162800     0.0394       2.020900             -2.905090e+00         -100.00
9.660000       8.300000     0.000000   -0.162200     0.0394       2.021000             -2.904990e+00         -100.00
9.660000       8.350000     0.000000   -0.161600     0.0394       2.021100             -2.904890e+00         -100.00
9.660000       8.400000     0.000000   -0.161000     0.0394       2.021200             -2.904690e+00         -100.00
9.660000       8.450000     0.000000   -0.160300     0.0394       2.021300             -2.904590e+00         -100.00
9.660000       8.500000     0.000000   -0.159600     0.0394       2.021400             -2.904390e+00         -100.00
9.660000       8.550000     0.000000   -0.158900     0.0394       2.021500             -2.904290e+00         -100.00
9.660000       8.600000     0.000000   -0.158100     0.0394       2.021600             -2.904090e+00         -100.00
9.660000       8.650000     0.000000   -0.157200     0.0394       2.021800             -2.903890e+00         -100.00
9.660000       8.700000     0.000000   -0.156300     0.0394       2.021900             -2.903690e+00         -100.00
9.660000       8.750000     0.000000   -0.155300     0.0394       2.022100             -2.903390e+00         -100.00
9.660000       8.800000     0.000000   -0.154200     0.0394       2.022300             -2.903090e+00         -100.00
9.660000       8.850000     0.000000   -0.153100     0.0394       2.022500             -2.902790e+00         -100.00
9.660000       8.900000     0.000000   -0.151900     0.0394       2.022800             -2.902390e+00         -100.00
9.660000       8.950000     0.000000   -0.150700     0.0394       2.023100             -2.901990e+00         -100.00
9.660000       9.000000     0.000000   -0.149300     0.0394       2.023400             -2.901490e+00         -100.00
9.660000       9.050000     0.000000   -0.147900     0.0394       2.023800             -2.900890e+00         -100.00
9.660000       9.100000     0.000000   -0.146400     0.0394       2.024200             -2.900190e+00         -100.00
9.660000       9.150000     0.000000   -0.144800     0.0394       2.024700             -2.899390e+00         -100.00
9.660000       9.200000     0.000000   -0.143100     0.0394       2.025400             -2.898490e+00         -100.00
9.660000       9.250000     0.000000   -0.141400     0.0394       2.026100             -2.897390e+00         -100.00
9.660000       9.300000     0.000000   -0.139500     0.0394       2.026900             -2.895990e+00         -100.00
9.660000       9.350000     0.000000   -0.137600     0.0394       2.028000             -2.894290e+00         -100.00
9.660000       9.400000     0.000000   -0.135500     0.0394       2.029200             -2.892390e+00         -100.00
9.660000       9.450000     0.000000   -0.133400     0.0394       2.030700             -2.889890e+00         -100.00
9.660000       9.500000     0.000000   -0.131100     0.0394       2.032600             -2.886990e+00         -100.00
9.660000       9.550000     0.000000   -0.128800     0.0394       2.034800             -2.883290e+00         -100.00
9.660000       9.600000     0.000000   -0.126400     0.0394       2.037600             -2.878790e+00         -100.00
9.660000       9.650000     0.000000   -0.123800     0.0394       2.040900             -2.873290e+00         -100.00
9.680000       8.000000     0.000000   -0.167600     0.0400       2.053900             -2.866790e+00         -100.00
9.680000       8.050000     0.000000   -0.167200     0.0400       2.053900             -2.866790e+00         -100.00
9.680000       8.100000     0.000000   -0.166800     0.0400       2.054000             -2.866690e+00         -100.00
9.680000       8.150000     0.000000   -0.166300     0.0400       2.054000             -2.866590e+00         -100.00
9.680000       8.200000     0.000000   -0.165900     0.0400       2.054100             -2.866490e+00         -100.00
9.680000       8.250000     0.000000   -0.165300     0.0400       2.054200             -2.866390e+00         -100.00
9.680000       8.300000     0.000000   -0.164800     0.0400       2.054300             -2.866290e+00         -100.00
9.680000       8.350000     0.000000   -0.164200     0.0400       2.054300             -2.866190e+00         -100.00
9.680000       8.400000     0.000000   -0.163600     0.0400       2.054400             -2.866090e+00         -100.00
9.680000       8.450000     0.000000   -0.162900     0.0400       2.054500             -2.865890e+00         -100.00
9.680000       8.500000     0.000000   -0.162200     0.0400       2.054600             -2.865790e+00         -100.00
9.680000       8.550000     0.000000   -0.161400     0.0400       2.054700             -2.865590e+00         -100.00
9.680000       8.600000     0.000000   -0.160600     0.0400       2.054900             -2.865390e+00         -100.00
9.680000       8.650000     0.000000   -0.159700     0.0400       2.055000             -2.865190e+00         -100.00
9.680000       8.700000     0.000000   -0.158800     0.0400       2.055200             -2.864990e+00         -100.00
9.680000       8.750000     0.000000   -0.157800     0.0400       2.055300             -2.864790e+00         -100.00
9.680000       8.800000     0.000000   -0.156800     0.0400       2.055500             -2.864490e+00         -100.00
9.680000       8.850000     0.000000   -0.155600     0.0400       2.055800             -2.864090e+00         -100.00
9.680000       8.900000     0.000000   -0.154400     0.0400       2.056000             -2.863790e+00         -100.00
9.680000       8.950000     0.000000   -0.153200     0.0400       2.056300             -2.863390e+00         -100.00
9.680000       9.000000     0.000000   -0.151800     0.0400       2.056600             -2.862890e+00         -100.00
9.680000       9.050000     0.000000   -0.150400     0.0400       2.057000             -2.862290e+00         -100.00
9.680000       9.100000     0.000000   -0.148900     0.0400       2.057400             -2.861590e+00         -100.00
9.680000       9.150000     0.000000   -0.147300     0.0400       2.057900             -2.860790e+00         -100.00
9.680000       9.200000     0.000000   -0.145600     0.0400       2.058500             -2.859890e+00         -100.00
9.680000       9.250000     0.000000   -0.143800     0.0400       2.059200             -2.858790e+00         -100.00
9.680000       9.300000     0.000000   -0.141900     0.0400       2.060100             -2.857490e+00         -100.00
9.680000       9.350000     0.000000   -0.140000     0.0400       2.061100             -2.855890e+00         -100.00
9.680000       9.400000     0.000000   -0.137900     0.0400       2.062300             -2.853890e+00         -100.00
9.680000       9.450000     0.000000   -0.135700     0.0400       2.063800             -2.851490e+00         -100.00
9.680000       9.500000     0.000000   -0.133500     0.0400       2.065600             -2.848590e+00         -100.00
9.680000       9.550000     0.000000   -0.131100     0.0400       2.067800             -2.845090e+00         -100.00
9.680000       9.600000     0.000000   -0.128700     0.0400       2.070400             -2.840690e+00         -100.00
9.680000       9.650000     0.000000   -0.126100     0.0400       2.073700             -2.835390e+00         -100.00
9.700000       8.000000     0.000000   -0.170200     0.0407       2.087200             -2.828090e+00         -100.00
9.700000       8.050000     0.000000   -0.169800     0.0407       2.087200             -2.827990e+00         -100.00
9.700000       8.100000     0.000000   -0.169400     0.0407       2.087300             -2.827890e+00         -100.00
9.700000       8.150000     0.000000   -0.169000     0.0407       2.087300             -2.827890e+00         -100.00
9.700000       8.200000     0.000000   -0.168500     0.0407       2.087400             -2.827790e+00         -100.00
9.700000       8.250000     0.000000   -0.168000     0.0407       2.087500             -2.827690e+00         -100.00
9.700000       8.300000     0.000000   -0.167400     0.0407       2.087500             -2.827590e+00         -100.00
9.700000       8.350000     0.000000   -0.166800     0.0407       2.087600             -2.827490e+00         -100.00
9.700000       8.400000     0.000000   -0.166200     0.0407       2.087700             -2.827290e+00         -100.00
9.700000       8.450000     0.000000   -0.165500     0.0407       2.087800             -2.827190e+00         -100.00
9.700000       8.500000     0.000000   -0.164800     0.0407       2.087900             -2.827090e+00         -100.00
9.700000       8.550000     0.000000   -0.164000     0.0407       2.088000             -2.826890e+00         -100.00
9.700000       8.600000     0.000000   -0.163200     0.0407       2.088100             -2.826690e+00         -100.00
9.700000       8.650000     0.000000   -0.162300     0.0407       2.088300             -2.826490e+00         -100.00
9.700000       8.700000     0.000000   -0.161400     0.0407       2.088400             -2.826290e+00         -100.00
9.700000       8.750000     0.000000   -0.160400     0.0407       2.088600             -2.825990e+00         -100.00
9.700000       8.800000     0.000000   -0.159300     0.0407       2.088800             -2.825790e+00         -100.00
9.700000       8.850000     0.000000   -0.158200     0.0407       2.089000             -2.825390e+00         -100.00
9.700000       8.900000     0.000000   -0.157000     0.0407       2.089300             -2.825090e+00         -100.00
9.700000       8.950000     0.000000   -0.155700     0.0407       2.089500             -2.824690e+00         -100.00
9.700000       9.000000     0.000000   -0.154400     0.0407       2.089900             -2.824190e+00         -100.00
9.700000       9.050000     0.000000   -0.152900     0.0407       2.090200             -2.823590e+00         -100.00
9.700000       9.100000     0.000000   -0.151400     0.0407       2.090700             -2.822990e+00         -100.00
9.700000       9.150000     0.000000   -0.149800     0.0407       2.091200             -2.822190e+00         -100.00
9.700000       9.200000     0.000000   -0.148100     0.0407       2.091700             -2.821290e+00         -100.00
9.700000       9.250000     0.000000   -0.146300     0.0407       2.092400             -2.820190e+00         -100.00
9.700000       9.300000     0.000000   -0.144400     0.0407       2.093300             -2.818890e+00         -100.00
9.700000       9.350000     0.000000   -0.142400     0.0407       2.094200             -2.817290e+00         -100.00
9.700000       9.400000     0.000000   -0.140300     0.0407       2.095400             -2.815390e+00         -100.00
9.700000       9.450000     0.000000   -0.138100     0.0407       2.096900             -2.813090e+00         -100.00
9.700000       9.500000     0.000000   -0.135900     0.0407       2.098600             -2.810290e+00         -100.00
9.700000       9.550000     0.000000   -0.133500     0.0407       2.100800             -2.806790e+00         -100.00
9.700000       9.600000     0.000000   -0.131000     0.0407       2.103400             -2.802490e+00         -100.00
9.700000       9.650000     0.000000   -0.128400     0.0407       2.106600             -2.797290e+00         -100.00
9.720000       8.000000     0.000000   -0.172900     0.0413       2.120500             -2.789290e+00         -100.00
9.720000       8.050000     0.000000   -0.172500     0.0413       2.120500             -2.789190e+00         -100.00
9.720000       8.100000     0.000000   -0.172100     0.0413       2.120600             -2.789190e+00         -100.00
9.720000       8.150000     0.000000   -0.171600     0.0413       2.120600             -2.789090e+00         -100.00
9.720000       8.200000     0.000000   -0.171200     0.0413       2.120700             -2.788990e+00         -100.00
9.720000       8.250000     0.000000   -0.170600     0.0413       2.120700             -2.788890e+00         -100.00
9.720000       8.300000     0.000000   -0.170100     0.0413       2.120800             -2.788790e+00         -100.00
9.720000       8.350000     0.000000   -0.169500     0.0413       2.120900             -2.788690e+00         -100.00
9.720000       8.400000     0.000000   -0.168900     0.0413       2.121000             -2.788590e+00         -100.00
9.720000       8.450000     0.000000   -0.168200     0.0413       2.121100             -2.788390e+00         -100.00
9.720000       8.500000     0.000000   -0.167500     0.0413       2.121200             -2.788290e+00         -100.00
9.720000       8.550000     0.000000   -0.166700     0.0413       2.121300             -2.788090e+00         -100.00
9.720000       8.600000     0.000000   -0.165900     0.0413       2.121400             -2.787890e+00         -100.00
9.720000       8.650000     0.000000   -0.165000     0.0413       2.121600             -2.787690e+00         -100.00
9.720000       8.700000     0.000000   -0.164000     0.0413       2.121700             -2.787490e+00         -100.00
9.720000       8.750000     0.000000   -0.163000     0.0413       2.121900             -2.787290e+00         -100.00
9.720000       8.800000     0.000000   -0.161900     0.0413       2.122100             -2.786990e+00         -100.00
9.720000       8.850000     0.000000   -0.160800     0.0413       2.122300             -2.786690e+00         -100.00
9.720000       8.900000     0.000000   -0.159600     0.0413       2.122500             -2.786290e+00         -100.00
9.720000       8.950000     0.000000   -0.158300     0.0413       2.122800             -2.785890e+00         -100.00
9.720000       9.000000     0.000000   -0.156900     0.0413       2.123100             -2.785390e+00         -100.00
9.720000       9.050000     0.000000   -0.155500     0.0413       2.123500             -2.784890e+00         -100.00
9.720000       9.100000     0.000000   -0.153900     0.0413       2.123900             -2.784190e+00         -100.00
9.720000       9.150000     0.000000   -0.152300     0.0413       2.124400             -2.783490e+00         -100.00
9.720000       9.200000     0.000000   -0.150600     0.0413       2.125000             -2.782590e+00         -100.00
9.720000       9.250000     0.000000   -0.148800     0.0413       2.125600             -2.781490e+00         -100.00
9.720000       9.300000     0.000000   -0.146900     0.0413       2.126500             -2.780290e+00         -100.00
9.720000       9.350000     0.000000   -0.144900     0.0413       2.127400             -2.778690e+00         -100.00
9.720000       9.400000     0.000000   -0.142800     0.0413       2.128600             -2.776890e+00         -100.00
9.720000       9.450000     0.000000   -0.140600     0.0413       2.130000             -2.774590e+00         -100.00
9.720000       9.500000     0.000000   -0.138300     0.0413       2.131700             -2.771790e+00         -100.00
9.720000       9.550000     0.000000   -0.135900     0.0413       2.133800             -2.768390e+00         -100.00
9.720000       9.600000     0.000000   -0.133400     0.0413       2.136300             -2.764290e+00         -100.00
9.720000       9.650000     0.000000   -0.130700     0.0413       2.139400             -2.759190e+00         -100.00
9.740000       8.000000     0.000000   -0.175600     0.0419       2.153800             -2.750490e+00         -100.00
9.740000       8.050000     0.000000   -0.175200     0.0419       2.153800             -2.750390e+00         -100.00
9.740000       8.100000     0.000000   -0.174800     0.0419       2.153900             -2.750290e+00         -100.00
9.740000       8.150000     0.000000   -0.174400     0.0419       2.153900             -2.750190e+00         -100.00
9.740000       8.200000     0.000000   -0.173900     0.0419       2.154000             -2.750090e+00         -100.00
9.740000       8.250000     0.000000   -0.173400     0.0419       2.154100             -2.750090e+00         -100.00
9.740000       8.300000     0.000000   -0.172800     0.0419       2.154100             -2.749990e+00         -100.00
9.740000       8.350000     0.000000   -0.172200     0.0419       2.154200             -2.749790e+00         -100.00
9.740000       8.400000     0.000000   -0.171600     0.0419       2.154300             -2.749690e+00         -100.00
9.740000       8.450000     0.000000   -0.170900     0.0419       2.154400             -2.749590e+00         -100.00
9.740000       8.500000     0.000000   -0.170200     0.0419       2.154500             -2.749390e+00         -100.00
9.740000       8.550000     0.000000   -0.169400     0.0419       2.154600             -2.749290e+00         -100.00
9.740000       8.600000     0.000000   -0.168500     0.0419       2.154700             -2.749090e+00         -100.00
9.740000       8.650000     0.000000   -0.167600     0.0419       2.154900             -2.748890e+00         -100.00
9.740000       8.700000     0.000000   -0.166700     0.0419       2.155000             -2.748690e+00         -100.00
9.740000       8.750000     0.000000   -0.165700     0.0419       2.155200             -2.748390e+00         -100.00
9.740000       8.800000     0.000000   -0.164600     0.0419       2.155400             -2.748190e+00         -100.00
9.740000       8.850000     0.000000   -0.163500     0.0419       2.155600             -2.747890e+00         -100.00
9.740000       8.900000     0.000000   -0.162200     0.0419       2.155800             -2.747490e+00         -100.00
9.740000       8.950000     0.000000   -0.160900     0.0419       2.156100             -2.747090e+00         -100.00
9.740000       9.000000     0.000000   -0.159600     0.0419       2.156400             -2.746590e+00         -100.00
9.740000       9.050000     0.000000   -0.158100     0.0419       2.156800             -2.746090e+00         -100.00
9.740000       9.100000     0.000000   -0.156500     0.0419       2.157200             -2.745490e+00         -100.00
9.740000       9.150000     0.000000   -0.154900     0.0419       2.157700             -2.744690e+00         -100.00
9.740000       9.200000     0.000000   -0.153200     0.0419       2.158200             -2.743890e+00         -100.00
9.740000       9.250000     0.000000   -0.151400     0.0419       2.158900             -2.742790e+00         -100.00
9.740000       9.300000     0.000000   -0.149400     0.0419       2.159700             -2.741590e+00         -100.00
9.740000       9.350000     0.000000   -0.147400     0.0419       2.160600             -2.740090e+00         -100.00
9.740000       9.400000     0.000000   -0.145300     0.0419       2.161700             -2.738190e+00         -100.00
9.740000       9.450000     0.000000   -0.143100     0.0419       2.163100             -2.735990e+00         -100.00
9.740000       9.500000     0.000000   -0.140700     0.0419       2.164800             -2.733290e+00         -100.00
9.740000       9.550000     0.000000   -0.138300     0.0419       2.166800             -2.729990e+00         -100.00
9.740000       9.600000     0.000000   -0.135800     0.0419       2.169300             -2.725990e+00         -100.00
9.740000       9.650000     0.000000   -0.133100     0.0419       2.172300             -2.720990e+00         -100.00
9.760000       8.000000     0.000000   -0.178400     0.0426       2.187100             -2.711590e+00         -100.00
9.760000       8.050000     0.000000   -0.178000     0.0426       2.187200             -2.711490e+00         -100.00
9.760000       8.100000     0.000000   -0.177600     0.0426       2.187200             -2.711390e+00         -100.00
9.760000       8.150000     0.000000   -0.177100     0.0426       2.187300             -2.711290e+00         -100.00
9.760000       8.200000     0.000000   -0.176600     0.0426       2.187300             -2.711290e+00         -100.00
9.760000       8.250000     0.000000   -0.176100     0.0426       2.187400             -2.711190e+00         -100.00
9.760000       8.300000     0.000000   -0.175500     0.0426       2.187500             -2.711090e+00         -100.00
9.760000       8.350000     0.000000   -0.175000     0.0426       2.187500             -2.710890e+00         -100.00
9.760000       8.400000     0.000000   -0.174300     0.0426       2.187600             -2.710790e+00         -100.00
9.760000       8.450000     0.000000   -0.173600     0.0426       2.187700             -2.710690e+00         -100.00
9.760000       8.500000     0.000000   -0.172900     0.0426       2.187800             -2.710590e+00         -100.00
9.760000       8.550000     0.000000   -0.172100     0.0426       2.187900             -2.710390e+00         -100.00
9.760000       8.600000     0.000000   -0.171300     0.0426       2.188100             -2.710190e+00         -100.00
9.760000       8.650000     0.000000   -0.170400     0.0426       2.188200             -2.709990e+00         -100.00
9.760000       8.700000     0.000000   -0.169400     0.0426       2.188400             -2.709790e+00         -100.00
9.760000       8.750000     0.000000   -0.168400     0.0426       2.188500             -2.709590e+00         -100.00
9.760000       8.800000     0.000000   -0.167300     0.0426       2.188700             -2.709290e+00         -100.00
9.760000       8.850000     0.000000   -0.166100     0.0426       2.188900             -2.708990e+00         -100.00
9.760000       8.900000     0.000000   -0.164900     0.0426       2.189100             -2.708590e+00         -100.00
9.760000       8.950000     0.000000   -0.163600     0.0426       2.189400             -2.708190e+00         -100.00
9.760000       9.000000     0.000000   -0.162200     0.0426       2.189700             -2.707790e+00         -100.00
9.760000       9.050000     0.000000   -0.160700     0.0426       2.190100             -2.707290e+00         -100.00
9.760000       9.100000     0.000000   -0.159200     0.0426       2.190500             -2.706590e+00         -100.00
9.760000       9.150000     0.000000   -0.157500     0.0426       2.190900             -2.705890e+00         -100.00
9.760000       9.200000     0.000000   -0.155800     0.0426       2.191500             -2.705090e+00         -100.00
9.760000       9.250000     0.000000   -0.153900     0.0426       2.192100             -2.703990e+00         -100.00
9.760000       9.300000     0.000000   -0.152000     0.0426       2.192900             -2.702790e+00         -100.00
9.760000       9.350000     0.000000   -0.150000     0.0426       2.193800             -2.701290e+00         -100.00
9.760000       9.400000     0.000000   -0.147800     0.0426       2.194900             -2.699590e+00         -100.00
9.760000       9.450000     0.000000   -0.145600     0.0426       2.196300             -2.697390e+00         -100.00
9.760000       9.500000     0.000000   -0.143200     0.0426       2.197900             -2.694790e+00         -100.00
9.760000       9.550000     0.000000   -0.140800     0.0426       2.199900             -2.691490e+00         -100.00
9.760000       9.600000     0.000000   -0.138200     0.0426       2.202300             -2.687590e+00         -100.00
9.760000       9.650000     0.000000   -0.135500     0.0426       2.205200             -2.682690e+00         -100.00
9.780000       8.000000     0.000000   -0.181200     0.0432       2.220500             -2.672590e+00         -100.00
9.780000       8.050000     0.000000   -0.180800     0.0432       2.220500             -2.672490e+00         -100.00
9.780000       8.100000     0.000000   -0.180400     0.0432       2.220600             -2.672490e+00         -100.00
9.780000       8.150000     0.000000   -0.179900     0.0432       2.220600             -2.672390e+00         -100.00
9.780000       8.200000     0.000000   -0.179400     0.0432       2.220700             -2.672290e+00         -100.00
9.780000       8.250000     0.000000   -0.178900     0.0432       2.220700             -2.672190e+00         -100.00
9.780000       8.300000     0.000000   -0.178300     0.0432       2.220800             -2.672090e+00         -100.00
9.780000       8.350000     0.000000   -0.177700     0.0432       2.220900             -2.671990e+00         -100.00
9.780000       8.400000     0.000000   -0.177100     0.0432       2.221000             -2.671890e+00         -100.00
9.780000       8.450000     0.000000   -0.176400     0.0432       2.221100             -2.671790e+00         -100.00
9.780000       8.500000     0.000000   -0.175700     0.0432       2.221200             -2.671590e+00         -100.00
9.780000       8.550000     0.000000   -0.174900     0.0432       2.221300             -2.671490e+00         -100.00
9.780000       8.600000     0.000000   -0.174000     0.0432       2.221400             -2.671290e+00         -100.00
9.780000       8.650000     0.000000   -0.173100     0.0432       2.221500             -2.671090e+00         -100.00
9.780000       8.700000     0.000000   -0.172200     0.0432       2.221700             -2.670890e+00         -100.00
9.780000       8.750000     0.000000   -0.171100     0.0432       2.221900             -2.670590e+00         -100.00
9.780000       8.800000     0.000000   -0.170000     0.0432       2.222000             -2.670390e+00         -100.00
9.780000       8.850000     0.000000   -0.168900     0.0432       2.222200             -2.670090e+00         -100.00
9.780000       8.900000     0.000000   -0.167600     0.0432       2.222500             -2.669690e+00         -100.00
9.780000       8.950000     0.000000   -0.166300     0.0432       2.222700             -2.669290e+00         -100.00
9.780000       9.000000     0.000000   -0.164900     0.0432       2.223000             -2.668890e+00         -100.00
9.780000       9.050000     0.000000   -0.163400     0.0432       2.223400             -2.668390e+00         -100.00
9.780000       9.100000     0.000000   -0.161900     0.0432       2.223800             -2.667790e+00         -100.00
9.780000       9.150000     0.000000   -0.160200     0.0432       2.224200             -2.666990e+00         -100.00
9.780000       9.200000     0.000000   -0.158400     0.0432       2.224800             -2.666190e+00         -100.00
9.780000       9.250000     0.000000   -0.156600     0.0432       2.225400             -2.665190e+00         -100.00
9.780000       9.300000     0.000000   -0.154600     0.0432       2.226200             -2.663990e+00         -100.00
9.780000       9.350000     0.000000   -0.152600     0.0432       2.227100             -2.662590e+00         -100.00
9.780000       9.400000     0.000000   -0.150400     0.0432       2.228100             -2.660790e+00         -100.00
9.780000       9.450000     0.000000   -0.148100     0.0432       2.229400             -2.658690e+00         -100.00
9.780000       9.500000     0.000000   -0.145800     0.0432       2.231000             -2.656090e+00         -100.00
9.780000       9.550000     0.000000   -0.143300     0.0432       2.232900             -2.652990e+00         -100.00
9.780000       9.600000     0.000000   -0.140700     0.0432       2.235300             -2.649090e+00         -100.00
9.780000       9.650000     0.000000   -0.138000     0.0432       2.238200             -2.644390e+00         -100.00
9.800000       8.000000     0.000000   -0.184000     0.0439       2.253800             -2.633590e+00         -100.00
9.800000       8.050000     0.000000   -0.183600     0.0439       2.253900             -2.633490e+00         -100.00
9.800000       8.100000     0.000000   -0.183200     0.0439       2.253900             -2.633490e+00         -100.00
9.800000       8.150000     0.000000   -0.182800     0.0439       2.254000             -2.633390e+00         -100.00
9.800000       8.200000     0.000000   -0.182300     0.0439       2.254000             -2.633290e+00         -100.00
9.800000       8.250000     0.000000   -0.181700     0.0439       2.254100             -2.633190e+00         -100.00
9.800000       8.300000     0.000000   -0.181200     0.0439       2.254200             -2.633090e+00         -100.00
9.800000       8.350000     0.000000   -0.180600     0.0439       2.254300             -2.632990e+00         -100.00
9.800000       8.400000     0.000000   -0.179900     0.0439       2.254300             -2.632890e+00         -100.00
9.800000       8.450000     0.000000   -0.179200     0.0439       2.254400             -2.632790e+00         -100.00
9.800000       8.500000     0.000000   -0.178500     0.0439       2.254500             -2.632590e+00         -100.00
9.800000       8.550000     0.000000   -0.177700     0.0439       2.254600             -2.632490e+00         -100.00
9.800000       8.600000     0.000000   -0.176800     0.0439       2.254800             -2.632290e+00         -100.00
9.800000       8.650000     0.000000   -0.175900     0.0439       2.254900             -2.632090e+00         -100.00
9.800000       8.700000     0.000000   -0.175000     0.0439       2.255000             -2.631890e+00         -100.00
9.800000       8.750000     0.000000   -0.173900     0.0439       2.255200             -2.631690e+00         -100.00
9.800000       8.800000     0.000000   -0.172800     0.0439       2.255400             -2.631390e+00         -100.00
9.800000       8.850000     0.000000   -0.171600     0.0439       2.255600             -2.631090e+00         -100.00
9.800000       8.900000     0.000000   -0.170400     0.0439       2.255800             -2.630790e+00         -100.00
9.800000       8.950000     0.000000   -0.169100     0.0439       2.256100             -2.630390e+00         -100.00
9.800000       9.000000     0.000000   -0.167700     0.0439       2.256400             -2.629890e+00         -100.00
9.800000       9.050000     0.000000   -0.166200     0.0439       2.256700             -2.629390e+00         -100.00
9.800000       9.100000     0.000000   -0.164600     0.0439       2.257100             -2.628790e+00         -100.00
9.800000       9.150000     0.000000   -0.162900     0.0439       2.257500             -2.628090e+00         -100.00
9.800000       9.200000     0.000000   -0.161100     0.0439       2.258100             -2.627290e+00         -100.00
9.800000       9.250000     0.000000   -0.159300     0.0439       2.258700             -2.626290e+00         -100.00
9.800000       9.300000     0.000000   -0.157300     0.0439       2.259400             -2.625190e+00         -100.00
9.800000       9.350000     0.000000   -0.155200     0.0439       2.260300             -2.623690e+00         -100.00
9.800000       9.400000     0.000000   -0.153000     0.0439       2.261400             -2.621990e+00         -100.00
9.800000       9.450000     0.000000   -0.150800     0.0439       2.262600             -2.619990e+00         -100.00
9.800000       9.500000     0.000000   -0.148400     0.0439       2.264200             -2.617490e+00         -100.00
9.800000       9.550000     0.000000   -0.145900     0.0439       2.266000             -2.614390e+00         -100.00
9.800000       9.600000     0.000000   -0.143200     0.0439       2.268300             -2.610590e+00         -100.00
9.800000       9.650000     0.000000   -0.140500     0.0439       2.271100             -2.605990e+00         -100.00
9.820000       8.000000     0.000000   -0.186900     0.0446       2.287200             -2.594590e+00         -100.00
9.820000       8.050000     0.000000   -0.186500     0.0446       2.287300             -2.594490e+00         -100.00
9.820000       8.100000     0.000000   -0.186100     0.0446       2.287300             -2.594390e+00         -100.00
9.820000       8.150000     0.000000   -0.185700     0.0446       2.287400             -2.594290e+00         -100.00
9.820000       8.200000     0.000000   -0.185200     0.0446       2.287400             -2.594290e+00         -100.00
9.820000       8.250000     0.000000   -0.184600     0.0446       2.287500             -2.594190e+00         -100.00
9.820000       8.300000     0.000000   -0.184100     0.0446       2.287600             -2.594090e+00         -100.00
9.820000       8.350000     0.000000   -0.183500     0.0446       2.287600             -2.593990e+00         -100.00
9.820000       8.400000     0.000000   -0.182800     0.0446       2.287700             -2.593790e+00         -100.00
9.820000       8.450000     0.000000   -0.182100     0.0446       2.287800             -2.593690e+00         -100.00
9.820000       8.500000     0.000000   -0.181400     0.0446       2.287900             -2.593590e+00         -100.00
9.820000       8.550000     0.000000   -0.180500     0.0446       2.288000             -2.593390e+00         -100.00
9.820000       8.600000     0.000000   -0.179700     0.0446       2.288100             -2.593290e+00         -100.00
9.820000       8.650000     0.000000   -0.178800     0.0446       2.288300             -2.593090e+00         -100.00
9.820000       8.700000     0.000000   -0.177800     0.0446       2.288400             -2.592890e+00         -100.00
9.820000       8.750000     0.000000   -0.176800     0.0446       2.288600             -2.592590e+00         -100.00
9.820000       8.800000     0.000000   -0.175600     0.0446       2.288800             -2.592390e+00         -100.00
9.820000       8.850000     0.000000   -0.174500     0.0446       2.289000             -2.592090e+00         -100.00
9.820000       8.900000     0.000000   -0.173200     0.0446       2.289200             -2.591690e+00         -100.00
9.820000       8.950000     0.000000   -0.171900     0.0446       2.289400             -2.591390e+00         -100.00
9.820000       9.000000     0.000000   -0.170400     0.0446       2.289700             -2.590890e+00         -100.00
9.820000       9.050000     0.000000   -0.168900     0.0446       2.290000             -2.590390e+00         -100.00
9.820000       9.100000     0.000000   -0.167300     0.0446       2.290400             -2.589790e+00         -100.00
9.820000       9.150000     0.000000   -0.165700     0.0446       2.290900             -2.589190e+00         -100.00
9.820000       9.200000     0.000000   -0.163900     0.0446       2.291400             -2.588290e+00         -100.00
9.820000       9.250000     0.000000   -0.162000     0.0446       2.292000             -2.587390e+00         -100.00
9.820000       9.300000     0.000000   -0.160000     0.0446       2.292700             -2.586190e+00         -100.00
9.820000       9.350000     0.000000   -0.157900     0.0446       2.293600             -2.584890e+00         -100.00
9.820000       9.400000     0.000000   -0.155700     0.0446       2.294600             -2.583190e+00         -100.00
9.820000       9.450000     0.000000   -0.153400     0.0446       2.295800             -2.581190e+00         -100.00
9.820000       9.500000     0.000000   -0.151000     0.0446       2.297300             -2.578690e+00         -100.00
9.820000       9.550000     0.000000   -0.148500     0.0446       2.299200             -2.575690e+00         -100.00
9.820000       9.600000     0.000000   -0.145800     0.0446       2.301400             -2.572090e+00         -100.00
9.820000       9.650000     0.000000   -0.143100     0.0446       2.304100             -2.567590e+00         -100.00
9.840000       8.000000     0.000000   -0.189900     0.0452       2.320600             -2.555490e+00         -100.00
9.840000       8.050000     0.000000   -0.189500     0.0452       2.320700             -2.555390e+00         -100.00
9.840000       8.100000     0.000000   -0.189000     0.0452       2.320700             -2.555290e+00         -100.00
9.840000       8.150000     0.000000   -0.188600     0.0452       2.320800             -2.555290e+00         -100.00
9.840000       8.200000     0.000000   -0.188100     0.0452       2.320800             -2.555190e+00         -100.00
9.840000       8.250000     0.000000   -0.187600     0.0452       2.320900             -2.555090e+00         -100.00
9.840000       8.300000     0.000000   -0.187000     0.0452       2.321000             -2.554990e+00         -100.00
9.840000       8.350000     0.000000   -0.186400     0.0452       2.321000             -2.554890e+00         -100.00
9.840000       8.400000     0.000000   -0.185700     0.0452       2.321100             -2.554790e+00         -100.00
9.840000       8.450000     0.000000   -0.185000     0.0452       2.321200             -2.554590e+00         -100.00
9.840000       8.500000     0.000000   -0.184300     0.0452       2.321300             -2.554490e+00         -100.00
9.840000       8.550000     0.000000   -0.183500     0.0452       2.321400             -2.554290e+00         -100.00
9.840000       8.600000     0.000000   -0.182600     0.0452       2.321500             -2.554190e+00         -100.00
9.840000       8.650000     0.000000   -0.181700     0.0452       2.321700             -2.553990e+00         -100.00
9.840000       8.700000     0.000000   -0.180700     0.0452       2.321800             -2.553790e+00         -100.00
9.840000       8.750000     0.000000   -0.179600     0.0452       2.322000             -2.553590e+00         -100.00
9.840000       8.800000     0.000000   -0.178500     0.0452       2.322100             -2.553290e+00         -100.00
9.840000       8.850000     0.000000   -0.177300     0.0452       2.322300             -2.552990e+00         -100.00
9.840000       8.900000     0.000000   -0.176100     0.0452       2.322500             -2.552690e+00         -100.00
9.840000       8.950000     0.000000   -0.174700     0.0452       2.322800             -2.552290e+00         -100.00
9.840000       9.000000     0.000000   -0.173300     0.0452       2.323100             -2.551890e+00         -100.00
9.840000       9.050000     0.000000   -0.171800     0.0452       2.323400             -2.551390e+00         -100.00
9.840000       9.100000     0.000000   -0.170200     0.0452       2.323800             -2.550790e+00         -100.00
9.840000       9.150000     0.000000   -0.168500     0.0452       2.324200             -2.550090e+00         -100.00
9.840000       9.200000     0.000000   -0.166700     0.0452       2.324700             -2.549290e+00         -100.00
9.840000       9.250000     0.000000   -0.164800     0.0452       2.325300             -2.548390e+00         -100.00
9.840000       9.300000     0.000000   -0.162700     0.0452       2.326000             -2.547290e+00         -100.00
9.840000       9.350000     0.000000   -0.160600     0.0452       2.326900             -2.545890e+00         -100.00
9.840000       9.400000     0.000000   -0.158400     0.0452       2.327900             -2.544290e+00         -100.00
9.840000       9.450000     0.000000   -0.156100     0.0452       2.329100             -2.542290e+00         -100.00
9.840000       9.500000     0.000000   -0.153700     0.0452       2.330500             -2.539990e+00         -100.00
9.840000       9.550000     0.000000   -0.151100     0.0452       2.332300             -2.536990e+00         -100.00
9.840000       9.600000     0.000000   -0.148400     0.0452       2.334500             -2.533390e+00         -100.00
9.840000       9.650000     0.000000   -0.145700     0.0452       2.337200             -2.528990e+00         -100.00
9.860000       8.000000     0.000000   -0.192900     0.0459       2.354000             -2.516290e+00         -100.00
9.860000       8.050000     0.000000   -0.192500     0.0459       2.354100             -2.516290e+00         -100.00
9.860000       8.100000     0.000000   -0.192000     0.0459       2.354100             -2.516190e+00         -100.00
9.860000       8.150000     0.000000   -0.191600     0.0459       2.354200             -2.516090e+00         -100.00
9.860000       8.200000     0.000000   -0.191100     0.0459       2.354200             -2.515990e+00         -100.00
9.860000       8.250000     0.000000   -0.190500     0.0459       2.354300             -2.515890e+00         -100.00
9.860000       8.300000     0.000000   -0.190000     0.0459       2.354400             -2.515790e+00         -100.00
9.860000       8.350000     0.000000   -0.189300     0.0459       2.354400             -2.515690e+00         -100.00
9.860000       8.400000     0.000000   -0.188700     0.0459       2.354500             -2.515590e+00         -100.00
9.860000       8.450000     0.000000   -0.188000     0.0459       2.354600             -2.515490e+00         -100.00
9.860000       8.500000     0.000000   -0.187200     0.0459       2.354700             -2.515390e+00         -100.00
9.860000       8.550000     0.000000   -0.186400     0.0459       2.354800             -2.515190e+00         -100.00
9.860000       8.600000     0.000000   -0.185500     0.0459       2.354900             -2.514990e+00         -100.00
9.860000       8.650000     0.000000   -0.184600     0.0459       2.355100             -2.514890e+00         -100.00
9.860000       8.700000     0.000000   -0.183600     0.0459       2.355200             -2.514690e+00         -100.00
9.860000       8.750000     0.000000   -0.182600     0.0459       2.355400             -2.514390e+00         -100.00
9.860000       8.800000     0.000000   -0.181400     0.0459       2.355500             -2.514190e+00         -100.00
9.860000       8.850000     0.000000   -0.180200     0.0459       2.355700             -2.513890e+00         -100.00
9.860000       8.900000     0.000000   -0.179000     0.0459       2.355900             -2.513590e+00         -100.00
9.860000       8.950000     0.000000   -0.177600     0.0459       2.356200             -2.513190e+00         -100.00
9.860000       9.000000     0.000000   -0.176200     0.0459       2.356500             -2.512790e+00         -100.00
9.860000       9.050000     0.000000   -0.174600     0.0459       2.356800             -2.512290e+00         -100.00
9.860000       9.100000     0.000000   -0.173000     0.0459       2.357100             -2.511690e+00         -100.00
9.860000       9.150000     0.000000   -0.171300     0.0459       2.357600             -2.511090e+00         -100.00
9.860000       9.200000     0.000000   -0.169500     0.0459       2.358100             -2.510290e+00         -100.00
9.860000       9.250000     0.000000   -0.167600     0.0459       2.358700             -2.509390e+00         -100.00
9.860000       9.300000     0.000000   -0.165500     0.0459       2.359300             -2.508290e+00         -100.00
9.860000       9.350000     0.000000   -0.163400     0.0459       2.360200             -2.506990e+00         -100.00
9.860000       9.400000     0.000000   -0.161200     0.0459       2.361100             -2.505390e+00         -100.00
9.860000       9.450000     0.000000   -0.158800     0.0459       2.362300             -2.503490e+00         -100.00
9.860000       9.500000     0.000000   -0.156400     0.0459       2.363800             -2.501090e+00         -100.00
9.860000       9.550000     0.000000   -0.153800     0.0459       2.365500             -2.498290e+00         -100.00
9.860000       9.600000     0.000000   -0.151100     0.0459       2.367600             -2.494790e+00         -100.00
9.860000       9.650000     0.000000   -0.148300     0.0459       2.370200             -2.490490e+00         -100.00
9.880000       8.000000     0.000000   -0.195900     0.0467       2.387400             -2.477090e+00         -100.00
9.880000       8.050000     0.000000   -0.195500     0.0467       2.387500             -2.477090e+00         -100.00
9.880000       8.100000     0.000000   -0.195100     0.0467       2.387500             -2.476990e+00         -100.00
9.880000       8.150000     0.000000   -0.194600     0.0467       2.387600             -2.476890e+00         -100.00
9.880000       8.200000     0.000000   -0.194100     0.0467       2.387700             -2.476790e+00         -100.00
9.880000       8.250000     0.000000   -0.193600     0.0467       2.387700             -2.476790e+00         -100.00
9.880000       8.300000     0.000000   -0.193000     0.0467       2.387800             -2.476690e+00         -100.00
9.880000       8.350000     0.000000   -0.192400     0.0467       2.387900             -2.476590e+00         -100.00
9.880000       8.400000     0.000000   -0.191700     0.0467       2.387900             -2.476390e+00         -100.00
9.880000       8.450000     0.000000   -0.191000     0.0467       2.388000             -2.476290e+00         -100.00
9.880000       8.500000     0.000000   -0.190200     0.0467       2.388100             -2.476190e+00         -100.00
9.880000       8.550000     0.000000   -0.189400     0.0467       2.388200             -2.475990e+00         -100.00
9.880000       8.600000     0.000000   -0.188500     0.0467       2.388300             -2.475890e+00         -100.00
9.880000       8.650000     0.000000   -0.187600     0.0467       2.388500             -2.475690e+00         -100.00
9.880000       8.700000     0.000000   -0.186600     0.0467       2.388600             -2.475490e+00         -100.00
9.880000       8.750000     0.000000   -0.185500     0.0467       2.388800             -2.475290e+00         -100.00
9.880000       8.800000     0.000000   -0.184400     0.0467       2.388900             -2.474990e+00         -100.00
9.880000       8.850000     0.000000   -0.183200     0.0467       2.389100             -2.474690e+00         -100.00
9.880000       8.900000     0.000000   -0.181900     0.0467       2.389300             -2.474390e+00         -100.00
9.880000       8.950000     0.000000   -0.180500     0.0467       2.389600             -2.474090e+00         -100.00
9.880000       9.000000     0.000000   -0.179100     0.0467       2.389900             -2.473590e+00         -100.00
9.880000       9.050000     0.000000   -0.177500     0.0467       2.390200             -2.473190e+00         -100.00
9.880000       9.100000     0.000000   -0.175900     0.0467       2.390500             -2.472590e+00         -100.00
9.880000       9.150000     0.000000   -0.174200     0.0467       2.390900             -2.471990e+00         -100.00
9.880000       9.200000     0.000000   -0.172400     0.0467       2.391400             -2.471190e+00         -100.00
9.880000       9.250000     0.000000   -0.170400     0.0467       2.392000             -2.470290e+00         -100.00
9.880000       9.300000     0.000000   -0.168400     0.0467       2.392700             -2.469190e+00         -100.00
9.880000       9.350000     0.000000   -0.166200     0.0467       2.393500             -2.467890e+00         -100.00
9.880000       9.400000     0.000000   -0.164000     0.0467       2.394400             -2.466390e+00         -100.00
9.880000       9.450000     0.000000   -0.161600     0.0467       2.395600             -2.464490e+00         -100.00
9.880000       9.500000     0.000000   -0.159100     0.0467       2.397000             -2.462190e+00         -100.00
9.880000       9.550000     0.000000   -0.156500     0.0467       2.398700             -2.459390e+00         -100.00
9.880000       9.600000     0.000000   -0.153800     0.0467       2.400700             -2.455990e+00         -100.00
9.880000       9.650000     0.000000   -0.151000     0.0467       2.403300             -2.451790e+00         -100.00
9.900000       8.000000     0.000000   -0.199000     0.0474       2.420900             -2.437890e+00         -100.00
9.900000       8.050000     0.000000   -0.198600     0.0474       2.420900             -2.437790e+00         -100.00
9.900000       8.100000     0.000000   -0.198100     0.0474       2.421000             -2.437790e+00         -100.00
9.900000       8.150000     0.000000   -0.197700     0.0474       2.421000             -2.437690e+00         -100.00
9.900000       8.200000     0.000000   -0.197200     0.0474       2.421100             -2.437590e+00         -100.00
9.900000       8.250000     0.000000   -0.196600     0.0474       2.421100             -2.437490e+00         -100.00
9.900000       8.300000     0.000000   -0.196000     0.0474       2.421200             -2.437390e+00         -100.00
9.900000       8.350000     0.000000   -0.195400     0.0474       2.421300             -2.437290e+00         -100.00
9.900000       8.400000     0.000000   -0.194800     0.0474       2.421400             -2.437190e+00         -100.00
9.900000       8.450000     0.000000   -0.194000     0.0474       2.421500             -2.437090e+00         -100.00
9.900000       8.500000     0.000000   -0.193300     0.0474       2.421600             -2.436990e+00         -100.00
9.900000       8.550000     0.000000   -0.192400     0.0474       2.421700             -2.436790e+00         -100.00
9.900000       8.600000     0.000000   -0.191600     0.0474       2.421800             -2.436690e+00         -100.00
9.900000       8.650000     0.000000   -0.190600     0.0474       2.421900             -2.436490e+00         -100.00
9.900000       8.700000     0.000000   -0.189600     0.0474       2.422000             -2.436290e+00         -100.00
9.900000       8.750000     0.000000   -0.188600     0.0474       2.422200             -2.436090e+00         -100.00
9.900000       8.800000     0.000000   -0.187400     0.0474       2.422400             -2.435790e+00         -100.00
9.900000       8.850000     0.000000   -0.186200     0.0474       2.422500             -2.435490e+00         -100.00
9.900000       8.900000     0.000000   -0.184900     0.0474       2.422700             -2.435190e+00         -100.00
9.900000       8.950000     0.000000   -0.183500     0.0474       2.423000             -2.434890e+00         -100.00
9.900000       9.000000     0.000000   -0.182100     0.0474       2.423300             -2.434490e+00         -100.00
9.900000       9.050000     0.000000   -0.180500     0.0474       2.423600             -2.433990e+00         -100.00
9.900000       9.100000     0.000000   -0.178900     0.0474       2.423900             -2.433390e+00         -100.00
9.900000       9.150000     0.000000   -0.177100     0.0474       2.424300             -2.432790e+00         -100.00
9.900000       9.200000     0.000000   -0.175300     0.0474       2.424800             -2.432090e+00         -100.00
9.900000       9.250000     0.000000   -0.173300     0.0474       2.425400             -2.431190e+00         -100.00
9.900000       9.300000     0.000000   -0.171300     0.0474       2.426000             -2.430090e+00         -100.00
9.900000       9.350000     0.000000   -0.169100     0.0474       2.426800             -2.428890e+00         -100.00
9.900000       9.400000     0.000000   -0.166800     0.0474       2.427700             -2.427290e+00         -100.00
9.900000       9.450000     0.000000   -0.164400     0.0474       2.428900             -2.425490e+00         -100.00
9.900000       9.500000     0.000000   -0.161900     0.0474       2.430200             -2.423290e+00         -100.00
9.900000       9.550000     0.000000   -0.159300     0.0474       2.431900             -2.420590e+00         -100.00
9.900000       9.600000     0.000000   -0.156600     0.0474       2.433900             -2.417190e+00         -100.00
9.900000       9.650000     0.000000   -0.153700     0.0474       2.436300             -2.413190e+00         -100.00
9.920000       8.000000     0.000000   -0.202100     0.0481       2.454300             -2.398590e+00         -100.00
9.920000       8.050000     0.000000   -0.201700     0.0481       2.454400             -2.398590e+00         -100.00
9.920000       8.100000     0.000000   -0.201300     0.0481       2.454400             -2.398490e+00         -100.00
9.920000       8.150000     0.000000   -0.200800     0.0481       2.454500             -2.398390e+00         -100.00
9.920000       8.200000     0.000000   -0.200300     0.0481       2.454500             -2.398390e+00         -100.00
9.920000       8.250000     0.000000   -0.199700     0.0481       2.454600             -2.398290e+00         -100.00
9.920000       8.300000     0.000000   -0.199200     0.0481       2.454700             -2.398190e+00         -100.00
9.920000       8.350000     0.000000   -0.198500     0.0481       2.454700             -2.398090e+00         -100.00
9.920000       8.400000     0.000000   -0.197900     0.0481       2.454800             -2.397990e+00         -100.00
9.920000       8.450000     0.000000   -0.197100     0.0481       2.454900             -2.397790e+00         -100.00
9.920000       8.500000     0.000000   -0.196400     0.0481       2.455000             -2.397690e+00         -100.00
9.920000       8.550000     0.000000   -0.195500     0.0481       2.455100             -2.397590e+00         -100.00
9.920000       8.600000     0.000000   -0.194700     0.0481       2.455200             -2.397390e+00         -100.00
9.920000       8.650000     0.000000   -0.193700     0.0481       2.455300             -2.397190e+00         -100.00
9.920000       8.700000     0.000000   -0.192700     0.0481       2.455500             -2.396990e+00         -100.00
9.920000       8.750000     0.000000   -0.191600     0.0481       2.455600             -2.396790e+00         -100.00
9.920000       8.800000     0.000000   -0.190500     0.0481       2.455800             -2.396590e+00         -100.00
9.920000       8.850000     0.000000   -0.189200     0.0481       2.456000             -2.396290e+00         -100.00
9.920000       8.900000     0.000000   -0.187900     0.0481       2.456200             -2.395990e+00         -100.00
9.920000       8.950000     0.000000   -0.186600     0.0481       2.456400             -2.395590e+00         -100.00
9.920000       9.000000     0.000000   -0.185100     0.0481       2.456700             -2.395190e+00         -100.00
9.920000       9.050000     0.000000   -0.183500     0.0481       2.457000             -2.394790e+00         -100.00
9.920000       9.100000     0.000000   -0.181900     0.0481       2.457300             -2.394190e+00         -100.00
9.920000       9.150000     0.000000   -0.180100     0.0481       2.457700             -2.393590e+00         -100.00
9.920000       9.200000     0.000000   -0.178200     0.0481       2.458200             -2.392890e+00         -100.00
9.920000       9.250000     0.000000   -0.176300     0.0481       2.458700             -2.391990e+00         -100.00
9.920000       9.300000     0.000000   -0.174200     0.0481       2.459400             -2.390990e+00         -100.00
9.920000       9.350000     0.000000   -0.172000     0.0481       2.460200             -2.389690e+00         -100.00
9.920000       9.400000     0.000000   -0.169700     0.0481       2.461100             -2.388290e+00         -100.00
9.920000       9.450000     0.000000   -0.167300     0.0481       2.462200             -2.386490e+00         -100.00
9.920000       9.500000     0.000000   -0.164800     0.0481       2.463500             -2.384290e+00         -100.00
9.920000       9.550000     0.000000   -0.162100     0.0481       2.465100             -2.381690e+00         -100.00
9.920000       9.600000     0.000000   -0.159400     0.0481       2.467100             -2.378390e+00         -100.00
9.920000       9.650000     0.000000   -0.156500     0.0481       2.469500             -2.374390e+00         -100.00
9.940000       8.000000     0.000000   -0.205300     0.0488       2.487800             -2.359290e+00         -100.00
9.940000       8.050000     0.000000   -0.204900     0.0488       2.487800             -2.359290e+00         -100.00
9.940000       8.100000     0.000000   -0.204400     0.0488       2.487900             -2.359190e+00         -100.00
9.940000       8.150000     0.000000   -0.204000     0.0488       2.487900             -2.359090e+00         -100.00
9.940000       8.200000     0.000000   -0.203500     0.0488       2.488000             -2.358990e+00         -100.00
9.940000       8.250000     0.000000   -0.202900     0.0488       2.488000             -2.358990e+00         -100.00
9.940000       8.300000     0.000000   -0.202300     0.0488       2.488100             -2.358890e+00         -100.00
9.940000       8.350000     0.000000   -0.201700     0.0488       2.488200             -2.358790e+00         -100.00
9.940000       8.400000     0.000000   -0.201000     0.0488       2.488300             -2.358690e+00         -100.00
9.940000       8.450000     0.000000   -0.200300     0.0488       2.488400             -2.358490e+00         -100.00
9.940000       8.500000     0.000000   -0.199500     0.0488       2.488400             -2.358390e+00         -100.00
9.940000       8.550000     0.000000   -0.198700     0.0488       2.488500             -2.358290e+00         -100.00
9.940000       8.600000     0.000000   -0.197800     0.0488       2.488700             -2.358090e+00         -100.00
9.940000       8.650000     0.000000   -0.196800     0.0488       2.488800             -2.357890e+00         -100.00
9.940000       8.700000     0.000000   -0.195800     0.0488       2.488900             -2.357690e+00         -100.00
9.940000       8.750000     0.000000   -0.194700     0.0488       2.489100             -2.357490e+00         -100.00
9.940000       8.800000     0.000000   -0.193600     0.0488       2.489200             -2.357290e+00         -100.00
9.940000       8.850000     0.000000   -0.192300     0.0488       2.489400             -2.356990e+00         -100.00
9.940000       8.900000     0.000000   -0.191000     0.0488       2.489600             -2.356690e+00         -100.00
9.940000       8.950000     0.000000   -0.189600     0.0488       2.489800             -2.356390e+00         -100.00
9.940000       9.000000     0.000000   -0.188100     0.0488       2.490100             -2.355990e+00         -100.00
9.940000       9.050000     0.000000   -0.186600     0.0488       2.490400             -2.355490e+00         -100.00
9.940000       9.100000     0.000000   -0.184900     0.0488       2.490700             -2.354990e+00         -100.00
9.940000       9.150000     0.000000   -0.183100     0.0488       2.491100             -2.354390e+00         -100.00
9.940000       9.200000     0.000000   -0.181300     0.0488       2.491600             -2.353590e+00         -100.00
9.940000       9.250000     0.000000   -0.179300     0.0488       2.492100             -2.352790e+00         -100.00
9.940000       9.300000     0.000000   -0.177200     0.0488       2.492800             -2.351790e+00         -100.00
9.940000       9.350000     0.000000   -0.175000     0.0488       2.493500             -2.350590e+00         -100.00
9.940000       9.400000     0.000000   -0.172700     0.0488       2.494400             -2.349090e+00         -100.00
9.940000       9.450000     0.000000   -0.170200     0.0488       2.495500             -2.347390e+00         -100.00
9.940000       9.500000     0.000000   -0.167700     0.0488       2.496800             -2.345290e+00         -100.00
9.940000       9.550000     0.000000   -0.165000     0.0488       2.498300             -2.342690e+00         -100.00
9.940000       9.600000     0.000000   -0.162200     0.0488       2.500200             -2.339490e+00         -100.00
9.940000       9.650000     0.000000   -0.159300     0.0488       2.502600             -2.335590e+00         -100.00
9.960000       8.000000     0.000000   -0.208500     0.0496       2.521300             -2.319990e+00         -100.00
9.960000       8.050000     0.000000   -0.208100     0.0496       2.521300             -2.319890e+00         -100.00
9.960000       8.100000     0.000000   -0.207700     0.0496       2.521300             -2.319790e+00         -100.00
9.960000       8.150000     0.000000   -0.207200     0.0496       2.521400             -2.319790e+00         -100.00
9.960000       8.200000     0.000000   -0.206700     0.0496       2.521500             -2.319690e+00         -100.00
9.960000       8.250000     0.000000   -0.206100     0.0496       2.521500             -2.319590e+00         -100.00
9.960000       8.300000     0.000000   -0.205500     0.0496       2.521600             -2.319490e+00         -100.00
9.960000       8.350000     0.000000   -0.204900     0.0496       2.521700             -2.319390e+00         -100.00
9.960000       8.400000     0.000000   -0.204200     0.0496       2.521700             -2.319290e+00         -100.00
9.960000       8.450000     0.000000   -0.203500     0.0496       2.521800             -2.319190e+00         -100.00
9.960000       8.500000     0.000000   -0.202700     0.0496       2.521900             -2.319090e+00         -100.00
9.960000       8.550000     0.000000   -0.201900     0.0496       2.522000             -2.318890e+00         -100.00
9.960000       8.600000     0.000000   -0.201000     0.0496       2.522100             -2.318790e+00         -100.00
9.960000       8.650000     0.000000   -0.200000     0.0496       2.522200             -2.318590e+00         -100.00
9.960000       8.700000     0.000000   -0.199000     0.0496       2.522400             -2.318390e+00         -100.00
9.960000       8.750000     0.000000   -0.197900     0.0496       2.522500             -2.318190e+00         -100.00
9.960000       8.800000     0.000000   -0.196700     0.0496       2.522700             -2.317890e+00         -100.00
9.960000       8.850000     0.000000   -0.195500     0.0496       2.522900             -2.317690e+00         -100.00
9.960000       8.900000     0.000000   -0.194200     0.0496       2.523100             -2.317390e+00         -100.00
9.960000       8.950000     0.000000   -0.192800     0.0496       2.523300             -2.316990e+00         -100.00
9.960000       9.000000     0.000000   -0.191300     0.0496       2.523500             -2.316590e+00         -100.00
9.960000       9.050000     0.000000   -0.189700     0.0496       2.523800             -2.316190e+00         -100.00
9.960000       9.100000     0.000000   -0.188000     0.0496       2.524200             -2.315690e+00         -100.00
9.960000       9.150000     0.000000   -0.186200     0.0496       2.524600             -2.315090e+00         -100.00
9.960000       9.200000     0.000000   -0.184300     0.0496       2.525000             -2.314390e+00         -100.00
9.960000       9.250000     0.000000   -0.182300     0.0496       2.525500             -2.313590e+00         -100.00
9.960000       9.300000     0.000000   -0.180200     0.0496       2.526200             -2.312590e+00         -100.00
9.960000       9.350000     0.000000   -0.178000     0.0496       2.526900             -2.311390e+00         -100.00
9.960000       9.400000     0.000000   -0.175700     0.0496       2.527800             -2.309990e+00         -100.00
9.960000       9.450000     0.000000   -0.173200     0.0496       2.528800             -2.308290e+00         -100.00
9.960000       9.500000     0.000000   -0.170600     0.0496       2.530100             -2.306190e+00         -100.00
9.960000       9.550000     0.000000   -0.167900     0.0496       2.531600             -2.303690e+00         -100.00
9.960000       9.600000     0.000000   -0.165100     0.0496       2.533500             -2.300590e+00         -100.00
9.960000       9.650000     0.000000   -0.162200     0.0496       2.535700             -2.296790e+00         -100.00
9.980000       8.000000     0.000000   -0.211800     0.0504       2.554700             -2.280590e+00         -100.00
9.980000       8.050000     0.000000   -0.211400     0.0504       2.554800             -2.280490e+00         -100.00
9.980000       8.100000     0.000000   -0.210900     0.0504       2.554800             -2.280490e+00         -100.00
9.980000       8.150000     0.000000   -0.210500     0.0504       2.554900             -2.280390e+00         -100.00
9.980000       8.200000     0.000000   -0.209900     0.0504       2.554900             -2.280290e+00         -100.00
9.980000       8.250000     0.000000   -0.209400     0.0504       2.555000             -2.280190e+00         -100.00
9.980000       8.300000     0.000000   -0.208800     0.0504       2.555100             -2.280090e+00         -100.00
9.980000       8.350000     0.000000   -0.208200     0.0504       2.555100             -2.279990e+00         -100.00
9.980000       8.400000     0.000000   -0.207500     0.0504       2.555200             -2.279890e+00         -100.00
9.980000       8.450000     0.000000   -0.206700     0.0504       2.555300             -2.279790e+00         -100.00
9.980000       8.500000     0.000000   -0.205900     0.0504       2.555400             -2.279690e+00         -100.00
9.980000       8.550000     0.000000   -0.205100     0.0504       2.555500             -2.279490e+00         -100.00
9.980000       8.600000     0.000000   -0.204200     0.0504       2.555600             -2.279390e+00         -100.00
9.980000       8.650000     0.000000   -0.203200     0.0504       2.555700             -2.279190e+00         -100.00
9.980000       8.700000     0.000000   -0.202200     0.0504       2.555800             -2.278990e+00         -100.00
9.980000       8.750000     0.000000   -0.201100     0.0504       2.556000             -2.278790e+00         -100.00
9.980000       8.800000     0.000000   -0.199900     0.0504       2.556100             -2.278590e+00         -100.00
9.980000       8.850000     0.000000   -0.198700     0.0504       2.556300             -2.278290e+00         -100.00
9.980000       8.900000     0.000000   -0.197400     0.0504       2.556500             -2.277990e+00         -100.00
9.980000       8.950000     0.000000   -0.195900     0.0504       2.556700             -2.277690e+00         -100.00
9.980000       9.000000     0.000000   -0.194400     0.0504       2.557000             -2.277290e+00         -100.00
9.980000       9.050000     0.000000   -0.192800     0.0504       2.557300             -2.276890e+00         -100.00
9.980000       9.100000     0.000000   -0.191100     0.0504       2.557600             -2.276390e+00         -100.00
9.980000       9.150000     0.000000   -0.189300     0.0504       2.558000             -2.275790e+00         -100.00
9.980000       9.200000     0.000000   -0.187400     0.0504       2.558400             -2.275090e+00         -100.00
9.980000       9.250000     0.000000   -0.185400     0.0504       2.558900             -2.274290e+00         -100.00
9.980000       9.300000     0.000000   -0.183300     0.0504       2.559500             -2.273290e+00         -100.00
9.980000       9.350000     0.000000   -0.181100     0.0504       2.560300             -2.272090e+00         -100.00
9.980000       9.400000     0.000000   -0.178700     0.0504       2.561100             -2.270790e+00         -100.00
9.980000       9.450000     0.000000   -0.176200     0.0504       2.562100             -2.269090e+00         -100.00
9.980000       9.500000     0.000000   -0.173600     0.0504       2.563400             -2.267090e+00         -100.00
9.980000       9.550000     0.000000   -0.170900     0.0504       2.564900             -2.264590e+00         -100.00
9.980000       9.600000     0.000000   -0.168000     0.0504       2.566700             -2.261590e+00         -100.00
9.980000       9.650000     0.000000   -0.165100     0.0504       2.568900             -2.257890e+00         -100.00
10.000000      8.000000     0.000000   -0.215100     0.0511       2.588200             -2.241190e+00         -100.00
10.000000      8.050000     0.000000   -0.214700     0.0511       2.588300             -2.241090e+00         -100.00
10.000000      8.100000     0.000000   -0.214300     0.0511       2.588300             -2.240990e+00         -100.00
10.000000      8.150000     0.000000   -0.213800     0.0511       2.588400             -2.240990e+00         -100.00
10.000000      8.200000     0.000000   -0.213300     0.0511       2.588400             -2.240890e+00         -100.00
10.000000      8.250000     0.000000   -0.212700     0.0511       2.588500             -2.240790e+00         -100.00
10.000000      8.300000     0.000000   -0.212100     0.0511       2.588500             -2.240690e+00         -100.00
10.000000      8.350000     0.000000   -0.211500     0.0511       2.588600             -2.240590e+00         -100.00
10.000000      8.400000     0.000000   -0.210800     0.0511       2.588700             -2.240490e+00         -100.00
10.000000      8.450000     0.000000   -0.210000     0.0511       2.588800             -2.240390e+00         -100.00
10.000000      8.500000     0.000000   -0.209200     0.0511       2.588900             -2.240290e+00         -100.00
10.000000      8.550000     0.000000   -0.208400     0.0511       2.589000             -2.240090e+00         -100.00
10.000000      8.600000     0.000000   -0.207500     0.0511       2.589100             -2.239990e+00         -100.00
10.000000      8.650000     0.000000   -0.206500     0.0511       2.589200             -2.239790e+00         -100.00
10.000000      8.700000     0.000000   -0.205500     0.0511       2.589300             -2.239590e+00         -100.00
10.000000      8.750000     0.000000   -0.204400     0.0511       2.589500             -2.239390e+00         -100.00
10.000000      8.800000     0.000000   -0.203200     0.0511       2.589600             -2.239190e+00         -100.00
10.000000      8.850000     0.000000   -0.201900     0.0511       2.589800             -2.238890e+00         -100.00
10.000000      8.900000     0.000000   -0.200600     0.0511       2.590000             -2.238590e+00         -100.00
10.000000      8.950000     0.000000   -0.199200     0.0511       2.590200             -2.238290e+00         -100.00
10.000000      9.000000     0.000000   -0.197600     0.0511       2.590500             -2.237890e+00         -100.00
10.000000      9.050000     0.000000   -0.196000     0.0511       2.590700             -2.237490e+00         -100.00
10.000000      9.100000     0.000000   -0.194300     0.0511       2.591100             -2.236990e+00         -100.00
10.000000      9.150000     0.000000   -0.192500     0.0511       2.591400             -2.236390e+00         -100.00
10.000000      9.200000     0.000000   -0.190600     0.0511       2.591900             -2.235690e+00         -100.00
10.000000      9.250000     0.000000   -0.188600     0.0511       2.592400             -2.234890e+00         -100.00
10.000000      9.300000     0.000000   -0.186400     0.0511       2.593000             -2.233990e+00         -100.00
10.000000      9.350000     0.000000   -0.184200     0.0511       2.593700             -2.232890e+00         -100.00
10.000000      9.400000     0.000000   -0.181800     0.0511       2.594500             -2.231490e+00         -100.00
10.000000      9.450000     0.000000   -0.179300     0.0511       2.595500             -2.229890e+00         -100.00
10.000000      9.500000     0.000000   -0.176700     0.0511       2.596700             -2.227890e+00         -100.00
10.000000      9.550000     0.000000   -0.173900     0.0511       2.598100             -2.225490e+00         -100.00
10.000000      9.600000     0.000000   -0.171000     0.0511       2.599900             -2.222590e+00         -100.00
10.000000      9.650000     0.000000   -0.168000     0.0511       2.602100             -2.218990e+00         -100.00
10.020000      8.000000     0.000000   -0.218500     0.0519       2.621700             -2.201690e+00         -100.00
10.020000      8.050000     0.000000   -0.218100     0.0519       2.621800             -2.201590e+00         -100.00
10.020000      8.100000     0.000000   -0.217600     0.0519       2.621800             -2.201590e+00         -100.00
10.020000      8.150000     0.000000   -0.217200     0.0519       2.621900             -2.201490e+00         -100.00
10.020000      8.200000     0.000000   -0.216600     0.0519       2.621900             -2.201390e+00         -100.00
10.020000      8.250000     0.000000   -0.216100     0.0519       2.622000             -2.201290e+00         -100.00
10.020000      8.300000     0.000000   -0.215500     0.0519       2.622000             -2.201290e+00         -100.00
10.020000      8.350000     0.000000   -0.214800     0.0519       2.622100             -2.201190e+00         -100.00
10.020000      8.400000     0.000000   -0.214100     0.0519       2.622200             -2.201090e+00         -100.00
10.020000      8.450000     0.000000   -0.213400     0.0519       2.622300             -2.200890e+00         -100.00
10.020000      8.500000     0.000000   -0.212600     0.0519       2.622400             -2.200790e+00         -100.00
10.020000      8.550000     0.000000   -0.211700     0.0519       2.622500             -2.200690e+00         -100.00
10.020000      8.600000     0.000000   -0.210800     0.0519       2.622600             -2.200490e+00         -100.00
10.020000      8.650000     0.000000   -0.209800     0.0519       2.622700             -2.200390e+00         -100.00
10.020000      8.700000     0.000000   -0.208800     0.0519       2.622800             -2.200190e+00         -100.00
10.020000      8.750000     0.000000   -0.207700     0.0519       2.622900             -2.199990e+00         -100.00
10.020000      8.800000     0.000000   -0.206500     0.0519       2.623100             -2.199690e+00         -100.00
10.020000      8.850000     0.000000   -0.205200     0.0519       2.623300             -2.199490e+00         -100.00
10.020000      8.900000     0.000000   -0.203900     0.0519       2.623500             -2.199190e+00         -100.00
10.020000      8.950000     0.000000   -0.202400     0.0519       2.623700             -2.198890e+00         -100.00
10.020000      9.000000     0.000000   -0.200900     0.0519       2.623900             -2.198490e+00         -100.00
10.020000      9.050000     0.000000   -0.199300     0.0519       2.624200             -2.198090e+00         -100.00
10.020000      9.100000     0.000000   -0.197600     0.0519       2.624500             -2.197590e+00         -100.00
10.020000      9.150000     0.000000   -0.195700     0.0519       2.624900             -2.196990e+00         -100.00
10.020000      9.200000     0.000000   -0.193800     0.0519       2.625300             -2.196390e+00         -100.00
10.020000      9.250000     0.000000   -0.191800     0.0519       2.625800             -2.195590e+00         -100.00
10.020000      9.300000     0.000000   -0.189600     0.0519       2.626400             -2.194690e+00         -100.00
10.020000      9.350000     0.000000   -0.187300     0.0519       2.627100             -2.193490e+00         -100.00
10.020000      9.400000     0.000000   -0.184900     0.0519       2.627900             -2.192190e+00         -100.00
10.020000      9.450000     0.000000   -0.182400     0.0519       2.628900             -2.190590e+00         -100.00
10.020000      9.500000     0.000000   -0.179800     0.0519       2.630000             -2.188690e+00         -100.00
10.020000      9.550000     0.000000   -0.177000     0.0519       2.631400             -2.186390e+00         -100.00
10.020000      9.600000     0.000000   -0.174100     0.0519       2.633200             -2.183490e+00         -100.00
10.020000      9.650000     0.000000   -0.171000     0.0519       2.635300             -2.179990e+00         -100.00
10.040000      8.000000     0.000000   -0.221900     0.0527       2.655200             -2.162190e+00         -100.00
10.040000      8.050000     0.000000   -0.221500     0.0527       2.655300             -2.162190e+00         -100.00
10.040000      8.100000     0.000000   -0.221100     0.0527       2.655300             -2.162090e+00         -100.00
10.040000      8.150000     0.000000   -0.220600     0.0527       2.655400             -2.161990e+00         -100.00
10.040000      8.200000     0.000000   -0.220100     0.0527       2.655400             -2.161890e+00         -100.00
10.040000      8.250000     0.000000   -0.219500     0.0527       2.655500             -2.161890e+00         -100.00
10.040000      8.300000     0.000000   -0.218900     0.0527       2.655500             -2.161790e+00         -100.00
10.040000      8.350000     0.000000   -0.218200     0.0527       2.655600             -2.161690e+00         -100.00
10.040000      8.400000     0.000000   -0.217500     0.0527       2.655700             -2.161590e+00         -100.00
10.040000      8.450000     0.000000   -0.216800     0.0527       2.655800             -2.161490e+00         -100.00
10.040000      8.500000     0.000000   -0.216000     0.0527       2.655900             -2.161290e+00         -100.00
10.040000      8.550000     0.000000   -0.215100     0.0527       2.656000             -2.161190e+00         -100.00
10.040000      8.600000     0.000000   -0.214200     0.0527       2.656100             -2.160990e+00         -100.00
10.040000      8.650000     0.000000   -0.213200     0.0527       2.656200             -2.160890e+00         -100.00
10.040000      8.700000     0.000000   -0.212200     0.0527       2.656300             -2.160690e+00         -100.00
10.040000      8.750000     0.000000   -0.211100     0.0527       2.656400             -2.160490e+00         -100.00
10.040000      8.800000     0.000000   -0.209900     0.0527       2.656600             -2.160290e+00         -100.00
10.040000      8.850000     0.000000   -0.208600     0.0527       2.656800             -2.159990e+00         -100.00
10.040000      8.900000     0.000000   -0.207200     0.0527       2.656900             -2.159690e+00         -100.00
10.040000      8.950000     0.000000   -0.205800     0.0527       2.657200             -2.159390e+00         -100.00
10.040000      9.000000     0.000000   -0.204200     0.0527       2.657400             -2.158990e+00         -100.00
10.040000      9.050000     0.000000   -0.202600     0.0527       2.657700             -2.158590e+00         -100.00
10.040000      9.100000     0.000000   -0.200900     0.0527       2.658000             -2.158190e+00         -100.00
10.040000      9.150000     0.000000   -0.199000     0.0527       2.658300             -2.157590e+00         -100.00
10.040000      9.200000     0.000000   -0.197100     0.0527       2.658800             -2.156890e+00         -100.00
10.040000      9.250000     0.000000   -0.195000     0.0527       2.659200             -2.156190e+00         -100.00
10.040000      9.300000     0.000000   -0.192800     0.0527       2.659800             -2.155290e+00         -100.00
10.040000      9.350000     0.000000   -0.190500     0.0527       2.660500             -2.154190e+00         -100.00
10.040000      9.400000     0.000000   -0.188100     0.0527       2.661300             -2.152890e+00         -100.00
10.040000      9.450000     0.000000   -0.185600     0.0527       2.662200             -2.151290e+00         -100.00
10.040000      9.500000     0.000000   -0.182900     0.0527       2.663400             -2.149490e+00         -100.00
10.040000      9.550000     0.000000   -0.180100     0.0527       2.664800             -2.147190e+00         -100.00
10.040000      9.600000     0.000000   -0.177200     0.0527       2.666400             -2.144390e+00         -100.00
10.040000      9.650000     0.000000   -0.174100     0.0527       2.668500             -2.140990e+00         -100.00
10.060000      8.000000     0.000000   -0.225400     0.0535       2.688700             -2.122690e+00         -100.00
10.060000      8.050000     0.000000   -0.225000     0.0535       2.688800             -2.122590e+00         -100.00
10.060000      8.100000     0.000000   -0.224600     0.0535       2.688800             -2.122590e+00         -100.00
10.060000      8.150000     0.000000   -0.224100     0.0535       2.688900             -2.122490e+00         -100.00
10.060000      8.200000     0.000000   -0.223500     0.0535       2.688900             -2.122390e+00         -100.00
10.060000      8.250000     0.000000   -0.223000     0.0535       2.689000             -2.122290e+00         -100.00
10.060000      8.300000     0.000000   -0.222400     0.0535       2.689100             -2.122290e+00         -100.00
10.060000      8.350000     0.000000   -0.221700     0.0535       2.689100             -2.122190e+00         -100.00
10.060000      8.400000     0.000000   -0.221000     0.0535       2.689200             -2.122090e+00         -100.00
10.060000      8.450000     0.000000   -0.220300     0.0535       2.689300             -2.121890e+00         -100.00
10.060000      8.500000     0.000000   -0.219400     0.0535       2.689400             -2.121790e+00         -100.00
10.060000      8.550000     0.000000   -0.218600     0.0535       2.689500             -2.121690e+00         -100.00
10.060000      8.600000     0.000000   -0.217700     0.0535       2.689600             -2.121490e+00         -100.00
10.060000      8.650000     0.000000   -0.216700     0.0535       2.689700             -2.121390e+00         -100.00
10.060000      8.700000     0.000000   -0.215600     0.0535       2.689800             -2.121190e+00         -100.00
10.060000      8.750000     0.000000   -0.214500     0.0535       2.689900             -2.120990e+00         -100.00
10.060000      8.800000     0.000000   -0.213300     0.0535       2.690100             -2.120790e+00         -100.00
10.060000      8.850000     0.000000   -0.212000     0.0535       2.690300             -2.120490e+00         -100.00
10.060000      8.900000     0.000000   -0.210600     0.0535       2.690400             -2.120190e+00         -100.00
10.060000      8.950000     0.000000   -0.209200     0.0535       2.690700             -2.119890e+00         -100.00
10.060000      9.000000     0.000000   -0.207600     0.0535       2.690900             -2.119590e+00         -100.00
10.060000      9.050000     0.000000   -0.206000     0.0535       2.691200             -2.119190e+00         -100.00
10.060000      9.100000     0.000000   -0.204200     0.0535       2.691500             -2.118690e+00         -100.00
10.060000      9.150000     0.000000   -0.202400     0.0535       2.691800             -2.118090e+00         -100.00
10.060000      9.200000     0.000000   -0.200400     0.0535       2.692200             -2.117490e+00         -100.00
10.060000      9.250000     0.000000   -0.198300     0.0535       2.692700             -2.116690e+00         -100.00
10.060000      9.300000     0.000000   -0.196100     0.0535       2.693300             -2.115890e+00         -100.00
10.060000      9.350000     0.000000   -0.193800     0.0535       2.693900             -2.114790e+00         -100.00
10.060000      9.400000     0.000000   -0.191400     0.0535       2.694700             -2.113490e+00         -100.00
10.060000      9.450000     0.000000   -0.188800     0.0535       2.695600             -2.111990e+00         -100.00
10.060000      9.500000     0.000000   -0.186100     0.0535       2.696700             -2.110190e+00         -100.00
10.060000      9.550000     0.000000   -0.183300     0.0535       2.698100             -2.107990e+00         -100.00
10.060000      9.600000     0.000000   -0.180300     0.0535       2.699700             -2.105190e+00         -100.00
10.060000      9.650000     0.000000   -0.177200     0.0535       2.701700             -2.101890e+00         -100.00
10.080000      8.000000     0.000000   -0.229000     0.0544       2.722300             -2.083090e+00         -100.00
10.080000      8.050000     0.000000   -0.228600     0.0544       2.722300             -2.083090e+00         -100.00
10.080000      8.100000     0.000000   -0.228100     0.0544       2.722400             -2.082990e+00         -100.00
10.080000      8.150000     0.000000   -0.227600     0.0544       2.722400             -2.082890e+00         -100.00
10.080000      8.200000     0.000000   -0.227100     0.0544       2.722500             -2.082890e+00         -100.00
10.080000      8.250000     0.000000   -0.226500     0.0544       2.722500             -2.082790e+00         -100.00
10.080000      8.300000     0.000000   -0.225900     0.0544       2.722600             -2.082690e+00         -100.00
10.080000      8.350000     0.000000   -0.225200     0.0544       2.722600             -2.082590e+00         -100.00
10.080000      8.400000     0.000000   -0.224500     0.0544       2.722700             -2.082490e+00         -100.00
10.080000      8.450000     0.000000   -0.223800     0.0544       2.722800             -2.082390e+00         -100.00
10.080000      8.500000     0.000000   -0.223000     0.0544       2.722900             -2.082290e+00         -100.00
10.080000      8.550000     0.000000   -0.222100     0.0544       2.723000             -2.082090e+00         -100.00
10.080000      8.600000     0.000000   -0.221100     0.0544       2.723100             -2.081990e+00         -100.00
10.080000      8.650000     0.000000   -0.220200     0.0544       2.723200             -2.081790e+00         -100.00
10.080000      8.700000     0.000000   -0.219100     0.0544       2.723300             -2.081590e+00         -100.00
10.080000      8.750000     0.000000   -0.218000     0.0544       2.723400             -2.081390e+00         -100.00
10.080000      8.800000     0.000000   -0.216700     0.0544       2.723600             -2.081190e+00         -100.00
10.080000      8.850000     0.000000   -0.215400     0.0544       2.723800             -2.080990e+00         -100.00
10.080000      8.900000     0.000000   -0.214100     0.0544       2.723900             -2.080690e+00         -100.00
10.080000      8.950000     0.000000   -0.212600     0.0544       2.724200             -2.080390e+00         -100.00
10.080000      9.000000     0.000000   -0.211000     0.0544       2.724400             -2.079990e+00         -100.00
10.080000      9.050000     0.000000   -0.209400     0.0544       2.724700             -2.079590e+00         -100.00
10.080000      9.100000     0.000000   -0.207600     0.0544       2.725000             -2.079190e+00         -100.00
10.080000      9.150000     0.000000   -0.205700     0.0544       2.725300             -2.078590e+00         -100.00
10.080000      9.200000     0.000000   -0.203800     0.0544       2.725700             -2.077990e+00         -100.00
10.080000      9.250000     0.000000   -0.201700     0.0544       2.726200             -2.077290e+00         -100.00
10.080000      9.300000     0.000000   -0.199500     0.0544       2.726700             -2.076390e+00         -100.00
10.080000      9.350000     0.000000   -0.197100     0.0544       2.727300             -2.075390e+00         -100.00
10.080000      9.400000     0.000000   -0.194700     0.0544       2.728100             -2.074090e+00         -100.00
10.080000      9.450000     0.000000   -0.192100     0.0544       2.729000             -2.072690e+00         -100.00
10.080000      9.500000     0.000000   -0.189400     0.0544       2.730100             -2.070890e+00         -100.00
10.080000      9.550000     0.000000   -0.186500     0.0544       2.731400             -2.068690e+00         -100.00
10.080000      9.600000     0.000000   -0.183500     0.0544       2.733000             -2.065990e+00         -100.00
10.080000      9.650000     0.000000   -0.180400     0.0544       2.734900             -2.062790e+00         -100.00
10.100000      8.000000     0.000000   -0.232600     0.0552       2.755800             -2.043490e+00         -100.00
10.100000      8.050000     0.000000   -0.232100     0.0552       2.755800             -2.043490e+00         -100.00
10.100000      8.100000     0.000000   -0.231700     0.0552       2.755900             -2.043390e+00         -100.00
10.100000      8.150000     0.000000   -0.231200     0.0552       2.755900             -2.043390e+00         -100.00
10.100000      8.200000     0.000000   -0.230700     0.0552       2.756000             -2.043290e+00         -100.00
10.100000      8.250000     0.000000   -0.230100     0.0552       2.756000             -2.043190e+00         -100.00
10.100000      8.300000     0.000000   -0.229500     0.0552       2.756100             -2.043090e+00         -100.00
10.100000      8.350000     0.000000   -0.228800     0.0552       2.756200             -2.042990e+00         -100.00
10.100000      8.400000     0.000000   -0.228100     0.0552       2.756200             -2.042890e+00         -100.00
10.100000      8.450000     0.000000   -0.227300     0.0552       2.756300             -2.042790e+00         -100.00
10.100000      8.500000     0.000000   -0.226500     0.0552       2.756400             -2.042690e+00         -100.00
10.100000      8.550000     0.000000   -0.225600     0.0552       2.756500             -2.042590e+00         -100.00
10.100000      8.600000     0.000000   -0.224700     0.0552       2.756600             -2.042390e+00         -100.00
10.100000      8.650000     0.000000   -0.223700     0.0552       2.756700             -2.042190e+00         -100.00
10.100000      8.700000     0.000000   -0.222600     0.0552       2.756800             -2.042090e+00         -100.00
10.100000      8.750000     0.000000   -0.221500     0.0552       2.757000             -2.041890e+00         -100.00
10.100000      8.800000     0.000000   -0.220300     0.0552       2.757100             -2.041690e+00         -100.00
10.100000      8.850000     0.000000   -0.219000     0.0552       2.757300             -2.041390e+00         -100.00
10.100000      8.900000     0.000000   -0.217600     0.0552       2.757500             -2.041090e+00         -100.00
10.100000      8.950000     0.000000   -0.216100     0.0552       2.757700             -2.040790e+00         -100.00
10.100000      9.000000     0.000000   -0.214500     0.0552       2.757900             -2.040490e+00         -100.00
10.100000      9.050000     0.000000   -0.212800     0.0552       2.758100             -2.040090e+00         -100.00
10.100000      9.100000     0.000000   -0.211100     0.0552       2.758400             -2.039590e+00         -100.00
10.100000      9.150000     0.000000   -0.209200     0.0552       2.758800             -2.039090e+00         -100.00
10.100000      9.200000     0.000000   -0.207200     0.0552       2.759200             -2.038490e+00         -100.00
10.100000      9.250000     0.000000   -0.205100     0.0552       2.759600             -2.037790e+00         -100.00
10.100000      9.300000     0.000000   -0.202900     0.0552       2.760200             -2.036890e+00         -100.00
10.100000      9.350000     0.000000   -0.200500     0.0552       2.760800             -2.035890e+00         -100.00
10.100000      9.400000     0.000000   -0.198000     0.0552       2.761500             -2.034690e+00         -100.00
10.100000      9.450000     0.000000   -0.195400     0.0552       2.762400             -2.033290e+00         -100.00
10.100000      9.500000     0.000000   -0.192700     0.0552       2.763500             -2.031490e+00         -100.00
10.100000      9.550000     0.000000   -0.189800     0.0552       2.764800             -2.029390e+00         -100.00
10.100000      9.600000     0.000000   -0.186800     0.0552       2.766300             -2.026790e+00         -100.00
10.100000      9.650000     0.000000   -0.183600     0.0552       2.768200             -2.023590e+00         -100.00
10.120000      8.000000     0.000000   -0.236200     0.0561       2.789300             -2.003890e+00         -100.00
10.120000      8.050000     0.000000   -0.235800     0.0561       2.789400             -2.003890e+00         -100.00
10.120000      8.100000     0.000000   -0.235300     0.0561       2.789400             -2.003790e+00         -100.00
10.120000      8.150000     0.000000   -0.234800     0.0561       2.789500             -2.003690e+00         -100.00
10.120000      8.200000     0.000000   -0.234300     0.0561       2.789500             -2.003690e+00         -100.00
10.120000      8.250000     0.000000   -0.233700     0.0561       2.789600             -2.003590e+00         -100.00
10.120000      8.300000     0.000000   -0.233100     0.0561       2.789600             -2.003490e+00         -100.00
10.120000      8.350000     0.000000   -0.232400     0.0561       2.789700             -2.003390e+00         -100.00
10.120000      8.400000     0.000000   -0.231700     0.0561       2.789800             -2.003290e+00         -100.00
10.120000      8.450000     0.000000   -0.231000     0.0561       2.789800             -2.003190e+00         -100.00
10.120000      8.500000     0.000000   -0.230100     0.0561       2.789900             -2.003090e+00         -100.00
10.120000      8.550000     0.000000   -0.229200     0.0561       2.790000             -2.002890e+00         -100.00
10.120000      8.600000     0.000000   -0.228300     0.0561       2.790100             -2.002790e+00         -100.00
10.120000      8.650000     0.000000   -0.227300     0.0561       2.790200             -2.002590e+00         -100.00
10.120000      8.700000     0.000000   -0.226200     0.0561       2.790400             -2.002490e+00         -100.00
10.120000      8.750000     0.000000   -0.225100     0.0561       2.790500             -2.002290e+00         -100.00
10.120000      8.800000     0.000000   -0.223800     0.0561       2.790600             -2.002090e+00         -100.00
10.120000      8.850000     0.000000   -0.222500     0.0561       2.790800             -2.001790e+00         -100.00
10.120000      8.900000     0.000000   -0.221100     0.0561       2.791000             -2.001590e+00         -100.00
10.120000      8.950000     0.000000   -0.219600     0.0561       2.791200             -2.001290e+00         -100.00
10.120000      9.000000     0.000000   -0.218100     0.0561       2.791400             -2.000890e+00         -100.00
10.120000      9.050000     0.000000   -0.216400     0.0561       2.791700             -2.000490e+00         -100.00
10.120000      9.100000     0.000000   -0.214600     0.0561       2.791900             -2.000090e+00         -100.00
10.120000      9.150000     0.000000   -0.212700     0.0561       2.792300             -1.999590e+00         -100.00
10.120000      9.200000     0.000000   -0.210700     0.0561       2.792700             -1.998990e+00         -100.00
10.120000      9.250000     0.000000   -0.208500     0.0561       2.793100             -1.998290e+00         -100.00
10.120000      9.300000     0.000000   -0.206300     0.0561       2.793600             -1.997390e+00         -100.00
10.120000      9.350000     0.000000   -0.203900     0.0561       2.794200             -1.996390e+00         -100.00
10.120000      9.400000     0.000000   -0.201400     0.0561       2.795000             -1.995290e+00         -100.00
10.120000      9.450000     0.000000   -0.198800     0.0561       2.795800             -1.993790e+00         -100.00
10.120000      9.500000     0.000000   -0.196000     0.0561       2.796900             -1.992090e+00         -100.00
10.120000      9.550000     0.000000   -0.193100     0.0561       2.798100             -1.990090e+00         -100.00
10.120000      9.600000     0.000000   -0.190100     0.0561       2.799600             -1.987490e+00         -100.00
10.120000      9.650000     0.000000   -0.186900     0.0561       2.801500             -1.984390e+00         -100.00
10.140000      8.000000     0.000000   -0.239900     0.0569       2.822900             -1.964290e+00         -100.00
10.140000      8.050000     0.000000   -0.239500     0.0569       2.822900             -1.964190e+00         -100.00
10.140000      8.100000     0.000000   -0.239000     0.0569       2.823000             -1.964190e+00         -100.00
10.140000      8.150000     0.000000   -0.238500     0.0569       2.823000             -1.964090e+00         -100.00
10.140000      8.200000     0.000000   -0.238000     0.0569       2.823100             -1.963990e+00         -100.00
10.140000      8.250000     0.000000   -0.237400     0.0569       2.823100             -1.963890e+00         -100.00
10.140000      8.300000     0.000000   -0.236800     0.0569       2.823200             -1.963890e+00         -100.00
10.140000      8.350000     0.000000   -0.236100     0.0569       2.823200             -1.963790e+00         -100.00
10.140000      8.400000     0.000000   -0.235400     0.0569       2.823300             -1.963690e+00         -100.00
10.140000      8.450000     0.000000   -0.234600     0.0569       2.823400             -1.963590e+00         -100.00
10.140000      8.500000     0.000000   -0.233800     0.0569       2.823500             -1.963390e+00         -100.00
10.140000      8.550000     0.000000   -0.232900     0.0569       2.823600             -1.963290e+00         -100.00
10.140000      8.600000     0.000000   -0.232000     0.0569       2.823700             -1.963190e+00         -100.00
10.140000      8.650000     0.000000   -0.231000     0.0569       2.823800             -1.962990e+00         -100.00
10.140000      8.700000     0.000000   -0.229900     0.0569       2.823900             -1.962790e+00         -100.00
10.140000      8.750000     0.000000   -0.228700     0.0569       2.824000             -1.962690e+00         -100.00
10.140000      8.800000     0.000000   -0.227500     0.0569       2.824200             -1.962390e+00         -100.00
10.140000      8.850000     0.000000   -0.226200     0.0569       2.824300             -1.962190e+00         -100.00
10.140000      8.900000     0.000000   -0.224700     0.0569       2.824500             -1.961890e+00         -100.00
10.140000      8.950000     0.000000   -0.223200     0.0569       2.824700             -1.961590e+00         -100.00
10.140000      9.000000     0.000000   -0.221600     0.0569       2.824900             -1.961290e+00         -100.00
10.140000      9.050000     0.000000   -0.219900     0.0569       2.825200             -1.960890e+00         -100.00
10.140000      9.100000     0.000000   -0.218100     0.0569       2.825500             -1.960490e+00         -100.00
10.140000      9.150000     0.000000   -0.216200     0.0569       2.825800             -1.959990e+00         -100.00
10.140000      9.200000     0.000000   -0.214200     0.0569       2.826200             -1.959390e+00         -100.00
10.140000      9.250000     0.000000   -0.212100     0.0569       2.826600             -1.958690e+00         -100.00
10.140000      9.300000     0.000000   -0.209800     0.0569       2.827100             -1.957890e+00         -100.00
10.140000      9.350000     0.000000   -0.207400     0.0569       2.827700             -1.956890e+00         -100.00
10.140000      9.400000     0.000000   -0.204900     0.0569       2.828400             -1.955790e+00         -100.00
10.140000      9.450000     0.000000   -0.202200     0.0569       2.829300             -1.954390e+00         -100.00
10.140000      9.500000     0.000000   -0.199400     0.0569       2.830300             -1.952690e+00         -100.00
10.140000      9.550000     0.000000   -0.196500     0.0569       2.831500             -1.950690e+00         -100.00
10.140000      9.600000     0.000000   -0.193400     0.0569       2.833000             -1.948190e+00         -100.00
10.140000      9.650000     0.000000   -0.190200     0.0569       2.834800             -1.945190e+00         -100.00
10.160000      8.000000     0.000000   -0.243700     0.0578       2.856400             -1.924590e+00         -100.00
10.160000      8.050000     0.000000   -0.243300     0.0578       2.856500             -1.924590e+00         -100.00
10.160000      8.100000     0.000000   -0.242800     0.0578       2.856500             -1.924490e+00         -100.00
10.160000      8.150000     0.000000   -0.242300     0.0578       2.856600             -1.924390e+00         -100.00
10.160000      8.200000     0.000000   -0.241800     0.0578       2.856600             -1.924390e+00         -100.00
10.160000      8.250000     0.000000   -0.241200     0.0578       2.856700             -1.924290e+00         -100.00
10.160000      8.300000     0.000000   -0.240500     0.0578       2.856700             -1.924190e+00         -100.00
10.160000      8.350000     0.000000   -0.239900     0.0578       2.856800             -1.924090e+00         -100.00
10.160000      8.400000     0.000000   -0.239100     0.0578       2.856900             -1.923990e+00         -100.00
10.160000      8.450000     0.000000   -0.238400     0.0578       2.856900             -1.923890e+00         -100.00
10.160000      8.500000     0.000000   -0.237500     0.0578       2.857000             -1.923790e+00         -100.00
10.160000      8.550000     0.000000   -0.236600     0.0578       2.857100             -1.923590e+00         -100.00
10.160000      8.600000     0.000000   -0.235700     0.0578       2.857200             -1.923490e+00         -100.00
10.160000      8.650000     0.000000   -0.234700     0.0578       2.857300             -1.923390e+00         -100.00
10.160000      8.700000     0.000000   -0.233600     0.0578       2.857400             -1.923190e+00         -100.00
10.160000      8.750000     0.000000   -0.232400     0.0578       2.857600             -1.922990e+00         -100.00
10.160000      8.800000     0.000000   -0.231200     0.0578       2.857700             -1.922790e+00         -100.00
10.160000      8.850000     0.000000   -0.229800     0.0578       2.857800             -1.922590e+00         -100.00
10.160000      8.900000     0.000000   -0.228400     0.0578       2.858000             -1.922290e+00         -100.00
10.160000      8.950000     0.000000   -0.226900     0.0578       2.858200             -1.921990e+00         -100.00
10.160000      9.000000     0.000000   -0.225300     0.0578       2.858400             -1.921690e+00         -100.00
10.160000      9.050000     0.000000   -0.223600     0.0578       2.858700             -1.921290e+00         -100.00
10.160000      9.100000     0.000000   -0.221800     0.0578       2.859000             -1.920890e+00         -100.00
10.160000      9.150000     0.000000   -0.219800     0.0578       2.859300             -1.920390e+00         -100.00
10.160000      9.200000     0.000000   -0.217800     0.0578       2.859700             -1.919790e+00         -100.00
10.160000      9.250000     0.000000   -0.215600     0.0578       2.860100             -1.919090e+00         -100.00
10.160000      9.300000     0.000000   -0.213400     0.0578       2.860600             -1.918290e+00         -100.00
10.160000      9.350000     0.000000   -0.210900     0.0578       2.861200             -1.917390e+00         -100.00
10.160000      9.400000     0.000000   -0.208400     0.0578       2.861900             -1.916190e+00         -100.00
10.160000      9.450000     0.000000   -0.205700     0.0578       2.862700             -1.914890e+00         -100.00
10.160000      9.500000     0.000000   -0.202900     0.0578       2.863700             -1.913290e+00         -100.00
10.160000      9.550000     0.000000   -0.200000     0.0578       2.864900             -1.911290e+00         -100.00
10.160000      9.600000     0.000000   -0.196900     0.0578       2.866300             -1.908890e+00         -100.00
10.160000      9.650000     0.000000   -0.193600     0.0578       2.868100             -1.905990e+00         -100.00
10.180000      8.000000     0.000000   -0.247500     0.0587       2.890000             -1.884890e+00         -100.00
10.180000      8.050000     0.000000   -0.247100     0.0587       2.890000             -1.884890e+00         -100.00
10.180000      8.100000     0.000000   -0.246600     0.0587       2.890100             -1.884790e+00         -100.00
10.180000      8.150000     0.000000   -0.246100     0.0587       2.890100             -1.884690e+00         -100.00
10.180000      8.200000     0.000000   -0.245600     0.0587       2.890200             -1.884690e+00         -100.00
10.180000      8.250000     0.000000   -0.245000     0.0587       2.890200             -1.884590e+00         -100.00
10.180000      8.300000     0.000000   -0.244400     0.0587       2.890300             -1.884490e+00         -100.00
10.180000      8.350000     0.000000   -0.243700     0.0587       2.890300             -1.884390e+00         -100.00
10.180000      8.400000     0.000000   -0.242900     0.0587       2.890400             -1.884290e+00         -100.00
10.180000      8.450000     0.000000   -0.242200     0.0587       2.890500             -1.884190e+00         -100.00
10.180000      8.500000     0.000000   -0.241300     0.0587       2.890600             -1.884090e+00         -100.00
10.180000      8.550000     0.000000   -0.240400     0.0587       2.890600             -1.883990e+00         -100.00
10.180000      8.600000     0.000000   -0.239500     0.0587       2.890700             -1.883790e+00         -100.00
10.180000      8.650000     0.000000   -0.238400     0.0587       2.890800             -1.883690e+00         -100.00
10.180000      8.700000     0.000000   -0.237300     0.0587       2.891000             -1.883490e+00         -100.00
10.180000      8.750000     0.000000   -0.236200     0.0587       2.891100             -1.883290e+00         -100.00
10.180000      8.800000     0.000000   -0.234900     0.0587       2.891200             -1.883090e+00         -100.00
10.180000      8.850000     0.000000   -0.233600     0.0587       2.891400             -1.882890e+00         -100.00
10.180000      8.900000     0.000000   -0.232100     0.0587       2.891600             -1.882590e+00         -100.00
10.180000      8.950000     0.000000   -0.230600     0.0587       2.891800             -1.882290e+00         -100.00
10.180000      9.000000     0.000000   -0.229000     0.0587       2.892000             -1.881990e+00         -100.00
10.180000      9.050000     0.000000   -0.227300     0.0587       2.892200             -1.881590e+00         -100.00
10.180000      9.100000     0.000000   -0.225500     0.0587       2.892500             -1.881190e+00         -100.00
10.180000      9.150000     0.000000   -0.223500     0.0587       2.892800             -1.880690e+00         -100.00
10.180000      9.200000     0.000000   -0.221500     0.0587       2.893200             -1.880190e+00         -100.00
10.180000      9.250000     0.000000   -0.219300     0.0587       2.893600             -1.879490e+00         -100.00
10.180000      9.300000     0.000000   -0.217000     0.0587       2.894100             -1.878690e+00         -100.00
10.180000      9.350000     0.000000   -0.214500     0.0587       2.894600             -1.877790e+00         -100.00
10.180000      9.400000     0.000000   -0.212000     0.0587       2.895300             -1.876690e+00         -100.00
10.180000      9.450000     0.000000   -0.209300     0.0587       2.896100             -1.875390e+00         -100.00
10.180000      9.500000     0.000000   -0.206400     0.0587       2.897100             -1.873790e+00         -100.00
10.180000      9.550000     0.000000   -0.203500     0.0587       2.898300             -1.871790e+00         -100.00
10.180000      9.600000     0.000000   -0.200300     0.0587       2.899700             -1.869490e+00         -100.00
10.180000      9.650000     0.000000   -0.197100     0.0587       2.901400             -1.866590e+00         -100.00
10.200000      8.000000     0.000000   -0.251400     0.0596       2.923500             -1.845190e+00         -100.00
10.200000      8.050000     0.000000   -0.251000     0.0596       2.923600             -1.845090e+00         -100.00
10.200000      8.100000     0.000000   -0.250500     0.0596       2.923600             -1.845090e+00         -100.00
10.200000      8.150000     0.000000   -0.250000     0.0596       2.923700             -1.844990e+00         -100.00
10.200000      8.200000     0.000000   -0.249400     0.0596       2.923700             -1.844890e+00         -100.00
10.200000      8.250000     0.000000   -0.248900     0.0596       2.923800             -1.844890e+00         -100.00
10.200000      8.300000     0.000000   -0.248200     0.0596       2.923800             -1.844790e+00         -100.00
10.200000      8.350000     0.000000   -0.247500     0.0596       2.923900             -1.844690e+00         -100.00
10.200000      8.400000     0.000000   -0.246800     0.0596       2.924000             -1.844590e+00         -100.00
10.200000      8.450000     0.000000   -0.246000     0.0596       2.924000             -1.844490e+00         -100.00
10.200000      8.500000     0.000000   -0.245200     0.0596       2.924100             -1.844390e+00         -100.00
10.200000      8.550000     0.000000   -0.244300     0.0596       2.924200             -1.844190e+00         -100.00
10.200000      8.600000     0.000000   -0.243300     0.0596       2.924300             -1.844090e+00         -100.00
10.200000      8.650000     0.000000   -0.242300     0.0596       2.924400             -1.843990e+00         -100.00
10.200000      8.700000     0.000000   -0.241200     0.0596       2.924500             -1.843790e+00         -100.00
10.200000      8.750000     0.000000   -0.240000     0.0596       2.924600             -1.843590e+00         -100.00
10.200000      8.800000     0.000000   -0.238700     0.0596       2.924800             -1.843390e+00         -100.00
10.200000      8.850000     0.000000   -0.237400     0.0596       2.924900             -1.843190e+00         -100.00
10.200000      8.900000     0.000000   -0.235900     0.0596       2.925100             -1.842890e+00         -100.00
10.200000      8.950000     0.000000   -0.234400     0.0596       2.925300             -1.842590e+00         -100.00
10.200000      9.000000     0.000000   -0.232800     0.0596       2.925500             -1.842290e+00         -100.00
10.200000      9.050000     0.000000   -0.231000     0.0596       2.925700             -1.841990e+00         -100.00
10.200000      9.100000     0.000000   -0.229200     0.0596       2.926000             -1.841490e+00         -100.00
10.200000      9.150000     0.000000   -0.227200     0.0596       2.926300             -1.841090e+00         -100.00
10.200000      9.200000     0.000000   -0.225200     0.0596       2.926700             -1.840490e+00         -100.00
10.200000      9.250000     0.000000   -0.223000     0.0596       2.927100             -1.839790e+00         -100.00
10.200000      9.300000     0.000000   -0.220700     0.0596       2.927600             -1.839090e+00         -100.00
10.200000      9.350000     0.000000   -0.218200     0.0596       2.928100             -1.838190e+00         -100.00
10.200000      9.400000     0.000000   -0.215600     0.0596       2.928800             -1.837090e+00         -100.00
10.200000      9.450000     0.000000   -0.212900     0.0596       2.929600             -1.835790e+00         -100.00
10.200000      9.500000     0.000000   -0.210000     0.0596       2.930500             -1.834290e+00         -100.00
10.200000      9.550000     0.000000   -0.207000     0.0596       2.931700             -1.832390e+00         -100.00
10.200000      9.600000     0.000000   -0.203900     0.0596       2.933000             -1.830090e+00         -100.00
10.200000      9.650000     0.000000   -0.200600     0.0596       2.934700             -1.827290e+00         -100.00
10.220000      8.000000     0.000000   -0.255400     0.0605       2.957100             -1.805390e+00         -100.00
10.220000      8.050000     0.000000   -0.254900     0.0605       2.957100             -1.805390e+00         -100.00
10.220000      8.100000     0.000000   -0.254400     0.0605       2.957200             -1.805290e+00         -100.00
10.220000      8.150000     0.000000   -0.253900     0.0605       2.957200             -1.805290e+00         -100.00
10.220000      8.200000     0.000000   -0.253400     0.0605       2.957300             -1.805190e+00         -100.00
10.220000      8.250000     0.000000   -0.252800     0.0605       2.957300             -1.805090e+00         -100.00
10.220000      8.300000     0.000000   -0.252100     0.0605       2.957400             -1.804990e+00         -100.00
10.220000      8.350000     0.000000   -0.251500     0.0605       2.957400             -1.804890e+00         -100.00
10.220000      8.400000     0.000000   -0.250700     0.0605       2.957500             -1.804890e+00         -100.00
10.220000      8.450000     0.000000   -0.249900     0.0605       2.957600             -1.804690e+00         -100.00
10.220000      8.500000     0.000000   -0.249100     0.0605       2.957700             -1.804590e+00         -100.00
10.220000      8.550000     0.000000   -0.248200     0.0605       2.957800             -1.804490e+00         -100.00
10.220000      8.600000     0.000000   -0.247200     0.0605       2.957800             -1.804390e+00         -100.00
10.220000      8.650000     0.000000   -0.246200     0.0605       2.958000             -1.804190e+00         -100.00
10.220000      8.700000     0.000000   -0.245100     0.0605       2.958100             -1.804090e+00         -100.00
10.220000      8.750000     0.000000   -0.243900     0.0605       2.958200             -1.803890e+00         -100.00
10.220000      8.800000     0.000000   -0.242600     0.0605       2.958300             -1.803690e+00         -100.00
10.220000      8.850000     0.000000   -0.241200     0.0605       2.958500             -1.803490e+00         -100.00
10.220000      8.900000     0.000000   -0.239800     0.0605       2.958600             -1.803190e+00         -100.00
10.220000      8.950000     0.000000   -0.238200     0.0605       2.958800             -1.802890e+00         -100.00
10.220000      9.000000     0.000000   -0.236600     0.0605       2.959000             -1.802590e+00         -100.00
10.220000      9.050000     0.000000   -0.234900     0.0605       2.959300             -1.802190e+00         -100.00
10.220000      9.100000     0.000000   -0.233000     0.0605       2.959500             -1.801790e+00         -100.00
10.220000      9.150000     0.000000   -0.231000     0.0605       2.959800             -1.801390e+00         -100.00
10.220000      9.200000     0.000000   -0.228900     0.0605       2.960200             -1.800790e+00         -100.00
10.220000      9.250000     0.000000   -0.226700     0.0605       2.960600             -1.800190e+00         -100.00
10.220000      9.300000     0.000000   -0.224400     0.0605       2.961100             -1.799390e+00         -100.00
10.220000      9.350000     0.000000   -0.221900     0.0605       2.961600             -1.798490e+00         -100.00
10.220000      9.400000     0.000000   -0.219300     0.0605       2.962300             -1.797490e+00         -100.00
10.220000      9.450000     0.000000   -0.216600     0.0605       2.963000             -1.796190e+00         -100.00
10.220000      9.500000     0.000000   -0.213700     0.0605       2.964000             -1.794690e+00         -100.00
10.220000      9.550000     0.000000   -0.210600     0.0605       2.965100             -1.792890e+00         -100.00
10.220000      9.600000     0.000000   -0.207400     0.0605       2.966400             -1.790690e+00         -100.00
10.220000      9.650000     0.000000   -0.204100     0.0605       2.968000             -1.787890e+00         -100.00
10.240000      8.000000     0.000000   -0.259400     0.0615       2.990700             -1.765690e+00         -100.00
10.240000      8.050000     0.000000   -0.258900     0.0615       2.990700             -1.765590e+00         -100.00
10.240000      8.100000     0.000000   -0.258400     0.0615       2.990700             -1.765590e+00         -100.00
10.240000      8.150000     0.000000   -0.257900     0.0615       2.990800             -1.765490e+00         -100.00
10.240000      8.200000     0.000000   -0.257400     0.0615       2.990800             -1.765390e+00         -100.00
10.240000      8.250000     0.000000   -0.256800     0.0615       2.990900             -1.765390e+00         -100.00
10.240000      8.300000     0.000000   -0.256100     0.0615       2.990900             -1.765290e+00         -100.00
10.240000      8.350000     0.000000   -0.255400     0.0615       2.991000             -1.765190e+00         -100.00
10.240000      8.400000     0.000000   -0.254700     0.0615       2.991100             -1.765090e+00         -100.00
10.240000      8.450000     0.000000   -0.253900     0.0615       2.991100             -1.764990e+00         -100.00
10.240000      8.500000     0.000000   -0.253100     0.0615       2.991200             -1.764890e+00         -100.00
10.240000      8.550000     0.000000   -0.252100     0.0615       2.991300             -1.764690e+00         -100.00
10.240000      8.600000     0.000000   -0.251200     0.0615       2.991400             -1.764590e+00         -100.00
10.240000      8.650000     0.000000   -0.250100     0.0615       2.991500             -1.764490e+00         -100.00
10.240000      8.700000     0.000000   -0.249000     0.0615       2.991600             -1.764290e+00         -100.00
10.240000      8.750000     0.000000   -0.247800     0.0615       2.991700             -1.764090e+00         -100.00
10.240000      8.800000     0.000000   -0.246500     0.0615       2.991900             -1.763890e+00         -100.00
10.240000      8.850000     0.000000   -0.245200     0.0615       2.992000             -1.763690e+00         -100.00
10.240000      8.900000     0.000000   -0.243700     0.0615       2.992200             -1.763490e+00         -100.00
10.240000      8.950000     0.000000   -0.242100     0.0615       2.992400             -1.763190e+00         -100.00
10.240000      9.000000     0.000000   -0.240500     0.0615       2.992600             -1.762890e+00         -100.00
10.240000      9.050000     0.000000   -0.238700     0.0615       2.992800             -1.762490e+00         -100.00
10.240000      9.100000     0.000000   -0.236900     0.0615       2.993100             -1.762090e+00         -100.00
10.240000      9.150000     0.000000   -0.234900     0.0615       2.993400             -1.761690e+00         -100.00
10.240000      9.200000     0.000000   -0.232800     0.0615       2.993700             -1.761090e+00         -100.00
10.240000      9.250000     0.000000   -0.230500     0.0615       2.994100             -1.760490e+00         -100.00
10.240000      9.300000     0.000000   -0.228200     0.0615       2.994600             -1.759790e+00         -100.00
10.240000      9.350000     0.000000   -0.225700     0.0615       2.995100             -1.758890e+00         -100.00
10.240000      9.400000     0.000000   -0.223100     0.0615       2.995800             -1.757890e+00         -100.00
10.240000      9.450000     0.000000   -0.220300     0.0615       2.996500             -1.756590e+00         -100.00
10.240000      9.500000     0.000000   -0.217400     0.0615       2.997400             -1.755090e+00         -100.00
10.240000      9.550000     0.000000   -0.214300     0.0615       2.998500             -1.753390e+00         -100.00
10.240000      9.600000     0.000000   -0.211100     0.0615       2.999800             -1.751190e+00         -100.00
10.240000      9.650000     0.000000   -0.207700     0.0615       3.001400             -1.748490e+00         -100.00
10.260000      8.000000     0.000000   -0.263400     0.0624       3.024200             -1.725890e+00         -100.00
10.260000      8.050000     0.000000   -0.263000     0.0624       3.024300             -1.725790e+00         -100.00
10.260000      8.100000     0.000000   -0.262500     0.0624       3.024300             -1.725790e+00         -100.00
10.260000      8.150000     0.000000   -0.262000     0.0624       3.024400             -1.725690e+00         -100.00
10.260000      8.200000     0.000000   -0.261400     0.0624       3.024400             -1.725590e+00         -100.00
10.260000      8.250000     0.000000   -0.260800     0.0624       3.024500             -1.725590e+00         -100.00
10.260000      8.300000     0.000000   -0.260200     0.0624       3.024500             -1.725490e+00         -100.00
10.260000      8.350000     0.000000   -0.259500     0.0624       3.024600             -1.725390e+00         -100.00
10.260000      8.400000     0.000000   -0.258700     0.0624       3.024600             -1.725290e+00         -100.00
10.260000      8.450000     0.000000   -0.258000     0.0624       3.024700             -1.725190e+00         -100.00
10.260000      8.500000     0.000000   -0.257100     0.0624       3.024800             -1.725090e+00         -100.00
10.260000      8.550000     0.000000   -0.256200     0.0624       3.024900             -1.724990e+00         -100.00
10.260000      8.600000     0.000000   -0.255200     0.0624       3.025000             -1.724790e+00         -100.00
10.260000      8.650000     0.000000   -0.254100     0.0624       3.025100             -1.724690e+00         -100.00
10.260000      8.700000     0.000000   -0.253000     0.0624       3.025200             -1.724490e+00         -100.00
10.260000      8.750000     0.000000   -0.251800     0.0624       3.025300             -1.724290e+00         -100.00
10.260000      8.800000     0.000000   -0.250500     0.0624       3.025400             -1.724190e+00         -100.00
10.260000      8.850000     0.000000   -0.249100     0.0624       3.025600             -1.723890e+00         -100.00
10.260000      8.900000     0.000000   -0.247700     0.0624       3.025700             -1.723690e+00         -100.00
10.260000      8.950000     0.000000   -0.246100     0.0624       3.025900             -1.723390e+00         -100.00
10.260000      9.000000     0.000000   -0.244400     0.0624       3.026100             -1.723090e+00         -100.00
10.260000      9.050000     0.000000   -0.242700     0.0624       3.026400             -1.722790e+00         -100.00
10.260000      9.100000     0.000000   -0.240800     0.0624       3.026600             -1.722390e+00         -100.00
10.260000      9.150000     0.000000   -0.238800     0.0624       3.026900             -1.721890e+00         -100.00
10.260000      9.200000     0.000000   -0.236700     0.0624       3.027200             -1.721390e+00         -100.00
10.260000      9.250000     0.000000   -0.234400     0.0624       3.027600             -1.720790e+00         -100.00
10.260000      9.300000     0.000000   -0.232000     0.0624       3.028100             -1.720090e+00         -100.00
10.260000      9.350000     0.000000   -0.229500     0.0624       3.028600             -1.719190e+00         -100.00
10.260000      9.400000     0.000000   -0.226900     0.0624       3.029200             -1.718190e+00         -100.00
10.260000      9.450000     0.000000   -0.224100     0.0624       3.030000             -1.716990e+00         -100.00
10.260000      9.500000     0.000000   -0.221100     0.0624       3.030900             -1.715490e+00         -100.00
10.260000      9.550000     0.000000   -0.218000     0.0624       3.031900             -1.713790e+00         -100.00
10.260000      9.600000     0.000000   -0.214800     0.0624       3.033200             -1.711690e+00         -100.00
10.260000      9.650000     0.000000   -0.211400     0.0624       3.034700             -1.709090e+00         -100.00
10.280000      8.000000     0.000000   -0.267600     0.0634       3.057800             -1.686090e+00         -100.00
10.280000      8.050000     0.000000   -0.267100     0.0634       3.057800             -1.685990e+00         -100.00
10.280000      8.100000     0.000000   -0.266600     0.0634       3.057900             -1.685990e+00         -100.00
10.280000      8.150000     0.000000   -0.266100     0.0634       3.057900             -1.685890e+00         -100.00
10.280000      8.200000     0.000000   -0.265600     0.0634       3.058000             -1.685790e+00         -100.00
10.280000      8.250000     0.000000   -0.265000     0.0634       3.058000             -1.685690e+00         -100.00
10.280000      8.300000     0.000000   -0.264300     0.0634       3.058100             -1.685690e+00         -100.00
10.280000      8.350000     0.000000   -0.263600     0.0634       3.058200             -1.685590e+00         -100.00
10.280000      8.400000     0.000000   -0.262900     0.0634       3.058200             -1.685490e+00         -100.00
10.280000      8.450000     0.000000   -0.262100     0.0634       3.058300             -1.685390e+00         -100.00
10.280000      8.500000     0.000000   -0.261200     0.0634       3.058400             -1.685290e+00         -100.00
10.280000      8.550000     0.000000   -0.260300     0.0634       3.058400             -1.685190e+00         -100.00
10.280000      8.600000     0.000000   -0.259300     0.0634       3.058500             -1.684990e+00         -100.00
10.280000      8.650000     0.000000   -0.258200     0.0634       3.058600             -1.684890e+00         -100.00
10.280000      8.700000     0.000000   -0.257100     0.0634       3.058700             -1.684690e+00         -100.00
10.280000      8.750000     0.000000   -0.255900     0.0634       3.058900             -1.684490e+00         -100.00
10.280000      8.800000     0.000000   -0.254600     0.0634       3.059000             -1.684390e+00         -100.00
10.280000      8.850000     0.000000   -0.253200     0.0634       3.059100             -1.684090e+00         -100.00
10.280000      8.900000     0.000000   -0.251700     0.0634       3.059300             -1.683890e+00         -100.00
10.280000      8.950000     0.000000   -0.250100     0.0634       3.059500             -1.683590e+00         -100.00
10.280000      9.000000     0.000000   -0.248500     0.0634       3.059700             -1.683290e+00         -100.00
10.280000      9.050000     0.000000   -0.246700     0.0634       3.059900             -1.682990e+00         -100.00
10.280000      9.100000     0.000000   -0.244800     0.0634       3.060200             -1.682590e+00         -100.00
10.280000      9.150000     0.000000   -0.242800     0.0634       3.060500             -1.682190e+00         -100.00
10.280000      9.200000     0.000000   -0.240600     0.0634       3.060800             -1.681590e+00         -100.00
10.280000      9.250000     0.000000   -0.238400     0.0634       3.061200             -1.680990e+00         -100.00
10.280000      9.300000     0.000000   -0.236000     0.0634       3.061600             -1.680290e+00         -100.00
10.280000      9.350000     0.000000   -0.233400     0.0634       3.062100             -1.679490e+00         -100.00
10.280000      9.400000     0.000000   -0.230800     0.0634       3.062700             -1.678490e+00         -100.00
10.280000      9.450000     0.000000   -0.227900     0.0634       3.063500             -1.677290e+00         -100.00
10.280000      9.500000     0.000000   -0.225000     0.0634       3.064300             -1.675890e+00         -100.00
10.280000      9.550000     0.000000   -0.221800     0.0634       3.065300             -1.674190e+00         -100.00
10.280000      9.600000     0.000000   -0.218600     0.0634       3.066600             -1.672190e+00         -100.00
10.280000      9.650000     0.000000   -0.215100     0.0634       3.068100             -1.669590e+00         -100.00
10.300000      8.000000     0.000000   -0.271800     0.0643       3.091400             -1.646190e+00         -100.00
10.300000      8.050000     0.000000   -0.271300     0.0643       3.091400             -1.646190e+00         -100.00
10.300000      8.100000     0.000000   -0.270800     0.0643       3.091500             -1.646090e+00         -100.00
10.300000      8.150000     0.000000   -0.270300     0.0643       3.091500             -1.646090e+00         -100.00
10.300000      8.200000     0.000000   -0.269700     0.0643       3.091600             -1.645990e+00         -100.00
10.300000      8.250000     0.000000   -0.269100     0.0643       3.091600             -1.645890e+00         -100.00
10.300000      8.300000     0.000000   -0.268500     0.0643       3.091700             -1.645790e+00         -100.00
10.300000      8.350000     0.000000   -0.267800     0.0643       3.091700             -1.645790e+00         -100.00
10.300000      8.400000     0.000000   -0.267000     0.0643       3.091800             -1.645690e+00         -100.00
10.300000      8.450000     0.000000   -0.266200     0.0643       3.091900             -1.645590e+00         -100.00
10.300000      8.500000     0.000000   -0.265300     0.0643       3.091900             -1.645390e+00         -100.00
10.300000      8.550000     0.000000   -0.264400     0.0643       3.092000             -1.645290e+00         -100.00
10.300000      8.600000     0.000000   -0.263400     0.0643       3.092100             -1.645190e+00         -100.00
10.300000      8.650000     0.000000   -0.262400     0.0643       3.092200             -1.645090e+00         -100.00
10.300000      8.700000     0.000000   -0.261200     0.0643       3.092300             -1.644890e+00         -100.00
10.300000      8.750000     0.000000   -0.260000     0.0643       3.092400             -1.644690e+00         -100.00
10.300000      8.800000     0.000000   -0.258700     0.0643       3.092600             -1.644490e+00         -100.00
10.300000      8.850000     0.000000   -0.257300     0.0643       3.092700             -1.644290e+00         -100.00
10.300000      8.900000     0.000000   -0.255800     0.0643       3.092900             -1.644090e+00         -100.00
10.300000      8.950000     0.000000   -0.254200     0.0643       3.093000             -1.643790e+00         -100.00
10.300000      9.000000     0.000000   -0.252500     0.0643       3.093200             -1.643490e+00         -100.00
10.300000      9.050000     0.000000   -0.250700     0.0643       3.093500             -1.643190e+00         -100.00
10.300000      9.100000     0.000000   -0.248800     0.0643       3.093700             -1.642790e+00         -100.00
10.300000      9.150000     0.000000   -0.246800     0.0643       3.094000             -1.642390e+00         -100.00
10.300000      9.200000     0.000000   -0.244600     0.0643       3.094300             -1.641890e+00         -100.00
10.300000      9.250000     0.000000   -0.242400     0.0643       3.094700             -1.641290e+00         -100.00
10.300000      9.300000     0.000000   -0.239900     0.0643       3.095100             -1.640590e+00         -100.00
10.300000      9.350000     0.000000   -0.237400     0.0643       3.095600             -1.639790e+00         -100.00
10.300000      9.400000     0.000000   -0.234700     0.0643       3.096200             -1.638790e+00         -100.00
10.300000      9.450000     0.000000   -0.231900     0.0643       3.096900             -1.637690e+00         -100.00
10.300000      9.500000     0.000000   -0.228900     0.0643       3.097800             -1.636290e+00         -100.00
10.300000      9.550000     0.000000   -0.225700     0.0643       3.098800             -1.634590e+00         -100.00
10.300000      9.600000     0.000000   -0.222400     0.0643       3.100000             -1.632590e+00         -100.00
10.300000      9.650000     0.000000   -0.218900     0.0643       3.101500             -1.630090e+00         -100.00
10.320000      8.000000     0.000000   -0.276000     0.0653       3.125000             -1.606390e+00         -100.00
10.320000      8.050000     0.000000   -0.275600     0.0653       3.125000             -1.606290e+00         -100.00
10.320000      8.100000     0.000000   -0.275100     0.0653       3.125100             -1.606290e+00         -100.00
10.320000      8.150000     0.000000   -0.274600     0.0653       3.125100             -1.606190e+00         -100.00
10.320000      8.200000     0.000000   -0.274000     0.0653       3.125100             -1.606090e+00         -100.00
10.320000      8.250000     0.000000   -0.273400     0.0653       3.125200             -1.606090e+00         -100.00
10.320000      8.300000     0.000000   -0.272700     0.0653       3.125200             -1.605990e+00         -100.00
10.320000      8.350000     0.000000   -0.272000     0.0653       3.125300             -1.605890e+00         -100.00
10.320000      8.400000     0.000000   -0.271300     0.0653       3.125400             -1.605790e+00         -100.00
10.320000      8.450000     0.000000   -0.270400     0.0653       3.125400             -1.605690e+00         -100.00
10.320000      8.500000     0.000000   -0.269600     0.0653       3.125500             -1.605590e+00         -100.00
10.320000      8.550000     0.000000   -0.268600     0.0653       3.125600             -1.605490e+00         -100.00
10.320000      8.600000     0.000000   -0.267600     0.0653       3.125700             -1.605390e+00         -100.00
10.320000      8.650000     0.000000   -0.266600     0.0653       3.125800             -1.605190e+00         -100.00
10.320000      8.700000     0.000000   -0.265400     0.0653       3.125900             -1.605090e+00         -100.00
10.320000      8.750000     0.000000   -0.264200     0.0653       3.126000             -1.604890e+00         -100.00
10.320000      8.800000     0.000000   -0.262900     0.0653       3.126100             -1.604690e+00         -100.00
10.320000      8.850000     0.000000   -0.261500     0.0653       3.126300             -1.604490e+00         -100.00
10.320000      8.900000     0.000000   -0.260000     0.0653       3.126400             -1.604290e+00         -100.00
10.320000      8.950000     0.000000   -0.258400     0.0653       3.126600             -1.603990e+00         -100.00
10.320000      9.000000     0.000000   -0.256700     0.0653       3.126800             -1.603690e+00         -100.00
10.320000      9.050000     0.000000   -0.254900     0.0653       3.127000             -1.603390e+00         -100.00
10.320000      9.100000     0.000000   -0.252900     0.0653       3.127300             -1.602990e+00         -100.00
10.320000      9.150000     0.000000   -0.250900     0.0653       3.127500             -1.602590e+00         -100.00
10.320000      9.200000     0.000000   -0.248700     0.0653       3.127900             -1.602090e+00         -100.00
10.320000      9.250000     0.000000   -0.246400     0.0653       3.128200             -1.601490e+00         -100.00
10.320000      9.300000     0.000000   -0.244000     0.0653       3.128700             -1.600790e+00         -100.00
10.320000      9.350000     0.000000   -0.241400     0.0653       3.129200             -1.599990e+00         -100.00
10.320000      9.400000     0.000000   -0.238700     0.0653       3.129700             -1.599090e+00         -100.00
10.320000      9.450000     0.000000   -0.235800     0.0653       3.130400             -1.597890e+00         -100.00
10.320000      9.500000     0.000000   -0.232800     0.0653       3.131300             -1.596590e+00         -100.00
10.320000      9.550000     0.000000   -0.229600     0.0653       3.132200             -1.594990e+00         -100.00
10.320000      9.600000     0.000000   -0.226300     0.0653       3.133400             -1.592990e+00         -100.00
10.320000      9.650000     0.000000   -0.222800     0.0653       3.134800             -1.590590e+00         -100.00
10.340000      8.000000     0.000000   -0.280400     0.0663       3.158600             -1.566490e+00         -100.00
10.340000      8.050000     0.000000   -0.279900     0.0663       3.158600             -1.566390e+00         -100.00
10.340000      8.100000     0.000000   -0.279400     0.0663       3.158600             -1.566390e+00         -100.00
10.340000      8.150000     0.000000   -0.278900     0.0663       3.158700             -1.566290e+00         -100.00
10.340000      8.200000     0.000000   -0.278300     0.0663       3.158700             -1.566290e+00         -100.00
10.340000      8.250000     0.000000   -0.277700     0.0663       3.158800             -1.566190e+00         -100.00
10.340000      8.300000     0.000000   -0.277000     0.0663       3.158800             -1.566090e+00         -100.00
10.340000      8.350000     0.000000   -0.276300     0.0663       3.158900             -1.565990e+00         -100.00
10.340000      8.400000     0.000000   -0.275600     0.0663       3.159000             -1.565890e+00         -100.00
10.340000      8.450000     0.000000   -0.274700     0.0663       3.159000             -1.565790e+00         -100.00
10.340000      8.500000     0.000000   -0.273900     0.0663       3.159100             -1.565690e+00         -100.00
10.340000      8.550000     0.000000   -0.272900     0.0663       3.159200             -1.565590e+00         -100.00
10.340000      8.600000     0.000000   -0.271900     0.0663       3.159300             -1.565490e+00         -100.00
10.340000      8.650000     0.000000   -0.270800     0.0663       3.159400             -1.565290e+00         -100.00
10.340000      8.700000     0.000000   -0.269700     0.0663       3.159500             -1.565190e+00         -100.00
10.340000      8.750000     0.000000   -0.268400     0.0663       3.159600             -1.564990e+00         -100.00
10.340000      8.800000     0.000000   -0.267100     0.0663       3.159700             -1.564790e+00         -100.00
10.340000      8.850000     0.000000   -0.265700     0.0663       3.159900             -1.564590e+00         -100.00
10.340000      8.900000     0.000000   -0.264200     0.0663       3.160000             -1.564390e+00         -100.00
10.340000      8.950000     0.000000   -0.262600     0.0663       3.160200             -1.564190e+00         -100.00
10.340000      9.000000     0.000000   -0.260900     0.0663       3.160400             -1.563890e+00         -100.00
10.340000      9.050000     0.000000   -0.259100     0.0663       3.160600             -1.563490e+00         -100.00
10.340000      9.100000     0.000000   -0.257100     0.0663       3.160800             -1.563190e+00         -100.00
10.340000      9.150000     0.000000   -0.255100     0.0663       3.161100             -1.562690e+00         -100.00
10.340000      9.200000     0.000000   -0.252900     0.0663       3.161400             -1.562290e+00         -100.00
10.340000      9.250000     0.000000   -0.250600     0.0663       3.161800             -1.561690e+00         -100.00
10.340000      9.300000     0.000000   -0.248100     0.0663       3.162200             -1.560990e+00         -100.00
10.340000      9.350000     0.000000   -0.245500     0.0663       3.162700             -1.560190e+00         -100.00
10.340000      9.400000     0.000000   -0.242800     0.0663       3.163300             -1.559290e+00         -100.00
10.340000      9.450000     0.000000   -0.239900     0.0663       3.163900             -1.558190e+00         -100.00
10.340000      9.500000     0.000000   -0.236800     0.0663       3.164700             -1.556890e+00         -100.00
10.340000      9.550000     0.000000   -0.233600     0.0663       3.165700             -1.555290e+00         -100.00
10.340000      9.600000     0.000000   -0.230300     0.0663       3.166800             -1.553390e+00         -100.00
10.340000      9.650000     0.000000   -0.226700     0.0663       3.168200             -1.551090e+00         -100.00
10.360000      8.000000     0.000000   -0.284800     0.0674       3.192200             -1.526590e+00         -100.00
10.360000      8.050000     0.000000   -0.284300     0.0674       3.192200             -1.526590e+00         -100.00
10.360000      8.100000     0.000000   -0.283800     0.0674       3.192200             -1.526490e+00         -100.00
10.360000      8.150000     0.000000   -0.283300     0.0674       3.192300             -1.526390e+00         -100.00
10.360000      8.200000     0.000000   -0.282700     0.0674       3.192300             -1.526390e+00         -100.00
10.360000      8.250000     0.000000   -0.282100     0.0674       3.192400             -1.526290e+00         -100.00
10.360000      8.300000     0.000000   -0.281400     0.0674       3.192400             -1.526190e+00         -100.00
10.360000      8.350000     0.000000   -0.280700     0.0674       3.192500             -1.526090e+00         -100.00
10.360000      8.400000     0.000000   -0.279900     0.0674       3.192600             -1.526090e+00         -100.00
10.360000      8.450000     0.000000   -0.279100     0.0674       3.192600             -1.525990e+00         -100.00
10.360000      8.500000     0.000000   -0.278200     0.0674       3.192700             -1.525790e+00         -100.00
10.360000      8.550000     0.000000   -0.277300     0.0674       3.192800             -1.525690e+00         -100.00
10.360000      8.600000     0.000000   -0.276300     0.0674       3.192900             -1.525590e+00         -100.00
10.360000      8.650000     0.000000   -0.275200     0.0674       3.193000             -1.525490e+00         -100.00
10.360000      8.700000     0.000000   -0.274000     0.0674       3.193100             -1.525290e+00         -100.00
10.360000      8.750000     0.000000   -0.272800     0.0674       3.193200             -1.525190e+00         -100.00
10.360000      8.800000     0.000000   -0.271400     0.0674       3.193300             -1.524990e+00         -100.00
10.360000      8.850000     0.000000   -0.270000     0.0674       3.193400             -1.524790e+00         -100.00
10.360000      8.900000     0.000000   -0.268500     0.0674       3.193600             -1.524490e+00         -100.00
10.360000      8.950000     0.000000   -0.266900     0.0674       3.193800             -1.524290e+00         -100.00
10.360000      9.000000     0.000000   -0.265100     0.0674       3.194000             -1.523990e+00         -100.00
10.360000      9.050000     0.000000   -0.263300     0.0674       3.194200             -1.523690e+00         -100.00
10.360000      9.100000     0.000000   -0.261400     0.0674       3.194400             -1.523290e+00         -100.00
10.360000      9.150000     0.000000   -0.259300     0.0674       3.194700             -1.522890e+00         -100.00
10.360000      9.200000     0.000000   -0.257100     0.0674       3.195000             -1.522390e+00         -100.00
10.360000      9.250000     0.000000   -0.254800     0.0674       3.195300             -1.521890e+00         -100.00
10.360000      9.300000     0.000000   -0.252300     0.0674       3.195700             -1.521190e+00         -100.00
10.360000      9.350000     0.000000   -0.249700     0.0674       3.196200             -1.520390e+00         -100.00
10.360000      9.400000     0.000000   -0.246900     0.0674       3.196800             -1.519490e+00         -100.00
10.360000      9.450000     0.000000   -0.244000     0.0674       3.197400             -1.518490e+00         -100.00
10.360000      9.500000     0.000000   -0.240900     0.0674       3.198200             -1.517190e+00         -100.00
10.360000      9.550000     0.000000   -0.237700     0.0674       3.199200             -1.515590e+00         -100.00
10.360000      9.600000     0.000000   -0.234300     0.0674       3.200300             -1.513790e+00         -100.00
10.360000      9.650000     0.000000   -0.230700     0.0674       3.201600             -1.511490e+00         -100.00
10.380000      8.000000     0.000000   -0.289200     0.0684       3.225800             -1.486690e+00         -100.00
10.380000      8.050000     0.000000   -0.288800     0.0684       3.225800             -1.486590e+00         -100.00
10.380000      8.100000     0.000000   -0.288300     0.0684       3.225800             -1.486590e+00         -100.00
10.380000      8.150000     0.000000   -0.287700     0.0684       3.225900             -1.486490e+00         -100.00
10.380000      8.200000     0.000000   -0.287200     0.0684       3.225900             -1.486490e+00         -100.00
10.380000      8.250000     0.000000   -0.286500     0.0684       3.226000             -1.486390e+00         -100.00
10.380000      8.300000     0.000000   -0.285900     0.0684       3.226000             -1.486290e+00         -100.00
10.380000      8.350000     0.000000   -0.285100     0.0684       3.226100             -1.486190e+00         -100.00
10.380000      8.400000     0.000000   -0.284400     0.0684       3.226200             -1.486090e+00         -100.00
10.380000      8.450000     0.000000   -0.283500     0.0684       3.226200             -1.485990e+00         -100.00
10.380000      8.500000     0.000000   -0.282700     0.0684       3.226300             -1.485890e+00         -100.00
10.380000      8.550000     0.000000   -0.281700     0.0684       3.226400             -1.485790e+00         -100.00
10.380000      8.600000     0.000000   -0.280700     0.0684       3.226500             -1.485690e+00         -100.00
10.380000      8.650000     0.000000   -0.279600     0.0684       3.226600             -1.485590e+00         -100.00
10.380000      8.700000     0.000000   -0.278400     0.0684       3.226700             -1.485390e+00         -100.00
10.380000      8.750000     0.000000   -0.277200     0.0684       3.226800             -1.485290e+00         -100.00
10.380000      8.800000     0.000000   -0.275800     0.0684       3.226900             -1.485090e+00         -100.00
10.380000      8.850000     0.000000   -0.274400     0.0684       3.227000             -1.484890e+00         -100.00
10.380000      8.900000     0.000000   -0.272900     0.0684       3.227200             -1.484590e+00         -100.00
10.380000      8.950000     0.000000   -0.271200     0.0684       3.227400             -1.484390e+00         -100.00
10.380000      9.000000     0.000000   -0.269500     0.0684       3.227500             -1.484090e+00         -100.00
10.380000      9.050000     0.000000   -0.267600     0.0684       3.227700             -1.483790e+00         -100.00
10.380000      9.100000     0.000000   -0.265700     0.0684       3.228000             -1.483390e+00         -100.00
10.380000      9.150000     0.000000   -0.263600     0.0684       3.228200             -1.482990e+00         -100.00
10.380000      9.200000     0.000000   -0.261400     0.0684       3.228600             -1.482590e+00         -100.00
10.380000      9.250000     0.000000   -0.259000     0.0684       3.228900             -1.481990e+00         -100.00
10.380000      9.300000     0.000000   -0.256500     0.0684       3.229300             -1.481390e+00         -100.00
10.380000      9.350000     0.000000   -0.253900     0.0684       3.229800             -1.480590e+00         -100.00
10.380000      9.400000     0.000000   -0.251100     0.0684       3.230300             -1.479790e+00         -100.00
10.380000      9.450000     0.000000   -0.248200     0.0684       3.231000             -1.478690e+00         -100.00
10.380000      9.500000     0.000000   -0.245100     0.0684       3.231700             -1.477390e+00         -100.00
10.380000      9.550000     0.000000   -0.241800     0.0684       3.232600             -1.475890e+00         -100.00
10.380000      9.600000     0.000000   -0.238400     0.0684       3.233700             -1.474090e+00         -100.00
10.380000      9.650000     0.000000   -0.234800     0.0684       3.235100             -1.471890e+00         -100.00
10.400000      8.000000     0.000000   -0.293800     0.0695       3.259400             -1.446690e+00         -100.00
10.400000      8.050000     0.000000   -0.293300     0.0695       3.259400             -1.446690e+00         -100.00
10.400000      8.100000     0.000000   -0.292800     0.0695       3.259500             -1.446690e+00         -100.00
10.400000      8.150000     0.000000   -0.292300     0.0695       3.259500             -1.446590e+00         -100.00
10.400000      8.200000     0.000000   -0.291700     0.0695       3.259500             -1.446490e+00         -100.00
10.400000      8.250000     0.000000   -0.291000     0.0695       3.259600             -1.446490e+00         -100.00
10.400000      8.300000     0.000000   -0.290400     0.0695       3.259600             -1.446390e+00         -100.00
10.400000      8.350000     0.000000   -0.289700     0.0695       3.259700             -1.446290e+00         -100.00
10.400000      8.400000     0.000000   -0.288900     0.0695       3.259800             -1.446190e+00         -100.00
10.400000      8.450000     0.000000   -0.288000     0.0695       3.259800             -1.446090e+00         -100.00
10.400000      8.500000     0.000000   -0.287200     0.0695       3.259900             -1.445990e+00         -100.00
10.400000      8.550000     0.000000   -0.286200     0.0695       3.260000             -1.445890e+00         -100.00
10.400000      8.600000     0.000000   -0.285200     0.0695       3.260100             -1.445790e+00         -100.00
10.400000      8.650000     0.000000   -0.284100     0.0695       3.260200             -1.445590e+00         -100.00
10.400000      8.700000     0.000000   -0.282900     0.0695       3.260300             -1.445490e+00         -100.00
10.400000      8.750000     0.000000   -0.281600     0.0695       3.260400             -1.445290e+00         -100.00
10.400000      8.800000     0.000000   -0.280300     0.0695       3.260500             -1.445190e+00         -100.00
10.400000      8.850000     0.000000   -0.278800     0.0695       3.260600             -1.444990e+00         -100.00
10.400000      8.900000     0.000000   -0.277300     0.0695       3.260800             -1.444690e+00         -100.00
10.400000      8.950000     0.000000   -0.275700     0.0695       3.260900             -1.444490e+00         -100.00
10.400000      9.000000     0.000000   -0.273900     0.0695       3.261100             -1.444190e+00         -100.00
10.400000      9.050000     0.000000   -0.272000     0.0695       3.261300             -1.443890e+00         -100.00
10.400000      9.100000     0.000000   -0.270100     0.0695       3.261600             -1.443590e+00         -100.00
10.400000      9.150000     0.000000   -0.268000     0.0695       3.261800             -1.443190e+00         -100.00
10.400000      9.200000     0.000000   -0.265700     0.0695       3.262100             -1.442690e+00         -100.00
10.400000      9.250000     0.000000   -0.263300     0.0695       3.262500             -1.442190e+00         -100.00
10.400000      9.300000     0.000000   -0.260800     0.0695       3.262900             -1.441490e+00         -100.00
10.400000      9.350000     0.000000   -0.258200     0.0695       3.263300             -1.440790e+00         -100.00
10.400000      9.400000     0.000000   -0.255400     0.0695       3.263900             -1.439890e+00         -100.00
10.400000      9.450000     0.000000   -0.252400     0.0695       3.264500             -1.438890e+00         -100.00
10.400000      9.500000     0.000000   -0.249300     0.0695       3.265200             -1.437690e+00         -100.00
10.400000      9.550000     0.000000   -0.246000     0.0695       3.266100             -1.436190e+00         -100.00
10.400000      9.600000     0.000000   -0.242500     0.0695       3.267200             -1.434390e+00         -100.00
10.400000      9.650000     0.000000   -0.238900     0.0695       3.268500             -1.432290e+00         -100.00
10.420000      8.000000     0.000000   -0.298400     0.0705       3.293000             -1.406790e+00         -100.00
10.420000      8.050000     0.000000   -0.297900     0.0705       3.293000             -1.406790e+00         -100.00
10.420000      8.100000     0.000000   -0.297400     0.0705       3.293100             -1.406690e+00         -100.00
10.420000      8.150000     0.000000   -0.296900     0.0705       3.293100             -1.406690e+00         -100.00
10.420000      8.200000     0.000000   -0.296300     0.0705       3.293200             -1.406590e+00         -100.00
10.420000      8.250000     0.000000   -0.295600     0.0705       3.293200             -1.406490e+00         -100.00
10.420000      8.300000     0.000000   -0.295000     0.0705       3.293300             -1.406390e+00         -100.00
10.420000      8.350000     0.000000   -0.294200     0.0705       3.293300             -1.406390e+00         -100.00
10.420000      8.400000     0.000000   -0.293500     0.0705       3.293400             -1.406290e+00         -100.00
10.420000      8.450000     0.000000   -0.292600     0.0705       3.293500             -1.406190e+00         -100.00
10.420000      8.500000     0.000000   -0.291700     0.0705       3.293500             -1.406090e+00         -100.00
10.420000      8.550000     0.000000   -0.290800     0.0705       3.293600             -1.405990e+00         -100.00
10.420000      8.600000     0.000000   -0.289700     0.0705       3.293700             -1.405790e+00         -100.00
10.420000      8.650000     0.000000   -0.288600     0.0705       3.293800             -1.405690e+00         -100.00
10.420000      8.700000     0.000000   -0.287400     0.0705       3.293900             -1.405590e+00         -100.00
10.420000      8.750000     0.000000   -0.286200     0.0705       3.294000             -1.405390e+00         -100.00
10.420000      8.800000     0.000000   -0.284800     0.0705       3.294100             -1.405190e+00         -100.00
10.420000      8.850000     0.000000   -0.283300     0.0705       3.294200             -1.404990e+00         -100.00
10.420000      8.900000     0.000000   -0.281800     0.0705       3.294400             -1.404790e+00         -100.00
10.420000      8.950000     0.000000   -0.280100     0.0705       3.294600             -1.404590e+00         -100.00
10.420000      9.000000     0.000000   -0.278400     0.0705       3.294700             -1.404290e+00         -100.00
10.420000      9.050000     0.000000   -0.276500     0.0705       3.294900             -1.403990e+00         -100.00
10.420000      9.100000     0.000000   -0.274500     0.0705       3.295200             -1.403690e+00         -100.00
10.420000      9.150000     0.000000   -0.272400     0.0705       3.295400             -1.403290e+00         -100.00
10.420000      9.200000     0.000000   -0.270100     0.0705       3.295700             -1.402790e+00         -100.00
10.420000      9.250000     0.000000   -0.267800     0.0705       3.296100             -1.402290e+00         -100.00
10.420000      9.300000     0.000000   -0.265200     0.0705       3.296400             -1.401690e+00         -100.00
10.420000      9.350000     0.000000   -0.262500     0.0705       3.296900             -1.400890e+00         -100.00
10.420000      9.400000     0.000000   -0.259700     0.0705       3.297400             -1.400090e+00         -100.00
10.420000      9.450000     0.000000   -0.256700     0.0705       3.298000             -1.399090e+00         -100.00
10.420000      9.500000     0.000000   -0.253600     0.0705       3.298800             -1.397890e+00         -100.00
10.420000      9.550000     0.000000   -0.250300     0.0705       3.299600             -1.396490e+00         -100.00
10.420000      9.600000     0.000000   -0.246800     0.0705       3.300700             -1.394690e+00         -100.00
10.420000      9.650000     0.000000   -0.243100     0.0705       3.302000             -1.392590e+00         -100.00
10.440000      8.000000     0.000000   -0.303000     0.0716       3.326600             -1.366890e+00         -100.00
10.440000      8.050000     0.000000   -0.302600     0.0716       3.326700             -1.366790e+00         -100.00
10.440000      8.100000     0.000000   -0.302100     0.0716       3.326700             -1.366690e+00         -100.00
10.440000      8.150000     0.000000   -0.301500     0.0716       3.326800             -1.366690e+00         -100.00
10.440000      8.200000     0.000000   -0.300900     0.0716       3.326800             -1.366590e+00         -100.00
10.440000      8.250000     0.000000   -0.300300     0.0716       3.326900             -1.366590e+00         -100.00
10.440000      8.300000     0.000000   -0.299600     0.0716       3.326900             -1.366490e+00         -100.00
10.440000      8.350000     0.000000   -0.298900     0.0716       3.327000             -1.366390e+00         -100.00
10.440000      8.400000     0.000000   -0.298100     0.0716       3.327000             -1.366290e+00         -100.00
10.440000      8.450000     0.000000   -0.297300     0.0716       3.327100             -1.366190e+00         -100.00
10.440000      8.500000     0.000000   -0.296400     0.0716       3.327200             -1.366090e+00         -100.00
10.440000      8.550000     0.000000   -0.295400     0.0716       3.327200             -1.365990e+00         -100.00
10.440000      8.600000     0.000000   -0.294300     0.0716       3.327300             -1.365890e+00         -100.00
10.440000      8.650000     0.000000   -0.293200     0.0716       3.327400             -1.365790e+00         -100.00
10.440000      8.700000     0.000000   -0.292000     0.0716       3.327500             -1.365590e+00         -100.00
10.440000      8.750000     0.000000   -0.290800     0.0716       3.327600             -1.365490e+00         -100.00
10.440000      8.800000     0.000000   -0.289400     0.0716       3.327700             -1.365290e+00         -100.00
10.440000      8.850000     0.000000   -0.287900     0.0716       3.327900             -1.365090e+00         -100.00
10.440000      8.900000     0.000000   -0.286400     0.0716       3.328000             -1.364890e+00         -100.00
10.440000      8.950000     0.000000   -0.284700     0.0716       3.328200             -1.364590e+00         -100.00
10.440000      9.000000     0.000000   -0.282900     0.0716       3.328400             -1.364390e+00         -100.00
10.440000      9.050000     0.000000   -0.281000     0.0716       3.328600             -1.364090e+00         -100.00
10.440000      9.100000     0.000000   -0.279000     0.0716       3.328800             -1.363690e+00         -100.00
10.440000      9.150000     0.000000   -0.276900     0.0716       3.329000             -1.363290e+00         -100.00
10.440000      9.200000     0.000000   -0.274600     0.0716       3.329300             -1.362890e+00         -100.00
10.440000      9.250000     0.000000   -0.272200     0.0716       3.329600             -1.362390e+00         -100.00
10.440000      9.300000     0.000000   -0.269700     0.0716       3.330000             -1.361790e+00         -100.00
10.440000      9.350000     0.000000   -0.267000     0.0716       3.330500             -1.361090e+00         -100.00
10.440000      9.400000     0.000000   -0.264100     0.0716       3.331000             -1.360190e+00         -100.00
10.440000      9.450000     0.000000   -0.261100     0.0716       3.331600             -1.359290e+00         -100.00
10.440000      9.500000     0.000000   -0.257900     0.0716       3.332300             -1.358090e+00         -100.00
10.440000      9.550000     0.000000   -0.254600     0.0716       3.333200             -1.356690e+00         -100.00
10.440000      9.600000     0.000000   -0.251100     0.0716       3.334200             -1.354990e+00         -100.00
10.440000      9.650000     0.000000   -0.247400     0.0716       3.335400             -1.352890e+00         -100.00
10.460000      8.000000     0.000000   -0.307800     0.0727       3.360300             -1.326890e+00         -100.00
10.460000      8.050000     0.000000   -0.307300     0.0727       3.360300             -1.326790e+00         -100.00
10.460000      8.100000     0.000000   -0.306800     0.0727       3.360400             -1.326790e+00         -100.00
10.460000      8.150000     0.000000   -0.306300     0.0727       3.360400             -1.326690e+00         -100.00
10.460000      8.200000     0.000000   -0.305700     0.0727       3.360400             -1.326590e+00         -100.00
10.460000      8.250000     0.000000   -0.305000     0.0727       3.360500             -1.326590e+00         -100.00
10.460000      8.300000     0.000000   -0.304300     0.0727       3.360500             -1.326490e+00         -100.00
10.460000      8.350000     0.000000   -0.303600     0.0727       3.360600             -1.326390e+00         -100.00
10.460000      8.400000     0.000000   -0.302800     0.0727       3.360700             -1.326290e+00         -100.00
10.460000      8.450000     0.000000   -0.302000     0.0727       3.360700             -1.326290e+00         -100.00
10.460000      8.500000     0.000000   -0.301100     0.0727       3.360800             -1.326190e+00         -100.00
10.460000      8.550000     0.000000   -0.300100     0.0727       3.360900             -1.325990e+00         -100.00
10.460000      8.600000     0.000000   -0.299000     0.0727       3.361000             -1.325890e+00         -100.00
10.460000      8.650000     0.000000   -0.297900     0.0727       3.361000             -1.325790e+00         -100.00
10.460000      8.700000     0.000000   -0.296700     0.0727       3.361100             -1.325590e+00         -100.00
10.460000      8.750000     0.000000   -0.295400     0.0727       3.361300             -1.325490e+00         -100.00
10.460000      8.800000     0.000000   -0.294100     0.0727       3.361400             -1.325290e+00         -100.00
10.460000      8.850000     0.000000   -0.292600     0.0727       3.361500             -1.325090e+00         -100.00
10.460000      8.900000     0.000000   -0.291000     0.0727       3.361600             -1.324890e+00         -100.00
10.460000      8.950000     0.000000   -0.289300     0.0727       3.361800             -1.324690e+00         -100.00
10.460000      9.000000     0.000000   -0.287600     0.0727       3.362000             -1.324390e+00         -100.00
10.460000      9.050000     0.000000   -0.285700     0.0727       3.362200             -1.324090e+00         -100.00
10.460000      9.100000     0.000000   -0.283600     0.0727       3.362400             -1.323790e+00         -100.00
10.460000      9.150000     0.000000   -0.281500     0.0727       3.362600             -1.323390e+00         -100.00
10.460000      9.200000     0.000000   -0.279200     0.0727       3.362900             -1.322990e+00         -100.00
10.460000      9.250000     0.000000   -0.276800     0.0727       3.363300             -1.322490e+00         -100.00
10.460000      9.300000     0.000000   -0.274200     0.0727       3.363600             -1.321890e+00         -100.00
10.460000      9.350000     0.000000   -0.271500     0.0727       3.364100             -1.321190e+00         -100.00
10.460000      9.400000     0.000000   -0.268600     0.0727       3.364600             -1.320390e+00         -100.00
10.460000      9.450000     0.000000   -0.265600     0.0727       3.365200             -1.319390e+00         -100.00
10.460000      9.500000     0.000000   -0.262400     0.0727       3.365900             -1.318290e+00         -100.00
10.460000      9.550000     0.000000   -0.259000     0.0727       3.366700             -1.316890e+00         -100.00
10.460000      9.600000     0.000000   -0.255400     0.0727       3.367700             -1.315190e+00         -100.00
10.460000      9.650000     0.000000   -0.251700     0.0727       3.368900             -1.313190e+00         -100.00
10.480000      8.000000     0.000000   -0.312600     0.0739       3.393900             -1.286890e+00         -100.00
10.480000      8.050000     0.000000   -0.312100     0.0739       3.394000             -1.286790e+00         -100.00
10.480000      8.100000     0.000000   -0.311600     0.0739       3.394000             -1.286790e+00         -100.00
10.480000      8.150000     0.000000   -0.311100     0.0739       3.394100             -1.286690e+00         -100.00
10.480000      8.200000     0.000000   -0.310500     0.0739       3.394100             -1.286690e+00         -100.00
10.480000      8.250000     0.000000   -0.309800     0.0739       3.394100             -1.286590e+00         -100.00
10.480000      8.300000     0.000000   -0.309200     0.0739       3.394200             -1.286490e+00         -100.00
10.480000      8.350000     0.000000   -0.308400     0.0739       3.394300             -1.286390e+00         -100.00
10.480000      8.400000     0.000000   -0.307600     0.0739       3.394300             -1.286390e+00         -100.00
10.480000      8.450000     0.000000   -0.306800     0.0739       3.394400             -1.286290e+00         -100.00
10.480000      8.500000     0.000000   -0.305800     0.0739       3.394400             -1.286190e+00         -100.00
10.480000      8.550000     0.000000   -0.304900     0.0739       3.394500             -1.286090e+00         -100.00
10.480000      8.600000     0.000000   -0.303800     0.0739       3.394600             -1.285890e+00         -100.00
10.480000      8.650000     0.000000   -0.302700     0.0739       3.394700             -1.285790e+00         -100.00
10.480000      8.700000     0.000000   -0.301500     0.0739       3.394800             -1.285690e+00         -100.00
10.480000      8.750000     0.000000   -0.300200     0.0739       3.394900             -1.285490e+00         -100.00
10.480000      8.800000     0.000000   -0.298800     0.0739       3.395000             -1.285290e+00         -100.00
10.480000      8.850000     0.000000   -0.297300     0.0739       3.395100             -1.285190e+00         -100.00
10.480000      8.900000     0.000000   -0.295700     0.0739       3.395300             -1.284890e+00         -100.00
10.480000      8.950000     0.000000   -0.294100     0.0739       3.395400             -1.284690e+00         -100.00
10.480000      9.000000     0.000000   -0.292300     0.0739       3.395600             -1.284390e+00         -100.00
10.480000      9.050000     0.000000   -0.290300     0.0739       3.395800             -1.284190e+00         -100.00
10.480000      9.100000     0.000000   -0.288300     0.0739       3.396000             -1.283790e+00         -100.00
10.480000      9.150000     0.000000   -0.286100     0.0739       3.396300             -1.283490e+00         -100.00
10.480000      9.200000     0.000000   -0.283800     0.0739       3.396500             -1.282990e+00         -100.00
10.480000      9.250000     0.000000   -0.281400     0.0739       3.396900             -1.282490e+00         -100.00
10.480000      9.300000     0.000000   -0.278800     0.0739       3.397200             -1.281890e+00         -100.00
10.480000      9.350000     0.000000   -0.276100     0.0739       3.397700             -1.281290e+00         -100.00
10.480000      9.400000     0.000000   -0.273200     0.0739       3.398200             -1.280490e+00         -100.00
10.480000      9.450000     0.000000   -0.270100     0.0739       3.398700             -1.279490e+00         -100.00
10.480000      9.500000     0.000000   -0.266900     0.0739       3.399400             -1.278390e+00         -100.00
10.480000      9.550000     0.000000   -0.263500     0.0739       3.400200             -1.277090e+00         -100.00
10.480000      9.600000     0.000000   -0.259900     0.0739       3.401200             -1.275490e+00         -100.00
10.480000      9.650000     0.000000   -0.256100     0.0739       3.402400             -1.273490e+00         -100.00
10.500000      8.000000     0.000000   -0.317500     0.0750       3.427600             -1.246890e+00         -100.00
10.500000      8.050000     0.000000   -0.317000     0.0750       3.427600             -1.246790e+00         -100.00
10.500000      8.100000     0.000000   -0.316500     0.0750       3.427700             -1.246790e+00         -100.00
10.500000      8.150000     0.000000   -0.316000     0.0750       3.427700             -1.246690e+00         -100.00
10.500000      8.200000     0.000000   -0.315400     0.0750       3.427800             -1.246590e+00         -100.00
10.500000      8.250000     0.000000   -0.314700     0.0750       3.427800             -1.246590e+00         -100.00
10.500000      8.300000     0.000000   -0.314000     0.0750       3.427900             -1.246490e+00         -100.00
10.500000      8.350000     0.000000   -0.313300     0.0750       3.427900             -1.246390e+00         -100.00
10.500000      8.400000     0.000000   -0.312500     0.0750       3.428000             -1.246290e+00         -100.00
10.500000      8.450000     0.000000   -0.311600     0.0750       3.428000             -1.246290e+00         -100.00
10.500000      8.500000     0.000000   -0.310700     0.0750       3.428100             -1.246190e+00         -100.00
10.500000      8.550000     0.000000   -0.309700     0.0750       3.428200             -1.245990e+00         -100.00
10.500000      8.600000     0.000000   -0.308700     0.0750       3.428300             -1.245890e+00         -100.00
10.500000      8.650000     0.000000   -0.307500     0.0750       3.428300             -1.245790e+00         -100.00
10.500000      8.700000     0.000000   -0.306300     0.0750       3.428400             -1.245690e+00         -100.00
10.500000      8.750000     0.000000   -0.305000     0.0750       3.428600             -1.245490e+00         -100.00
10.500000      8.800000     0.000000   -0.303600     0.0750       3.428700             -1.245290e+00         -100.00
10.500000      8.850000     0.000000   -0.302100     0.0750       3.428800             -1.245190e+00         -100.00
10.500000      8.900000     0.000000   -0.300500     0.0750       3.428900             -1.244890e+00         -100.00
10.500000      8.950000     0.000000   -0.298800     0.0750       3.429100             -1.244690e+00         -100.00
10.500000      9.000000     0.000000   -0.297000     0.0750       3.429300             -1.244490e+00         -100.00
10.500000      9.050000     0.000000   -0.295100     0.0750       3.429500             -1.244190e+00         -100.00
10.500000      9.100000     0.000000   -0.293000     0.0750       3.429700             -1.243890e+00         -100.00
10.500000      9.150000     0.000000   -0.290900     0.0750       3.429900             -1.243490e+00         -100.00
10.500000      9.200000     0.000000   -0.288500     0.0750       3.430200             -1.243090e+00         -100.00
10.500000      9.250000     0.000000   -0.286100     0.0750       3.430500             -1.242590e+00         -100.00
10.500000      9.300000     0.000000   -0.283500     0.0750       3.430900             -1.241990e+00         -100.00
10.500000      9.350000     0.000000   -0.280700     0.0750       3.431300             -1.241290e+00         -100.00
10.500000      9.400000     0.000000   -0.277800     0.0750       3.431800             -1.240590e+00         -100.00
10.500000      9.450000     0.000000   -0.274700     0.0750       3.432300             -1.239590e+00         -100.00
10.500000      9.500000     0.000000   -0.271400     0.0750       3.433000             -1.238590e+00         -100.00
10.500000      9.550000     0.000000   -0.268000     0.0750       3.433800             -1.237190e+00         -100.00
10.500000      9.600000     0.000000   -0.264400     0.0750       3.434800             -1.235690e+00         -100.00
10.500000      9.650000     0.000000   -0.260600     0.0750       3.435900             -1.233790e+00         -100.00
10.520000      8.000000     0.000000   -0.322500     0.0762       3.461300             -1.206790e+00         -100.00
10.520000      8.050000     0.000000   -0.322000     0.0762       3.461300             -1.206790e+00         -100.00
10.520000      8.100000     0.000000   -0.321500     0.0762       3.461400             -1.206690e+00         -100.00
10.520000      8.150000     0.000000   -0.320900     0.0762       3.461400             -1.206690e+00         -100.00
10.520000      8.200000     0.000000   -0.320300     0.0762       3.461400             -1.206590e+00         -100.00
10.520000      8.250000     0.000000   -0.319700     0.0762       3.461500             -1.206490e+00         -100.00
10.520000      8.300000     0.000000   -0.319000     0.0762       3.461500             -1.206490e+00         -100.00
10.520000      8.350000     0.000000   -0.318200     0.0762       3.461600             -1.206390e+00         -100.00
10.520000      8.400000     0.000000   -0.317400     0.0762       3.461600             -1.206290e+00         -100.00
10.520000      8.450000     0.000000   -0.316600     0.0762       3.461700             -1.206190e+00         -100.00
10.520000      8.500000     0.000000   -0.315600     0.0762       3.461800             -1.206090e+00         -100.00
10.520000      8.550000     0.000000   -0.314600     0.0762       3.461800             -1.205990e+00         -100.00
10.520000      8.600000     0.000000   -0.313600     0.0762       3.461900             -1.205890e+00         -100.00
10.520000      8.650000     0.000000   -0.312400     0.0762       3.462000             -1.205790e+00         -100.00
10.520000      8.700000     0.000000   -0.311200     0.0762       3.462100             -1.205590e+00         -100.00
10.520000      8.750000     0.000000   -0.309900     0.0762       3.462200             -1.205490e+00         -100.00
10.520000      8.800000     0.000000   -0.308500     0.0762       3.462300             -1.205290e+00         -100.00
10.520000      8.850000     0.000000   -0.307000     0.0762       3.462500             -1.205090e+00         -100.00
10.520000      8.900000     0.000000   -0.305400     0.0762       3.462600             -1.204890e+00         -100.00
10.520000      8.950000     0.000000   -0.303700     0.0762       3.462700             -1.204690e+00         -100.00
10.520000      9.000000     0.000000   -0.301900     0.0762       3.462900             -1.204490e+00         -100.00
10.520000      9.050000     0.000000   -0.299900     0.0762       3.463100             -1.204190e+00         -100.00
10.520000      9.100000     0.000000   -0.297900     0.0762       3.463300             -1.203890e+00         -100.00
10.520000      9.150000     0.000000   -0.295700     0.0762       3.463600             -1.203490e+00         -100.00
10.520000      9.200000     0.000000   -0.293300     0.0762       3.463800             -1.203090e+00         -100.00
10.520000      9.250000     0.000000   -0.290800     0.0762       3.464100             -1.202590e+00         -100.00
10.520000      9.300000     0.000000   -0.288200     0.0762       3.464500             -1.201990e+00         -100.00
10.520000      9.350000     0.000000   -0.285400     0.0762       3.464900             -1.201390e+00         -100.00
10.520000      9.400000     0.000000   -0.282500     0.0762       3.465400             -1.200590e+00         -100.00
10.520000      9.450000     0.000000   -0.279400     0.0762       3.465900             -1.199690e+00         -100.00
10.520000      9.500000     0.000000   -0.276100     0.0762       3.466600             -1.198690e+00         -100.00
10.520000      9.550000     0.000000   -0.272600     0.0762       3.467400             -1.197390e+00         -100.00
10.520000      9.600000     0.000000   -0.269000     0.0762       3.468300             -1.195790e+00         -100.00
10.520000      9.650000     0.000000   -0.265200     0.0762       3.469400             -1.193990e+00         -100.00
10.540000      8.000000     0.000000   -0.327500     0.0773       3.495000             -1.166790e+00         -100.00
10.540000      8.050000     0.000000   -0.327100     0.0773       3.495000             -1.166690e+00         -100.00
10.540000      8.100000     0.000000   -0.326500     0.0773       3.495000             -1.166690e+00         -100.00
10.540000      8.150000     0.000000   -0.326000     0.0773       3.495100             -1.166590e+00         -100.00
10.540000      8.200000     0.000000   -0.325400     0.0773       3.495100             -1.166590e+00         -100.00
10.540000      8.250000     0.000000   -0.324700     0.0773       3.495200             -1.166490e+00         -100.00
10.540000      8.300000     0.000000   -0.324000     0.0773       3.495200             -1.166390e+00         -100.00
10.540000      8.350000     0.000000   -0.323300     0.0773       3.495300             -1.166390e+00         -100.00
10.540000      8.400000     0.000000   -0.322500     0.0773       3.495300             -1.166290e+00         -100.00
10.540000      8.450000     0.000000   -0.321600     0.0773       3.495400             -1.166190e+00         -100.00
10.540000      8.500000     0.000000   -0.320700     0.0773       3.495500             -1.166090e+00         -100.00
10.540000      8.550000     0.000000   -0.319700     0.0773       3.495500             -1.165990e+00         -100.00
10.540000      8.600000     0.000000   -0.318600     0.0773       3.495600             -1.165890e+00         -100.00
10.540000      8.650000     0.000000   -0.317400     0.0773       3.495700             -1.165690e+00         -100.00
10.540000      8.700000     0.000000   -0.316200     0.0773       3.495800             -1.165590e+00         -100.00
10.540000      8.750000     0.000000   -0.314900     0.0773       3.495900             -1.165490e+00         -100.00
10.540000      8.800000     0.000000   -0.313500     0.0773       3.496000             -1.165290e+00         -100.00
10.540000      8.850000     0.000000   -0.312000     0.0773       3.496100             -1.165090e+00         -100.00
10.540000      8.900000     0.000000   -0.310300     0.0773       3.496300             -1.164890e+00         -100.00
10.540000      8.950000     0.000000   -0.308600     0.0773       3.496400             -1.164690e+00         -100.00
10.540000      9.000000     0.000000   -0.306800     0.0773       3.496600             -1.164390e+00         -100.00
10.540000      9.050000     0.000000   -0.304800     0.0773       3.496800             -1.164190e+00         -100.00
10.540000      9.100000     0.000000   -0.302800     0.0773       3.497000             -1.163890e+00         -100.00
10.540000      9.150000     0.000000   -0.300500     0.0773       3.497200             -1.163490e+00         -100.00
10.540000      9.200000     0.000000   -0.298200     0.0773       3.497500             -1.163090e+00         -100.00
10.540000      9.250000     0.000000   -0.295700     0.0773       3.497800             -1.162590e+00         -100.00
10.540000      9.300000     0.000000   -0.293000     0.0773       3.498100             -1.162090e+00         -100.00
10.540000      9.350000     0.000000   -0.290200     0.0773       3.498500             -1.161390e+00         -100.00
10.540000      9.400000     0.000000   -0.287300     0.0773       3.499000             -1.160690e+00         -100.00
10.540000      9.450000     0.000000   -0.284100     0.0773       3.499500             -1.159790e+00         -100.00
10.540000      9.500000     0.000000   -0.280800     0.0773       3.500200             -1.158790e+00         -100.00
10.540000      9.550000     0.000000   -0.277300     0.0773       3.501000             -1.157490e+00         -100.00
10.540000      9.600000     0.000000   -0.273700     0.0773       3.501900             -1.155990e+00         -100.00
10.540000      9.650000     0.000000   -0.269800     0.0773       3.503000             -1.154190e+00         -100.00
10.560000      8.000000     0.000000   -0.332700     0.0785       3.528700             -1.126690e+00         -100.00
10.560000      8.050000     0.000000   -0.332200     0.0785       3.528700             -1.126690e+00         -100.00
10.560000      8.100000     0.000000   -0.331700     0.0785       3.528700             -1.126590e+00         -100.00
10.560000      8.150000     0.000000   -0.331100     0.0785       3.528800             -1.126590e+00         -100.00
10.560000      8.200000     0.000000   -0.330500     0.0785       3.528800             -1.126490e+00         -100.00
10.560000      8.250000     0.000000   -0.329800     0.0785       3.528900             -1.126390e+00         -100.00
10.560000      8.300000     0.000000   -0.329100     0.0785       3.528900             -1.126390e+00         -100.00
10.560000      8.350000     0.000000   -0.328400     0.0785       3.529000             -1.126290e+00         -100.00
10.560000      8.400000     0.000000   -0.327600     0.0785       3.529000             -1.126190e+00         -100.00
10.560000      8.450000     0.000000   -0.326700     0.0785       3.529100             -1.126090e+00         -100.00
10.560000      8.500000     0.000000   -0.325700     0.0785       3.529100             -1.125990e+00         -100.00
10.560000      8.550000     0.000000   -0.324700     0.0785       3.529200             -1.125890e+00         -100.00
10.560000      8.600000     0.000000   -0.323700     0.0785       3.529300             -1.125790e+00         -100.00
10.560000      8.650000     0.000000   -0.322500     0.0785       3.529400             -1.125690e+00         -100.00
10.560000      8.700000     0.000000   -0.321300     0.0785       3.529500             -1.125590e+00         -100.00
10.560000      8.750000     0.000000   -0.319900     0.0785       3.529600             -1.125390e+00         -100.00
10.560000      8.800000     0.000000   -0.318500     0.0785       3.529700             -1.125290e+00         -100.00
10.560000      8.850000     0.000000   -0.317000     0.0785       3.529800             -1.125090e+00         -100.00
10.560000      8.900000     0.000000   -0.315400     0.0785       3.529900             -1.124890e+00         -100.00
10.560000      8.950000     0.000000   -0.313600     0.0785       3.530100             -1.124690e+00         -100.00
10.560000      9.000000     0.000000   -0.311800     0.0785       3.530300             -1.124390e+00         -100.00
10.560000      9.050000     0.000000   -0.309800     0.0785       3.530400             -1.124090e+00         -100.00
10.560000      9.100000     0.000000   -0.307700     0.0785       3.530700             -1.123790e+00         -100.00
10.560000      9.150000     0.000000   -0.305500     0.0785       3.530900             -1.123490e+00         -100.00
10.560000      9.200000     0.000000   -0.303100     0.0785       3.531100             -1.123090e+00         -100.00
10.560000      9.250000     0.000000   -0.300600     0.0785       3.531400             -1.122590e+00         -100.00
10.560000      9.300000     0.000000   -0.297900     0.0785       3.531800             -1.122090e+00         -100.00
10.560000      9.350000     0.000000   -0.295100     0.0785       3.532200             -1.121490e+00         -100.00
10.560000      9.400000     0.000000   -0.292100     0.0785       3.532600             -1.120690e+00         -100.00
10.560000      9.450000     0.000000   -0.289000     0.0785       3.533200             -1.119890e+00         -100.00
10.560000      9.500000     0.000000   -0.285600     0.0785       3.533800             -1.118790e+00         -100.00
10.560000      9.550000     0.000000   -0.282100     0.0785       3.534500             -1.117590e+00         -100.00
10.560000      9.600000     0.000000   -0.278400     0.0785       3.535400             -1.116190e+00         -100.00
10.560000      9.650000     0.000000   -0.274500     0.0785       3.536500             -1.114390e+00         -100.00
10.580000      8.000000     0.000000   -0.337900     0.0798       3.562400             -1.086590e+00         -100.00
10.580000      8.050000     0.000000   -0.337400     0.0798       3.562400             -1.086590e+00         -100.00
10.580000      8.100000     0.000000   -0.336900     0.0798       3.562400             -1.086590e+00         -100.00
10.580000      8.150000     0.000000   -0.336300     0.0798       3.562500             -1.086490e+00         -100.00
10.580000      8.200000     0.000000   -0.335700     0.0798       3.562500             -1.086390e+00         -100.00
10.580000      8.250000     0.000000   -0.335000     0.0798       3.562600             -1.086390e+00         -100.00
10.580000      8.300000     0.000000   -0.334300     0.0798       3.562600             -1.086290e+00         -100.00
10.580000      8.350000     0.000000   -0.333600     0.0798       3.562700             -1.086190e+00         -100.00
10.580000      8.400000     0.000000   -0.332700     0.0798       3.562700             -1.086190e+00         -100.00
10.580000      8.450000     0.000000   -0.331900     0.0798       3.562800             -1.086090e+00         -100.00
10.580000      8.500000     0.000000   -0.330900     0.0798       3.562800             -1.085990e+00         -100.00
10.580000      8.550000     0.000000   -0.329900     0.0798       3.562900             -1.085890e+00         -100.00
10.580000      8.600000     0.000000   -0.328800     0.0798       3.563000             -1.085790e+00         -100.00
10.580000      8.650000     0.000000   -0.327700     0.0798       3.563100             -1.085590e+00         -100.00
10.580000      8.700000     0.000000   -0.326400     0.0798       3.563200             -1.085490e+00         -100.00
10.580000      8.750000     0.000000   -0.325100     0.0798       3.563300             -1.085390e+00         -100.00
10.580000      8.800000     0.000000   -0.323600     0.0798       3.563400             -1.085190e+00         -100.00
10.580000      8.850000     0.000000   -0.322100     0.0798       3.563500             -1.084990e+00         -100.00
10.580000      8.900000     0.000000   -0.320500     0.0798       3.563600             -1.084790e+00         -100.00
10.580000      8.950000     0.000000   -0.318700     0.0798       3.563800             -1.084590e+00         -100.00
10.580000      9.000000     0.000000   -0.316900     0.0798       3.564000             -1.084390e+00         -100.00
10.580000      9.050000     0.000000   -0.314900     0.0798       3.564100             -1.084090e+00         -100.00
10.580000      9.100000     0.000000   -0.312800     0.0798       3.564300             -1.083790e+00         -100.00
10.580000      9.150000     0.000000   -0.310500     0.0798       3.564600             -1.083390e+00         -100.00
10.580000      9.200000     0.000000   -0.308100     0.0798       3.564800             -1.082990e+00         -100.00
10.580000      9.250000     0.000000   -0.305600     0.0798       3.565100             -1.082590e+00         -100.00
10.580000      9.300000     0.000000   -0.302900     0.0798       3.565400             -1.082090e+00         -100.00
10.580000      9.350000     0.000000   -0.300100     0.0798       3.565800             -1.081490e+00         -100.00
10.580000      9.400000     0.000000   -0.297100     0.0798       3.566300             -1.080690e+00         -100.00
10.580000      9.450000     0.000000   -0.293900     0.0798       3.566800             -1.079890e+00         -100.00
10.580000      9.500000     0.000000   -0.290500     0.0798       3.567400             -1.078890e+00         -100.00
10.580000      9.550000     0.000000   -0.287000     0.0798       3.568200             -1.077690e+00         -100.00
10.580000      9.600000     0.000000   -0.283200     0.0798       3.569000             -1.076290e+00         -100.00
10.580000      9.650000     0.000000   -0.279300     0.0798       3.570100             -1.074490e+00         -100.00
10.600000      8.000000     0.000000   -0.343200     0.0810       3.596100             -1.046590e+00         -100.00
10.600000      8.050000     0.000000   -0.342700     0.0810       3.596100             -1.046490e+00         -100.00
10.600000      8.100000     0.000000   -0.342100     0.0810       3.596200             -1.046490e+00         -100.00
10.600000      8.150000     0.000000   -0.341600     0.0810       3.596200             -1.046390e+00         -100.00
10.600000      8.200000     0.000000   -0.341000     0.0810       3.596200             -1.046390e+00         -100.00
10.600000      8.250000     0.000000   -0.340300     0.0810       3.596300             -1.046290e+00         -100.00
10.600000      8.300000     0.000000   -0.339600     0.0810       3.596300             -1.046190e+00         -100.00
10.600000      8.350000     0.000000   -0.338800     0.0810       3.596400             -1.046090e+00         -100.00
10.600000      8.400000     0.000000   -0.338000     0.0810       3.596400             -1.046090e+00         -100.00
10.600000      8.450000     0.000000   -0.337100     0.0810       3.596500             -1.045990e+00         -100.00
10.600000      8.500000     0.000000   -0.336200     0.0810       3.596600             -1.045890e+00         -100.00
10.600000      8.550000     0.000000   -0.335100     0.0810       3.596600             -1.045790e+00         -100.00
10.600000      8.600000     0.000000   -0.334100     0.0810       3.596700             -1.045690e+00         -100.00
10.600000      8.650000     0.000000   -0.332900     0.0810       3.596800             -1.045590e+00         -100.00
10.600000      8.700000     0.000000   -0.331600     0.0810       3.596900             -1.045390e+00         -100.00
10.600000      8.750000     0.000000   -0.330300     0.0810       3.597000             -1.045290e+00         -100.00
10.600000      8.800000     0.000000   -0.328800     0.0810       3.597100             -1.045090e+00         -100.00
10.600000      8.850000     0.000000   -0.327300     0.0810       3.597200             -1.044890e+00         -100.00
10.600000      8.900000     0.000000   -0.325700     0.0810       3.597300             -1.044790e+00         -100.00
10.600000      8.950000     0.000000   -0.323900     0.0810       3.597500             -1.044490e+00         -100.00
10.600000      9.000000     0.000000   -0.322000     0.0810       3.597700             -1.044290e+00         -100.00
10.600000      9.050000     0.000000   -0.320000     0.0810       3.597800             -1.043990e+00         -100.00
10.600000      9.100000     0.000000   -0.317900     0.0810       3.598000             -1.043690e+00         -100.00
10.600000      9.150000     0.000000   -0.315700     0.0810       3.598300             -1.043390e+00         -100.00
10.600000      9.200000     0.000000   -0.313200     0.0810       3.598500             -1.042990e+00         -100.00
10.600000      9.250000     0.000000   -0.310700     0.0810       3.598800             -1.042590e+00         -100.00
10.600000      9.300000     0.000000   -0.308000     0.0810       3.599100             -1.041990e+00         -100.00
10.600000      9.350000     0.000000   -0.305100     0.0810       3.599500             -1.041390e+00         -100.00
10.600000      9.400000     0.000000   -0.302100     0.0810       3.599900             -1.040690e+00         -100.00
10.600000      9.450000     0.000000   -0.298900     0.0810       3.600500             -1.039890e+00         -100.00
10.600000      9.500000     0.000000   -0.295500     0.0810       3.601100             -1.038890e+00         -100.00
10.600000      9.550000     0.000000   -0.291900     0.0810       3.601800             -1.037790e+00         -100.00
10.600000      9.600000     0.000000   -0.288100     0.0810       3.602600             -1.036390e+00         -100.00
10.600000      9.650000     0.000000   -0.284200     0.0810       3.603600             -1.034690e+00         -100.00
10.620000      8.000000     0.000000   -0.348500     0.0822       3.629800             -1.006490e+00         -100.00
10.620000      8.050000     0.000000   -0.348000     0.0822       3.629800             -1.006390e+00         -100.00
10.620000      8.100000     0.000000   -0.347500     0.0822       3.629900             -1.006390e+00         -100.00
10.620000      8.150000     0.000000   -0.346900     0.0822       3.629900             -1.006290e+00         -100.00
10.620000      8.200000     0.000000   -0.346300     0.0822       3.630000             -1.006190e+00         -100.00
10.620000      8.250000     0.000000   -0.345700     0.0822       3.630000             -1.006190e+00         -100.00
10.620000      8.300000     0.000000   -0.344900     0.0822       3.630100             -1.006090e+00         -100.00
10.620000      8.350000     0.000000   -0.344200     0.0822       3.630100             -1.005990e+00         -100.00
10.620000      8.400000     0.000000   -0.343300     0.0822       3.630200             -1.005990e+00         -100.00
10.620000      8.450000     0.000000   -0.342500     0.0822       3.630200             -1.005890e+00         -100.00
10.620000      8.500000     0.000000   -0.341500     0.0822       3.630300             -1.005790e+00         -100.00
10.620000      8.550000     0.000000   -0.340500     0.0822       3.630400             -1.005690e+00         -100.00
10.620000      8.600000     0.000000   -0.339400     0.0822       3.630400             -1.005590e+00         -100.00
10.620000      8.650000     0.000000   -0.338200     0.0822       3.630500             -1.005490e+00         -100.00
10.620000      8.700000     0.000000   -0.336900     0.0822       3.630600             -1.005290e+00         -100.00
10.620000      8.750000     0.000000   -0.335600     0.0822       3.630700             -1.005190e+00         -100.00
10.620000      8.800000     0.000000   -0.334100     0.0822       3.630800             -1.004990e+00         -100.00
10.620000      8.850000     0.000000   -0.332600     0.0822       3.630900             -1.004890e+00         -100.00
10.620000      8.900000     0.000000   -0.330900     0.0822       3.631100             -1.004690e+00         -100.00
10.620000      8.950000     0.000000   -0.329200     0.0822       3.631200             -1.004490e+00         -100.00
10.620000      9.000000     0.000000   -0.327300     0.0822       3.631400             -1.004190e+00         -100.00
10.620000      9.050000     0.000000   -0.325300     0.0822       3.631500             -1.003990e+00         -100.00
10.620000      9.100000     0.000000   -0.323100     0.0822       3.631700             -1.003690e+00         -100.00
10.620000      9.150000     0.000000   -0.320800     0.0822       3.632000             -1.003290e+00         -100.00
10.620000      9.200000     0.000000   -0.318400     0.0822       3.632200             -1.002890e+00         -100.00
10.620000      9.250000     0.000000   -0.315900     0.0822       3.632500             -1.002490e+00         -100.00
10.620000      9.300000     0.000000   -0.313100     0.0822       3.632800             -1.001990e+00         -100.00
10.620000      9.350000     0.000000   -0.310200     0.0822       3.633200             -1.001390e+00         -100.00
10.620000      9.400000     0.000000   -0.307200     0.0822       3.633600             -1.000690e+00         -100.00
10.620000      9.450000     0.000000   -0.303900     0.0822       3.634100             -9.998896e-01         -100.00
10.620000      9.500000     0.000000   -0.300500     0.0822       3.634700             -9.989896e-01         -100.00
10.620000      9.550000     0.000000   -0.296900     0.0822       3.635400             -9.977896e-01         -100.00
10.620000      9.600000     0.000000   -0.293100     0.0822       3.636200             -9.964896e-01         -100.00
10.620000      9.650000     0.000000   -0.289100     0.0822       3.637200             -9.947896e-01         -100.00
10.640000      8.000000     0.000000   -0.354000     0.0835       3.663600             -9.662896e-01         -100.00
10.640000      8.050000     0.000000   -0.353500     0.0835       3.663600             -9.662896e-01         -100.00
10.640000      8.100000     0.000000   -0.353000     0.0835       3.663600             -9.661896e-01         -100.00
10.640000      8.150000     0.000000   -0.352400     0.0835       3.663700             -9.661896e-01         -100.00
10.640000      8.200000     0.000000   -0.351800     0.0835       3.663700             -9.660896e-01         -100.00
10.640000      8.250000     0.000000   -0.351100     0.0835       3.663700             -9.660896e-01         -100.00
10.640000      8.300000     0.000000   -0.350400     0.0835       3.663800             -9.659896e-01         -100.00
10.640000      8.350000     0.000000   -0.349600     0.0835       3.663800             -9.658896e-01         -100.00
10.640000      8.400000     0.000000   -0.348800     0.0835       3.663900             -9.658896e-01         -100.00
10.640000      8.450000     0.000000   -0.347900     0.0835       3.664000             -9.657896e-01         -100.00
10.640000      8.500000     0.000000   -0.346900     0.0835       3.664000             -9.656896e-01         -100.00
10.640000      8.550000     0.000000   -0.345900     0.0835       3.664100             -9.655896e-01         -100.00
10.640000      8.600000     0.000000   -0.344800     0.0835       3.664200             -9.654896e-01         -100.00
10.640000      8.650000     0.000000   -0.343600     0.0835       3.664200             -9.652896e-01         -100.00
10.640000      8.700000     0.000000   -0.342300     0.0835       3.664300             -9.651896e-01         -100.00
10.640000      8.750000     0.000000   -0.341000     0.0835       3.664400             -9.650896e-01         -100.00
10.640000      8.800000     0.000000   -0.339500     0.0835       3.664500             -9.648896e-01         -100.00
10.640000      8.850000     0.000000   -0.337900     0.0835       3.664700             -9.647896e-01         -100.00
10.640000      8.900000     0.000000   -0.336300     0.0835       3.664800             -9.645896e-01         -100.00
10.640000      8.950000     0.000000   -0.334500     0.0835       3.664900             -9.643896e-01         -100.00
10.640000      9.000000     0.000000   -0.332600     0.0835       3.665100             -9.640896e-01         -100.00
10.640000      9.050000     0.000000   -0.330600     0.0835       3.665300             -9.638896e-01         -100.00
10.640000      9.100000     0.000000   -0.328400     0.0835       3.665400             -9.635896e-01         -100.00
10.640000      9.150000     0.000000   -0.326100     0.0835       3.665700             -9.631896e-01         -100.00
10.640000      9.200000     0.000000   -0.323700     0.0835       3.665900             -9.628896e-01         -100.00
10.640000      9.250000     0.000000   -0.321100     0.0835       3.666200             -9.623896e-01         -100.00
10.640000      9.300000     0.000000   -0.318300     0.0835       3.666500             -9.618896e-01         -100.00
10.640000      9.350000     0.000000   -0.315400     0.0835       3.666900             -9.613896e-01         -100.00
10.640000      9.400000     0.000000   -0.312300     0.0835       3.667300             -9.606896e-01         -100.00
10.640000      9.450000     0.000000   -0.309100     0.0835       3.667800             -9.598896e-01         -100.00
10.640000      9.500000     0.000000   -0.305600     0.0835       3.668400             -9.589896e-01         -100.00
10.640000      9.550000     0.000000   -0.302000     0.0835       3.669100             -9.578896e-01         -100.00
10.640000      9.600000     0.000000   -0.298200     0.0835       3.669900             -9.564896e-01         -100.00
10.640000      9.650000     0.000000   -0.294100     0.0835       3.670800             -9.548896e-01         -100.00
10.660000      8.000000     0.000000   -0.359500     0.0848       3.697300             -9.261896e-01         -100.00
10.660000      8.050000     0.000000   -0.359000     0.0848       3.697300             -9.261896e-01         -100.00
10.660000      8.100000     0.000000   -0.358500     0.0848       3.697400             -9.260896e-01         -100.00
10.660000      8.150000     0.000000   -0.357900     0.0848       3.697400             -9.260896e-01         -100.00
10.660000      8.200000     0.000000   -0.357300     0.0848       3.697400             -9.259896e-01         -100.00
10.660000      8.250000     0.000000   -0.356600     0.0848       3.697500             -9.258896e-01         -100.00
10.660000      8.300000     0.000000   -0.355900     0.0848       3.697500             -9.258896e-01         -100.00
10.660000      8.350000     0.000000   -0.355100     0.0848       3.697600             -9.257896e-01         -100.00
10.660000      8.400000     0.000000   -0.354300     0.0848       3.697600             -9.256896e-01         -100.00
10.660000      8.450000     0.000000   -0.353400     0.0848       3.697700             -9.255896e-01         -100.00
10.660000      8.500000     0.000000   -0.352400     0.0848       3.697800             -9.254896e-01         -100.00
10.660000      8.550000     0.000000   -0.351400     0.0848       3.697800             -9.253896e-01         -100.00
10.660000      8.600000     0.000000   -0.350300     0.0848       3.697900             -9.252896e-01         -100.00
10.660000      8.650000     0.000000   -0.349100     0.0848       3.698000             -9.251896e-01         -100.00
10.660000      8.700000     0.000000   -0.347800     0.0848       3.698100             -9.250896e-01         -100.00
10.660000      8.750000     0.000000   -0.346400     0.0848       3.698200             -9.249896e-01         -100.00
10.660000      8.800000     0.000000   -0.345000     0.0848       3.698300             -9.247896e-01         -100.00
10.660000      8.850000     0.000000   -0.343400     0.0848       3.698400             -9.245896e-01         -100.00
10.660000      8.900000     0.000000   -0.341700     0.0848       3.698500             -9.243896e-01         -100.00
10.660000      8.950000     0.000000   -0.339900     0.0848       3.698700             -9.241896e-01         -100.00
10.660000      9.000000     0.000000   -0.338000     0.0848       3.698800             -9.239896e-01         -100.00
10.660000      9.050000     0.000000   -0.336000     0.0848       3.699000             -9.237896e-01         -100.00
10.660000      9.100000     0.000000   -0.333800     0.0848       3.699200             -9.234896e-01         -100.00
10.660000      9.150000     0.000000   -0.331500     0.0848       3.699400             -9.230896e-01         -100.00
10.660000      9.200000     0.000000   -0.329000     0.0848       3.699600             -9.227896e-01         -100.00
10.660000      9.250000     0.000000   -0.326400     0.0848       3.699900             -9.223896e-01         -100.00
10.660000      9.300000     0.000000   -0.323700     0.0848       3.700200             -9.218896e-01         -100.00
10.660000      9.350000     0.000000   -0.320700     0.0848       3.700600             -9.212896e-01         -100.00
10.660000      9.400000     0.000000   -0.317600     0.0848       3.701000             -9.205896e-01         -100.00
10.660000      9.450000     0.000000   -0.314300     0.0848       3.701500             -9.198896e-01         -100.00
10.660000      9.500000     0.000000   -0.310800     0.0848       3.702000             -9.189896e-01         -100.00
10.660000      9.550000     0.000000   -0.307200     0.0848       3.702700             -9.178896e-01         -100.00
10.660000      9.600000     0.000000   -0.303300     0.0848       3.703500             -9.165896e-01         -100.00
10.660000      9.650000     0.000000   -0.299200     0.0848       3.704500             -9.149896e-01         -100.00
10.680000      8.000000     0.000000   -0.365200     0.0861       3.731100             -8.859896e-01         -100.00
10.680000      8.050000     0.000000   -0.364700     0.0861       3.731100             -8.859896e-01         -100.00
10.680000      8.100000     0.000000   -0.364100     0.0861       3.731100             -8.859896e-01         -100.00
10.680000      8.150000     0.000000   -0.363500     0.0861       3.731200             -8.858896e-01         -100.00
10.680000      8.200000     0.000000   -0.362900     0.0861       3.731200             -8.857896e-01         -100.00
10.680000      8.250000     0.000000   -0.362200     0.0861       3.731200             -8.857896e-01         -100.00
10.680000      8.300000     0.000000   -0.361500     0.0861       3.731300             -8.856896e-01         -100.00
10.680000      8.350000     0.000000   -0.360700     0.0861       3.731300             -8.856896e-01         -100.00
10.680000      8.400000     0.000000   -0.359900     0.0861       3.731400             -8.855896e-01         -100.00
10.680000      8.450000     0.000000   -0.359000     0.0861       3.731400             -8.854896e-01         -100.00
10.680000      8.500000     0.000000   -0.358000     0.0861       3.731500             -8.853896e-01         -100.00
10.680000      8.550000     0.000000   -0.357000     0.0861       3.731600             -8.852896e-01         -100.00
10.680000      8.600000     0.000000   -0.355800     0.0861       3.731700             -8.851896e-01         -100.00
10.680000      8.650000     0.000000   -0.354600     0.0861       3.731700             -8.850896e-01         -100.00
10.680000      8.700000     0.000000   -0.353400     0.0861       3.731800             -8.849896e-01         -100.00
10.680000      8.750000     0.000000   -0.352000     0.0861       3.731900             -8.847896e-01         -100.00
10.680000      8.800000     0.000000   -0.350500     0.0861       3.732000             -8.846896e-01         -100.00
10.680000      8.850000     0.000000   -0.348900     0.0861       3.732100             -8.844896e-01         -100.00
10.680000      8.900000     0.000000   -0.347200     0.0861       3.732300             -8.842896e-01         -100.00
10.680000      8.950000     0.000000   -0.345400     0.0861       3.732400             -8.840896e-01         -100.00
10.680000      9.000000     0.000000   -0.343500     0.0861       3.732500             -8.838896e-01         -100.00
10.680000      9.050000     0.000000   -0.341500     0.0861       3.732700             -8.835896e-01         -100.00
10.680000      9.100000     0.000000   -0.339300     0.0861       3.732900             -8.833896e-01         -100.00
10.680000      9.150000     0.000000   -0.336900     0.0861       3.733100             -8.829896e-01         -100.00
10.680000      9.200000     0.000000   -0.334500     0.0861       3.733400             -8.826896e-01         -100.00
10.680000      9.250000     0.000000   -0.331800     0.0861       3.733600             -8.822896e-01         -100.00
10.680000      9.300000     0.000000   -0.329000     0.0861       3.733900             -8.817896e-01         -100.00
10.680000      9.350000     0.000000   -0.326100     0.0861       3.734300             -8.811896e-01         -100.00
10.680000      9.400000     0.000000   -0.322900     0.0861       3.734700             -8.805896e-01         -100.00
10.680000      9.450000     0.000000   -0.319600     0.0861       3.735200             -8.797896e-01         -100.00
10.680000      9.500000     0.000000   -0.316100     0.0861       3.735700             -8.788896e-01         -100.00
10.680000      9.550000     0.000000   -0.312400     0.0861       3.736400             -8.778896e-01         -100.00
10.680000      9.600000     0.000000   -0.308500     0.0861       3.737200             -8.765896e-01         -100.00
10.680000      9.650000     0.000000   -0.304400     0.0861       3.738100             -8.750896e-01         -100.00
10.700000      8.000000     0.000000   -0.370900     0.0874       3.764800             -8.458896e-01         -100.00
10.700000      8.050000     0.000000   -0.370400     0.0874       3.764800             -8.457896e-01         -100.00
10.700000      8.100000     0.000000   -0.369800     0.0874       3.764900             -8.457896e-01         -100.00
10.700000      8.150000     0.000000   -0.369200     0.0874       3.764900             -8.456896e-01         -100.00
10.700000      8.200000     0.000000   -0.368600     0.0874       3.765000             -8.456896e-01         -100.00
10.700000      8.250000     0.000000   -0.367900     0.0874       3.765000             -8.455896e-01         -100.00
10.700000      8.300000     0.000000   -0.367200     0.0874       3.765000             -8.455896e-01         -100.00
10.700000      8.350000     0.000000   -0.366400     0.0874       3.765100             -8.454896e-01         -100.00
10.700000      8.400000     0.000000   -0.365600     0.0874       3.765100             -8.453896e-01         -100.00
10.700000      8.450000     0.000000   -0.364700     0.0874       3.765200             -8.452896e-01         -100.00
10.700000      8.500000     0.000000   -0.363700     0.0874       3.765300             -8.451896e-01         -100.00
10.700000      8.550000     0.000000   -0.362600     0.0874       3.765300             -8.451896e-01         -100.00
10.700000      8.600000     0.000000   -0.361500     0.0874       3.765400             -8.449896e-01         -100.00
10.700000      8.650000     0.000000   -0.360300     0.0874       3.765500             -8.448896e-01         -100.00
10.700000      8.700000     0.000000   -0.359000     0.0874       3.765600             -8.447896e-01         -100.00
10.700000      8.750000     0.000000   -0.357600     0.0874       3.765700             -8.446896e-01         -100.00
10.700000      8.800000     0.000000   -0.356100     0.0874       3.765800             -8.444896e-01         -100.00
10.700000      8.850000     0.000000   -0.354500     0.0874       3.765900             -8.443896e-01         -100.00
10.700000      8.900000     0.000000   -0.352800     0.0874       3.766000             -8.441896e-01         -100.00
10.700000      8.950000     0.000000   -0.351000     0.0874       3.766100             -8.439896e-01         -100.00
10.700000      9.000000     0.000000   -0.349100     0.0874       3.766300             -8.437896e-01         -100.00
10.700000      9.050000     0.000000   -0.347000     0.0874       3.766500             -8.434896e-01         -100.00
10.700000      9.100000     0.000000   -0.344800     0.0874       3.766600             -8.431896e-01         -100.00
10.700000      9.150000     0.000000   -0.342500     0.0874       3.766900             -8.428896e-01         -100.00
10.700000      9.200000     0.000000   -0.340000     0.0874       3.767100             -8.425896e-01         -100.00
10.700000      9.250000     0.000000   -0.337300     0.0874       3.767400             -8.420896e-01         -100.00
10.700000      9.300000     0.000000   -0.334500     0.0874       3.767700             -8.416896e-01         -100.00
10.700000      9.350000     0.000000   -0.331500     0.0874       3.768000             -8.410896e-01         -100.00
10.700000      9.400000     0.000000   -0.328400     0.0874       3.768400             -8.404896e-01         -100.00
10.700000      9.450000     0.000000   -0.325000     0.0874       3.768900             -8.397896e-01         -100.00
10.700000      9.500000     0.000000   -0.321500     0.0874       3.769400             -8.388896e-01         -100.00
10.700000      9.550000     0.000000   -0.317800     0.0874       3.770100             -8.377896e-01         -100.00
10.700000      9.600000     0.000000   -0.313800     0.0874       3.770800             -8.365896e-01         -100.00
10.700000      9.650000     0.000000   -0.309700     0.0874       3.771700             -8.350896e-01         -100.00
10.720000      8.000000     0.000000   -0.376700     0.0888       3.798600             -8.056896e-01         -100.00
10.720000      8.050000     0.000000   -0.376200     0.0888       3.798600             -8.056896e-01         -100.00
10.720000      8.100000     0.000000   -0.375600     0.0888       3.798700             -8.055896e-01         -100.00
10.720000      8.150000     0.000000   -0.375000     0.0888       3.798700             -8.055896e-01         -100.00
10.720000      8.200000     0.000000   -0.374400     0.0888       3.798700             -8.054896e-01         -100.00
10.720000      8.250000     0.000000   -0.373700     0.0888       3.798800             -8.054896e-01         -100.00
10.720000      8.300000     0.000000   -0.373000     0.0888       3.798800             -8.053896e-01         -100.00
10.720000      8.350000     0.000000   -0.372200     0.0888       3.798900             -8.052896e-01         -100.00
10.720000      8.400000     0.000000   -0.371300     0.0888       3.798900             -8.051896e-01         -100.00
10.720000      8.450000     0.000000   -0.370400     0.0888       3.799000             -8.051896e-01         -100.00
10.720000      8.500000     0.000000   -0.369400     0.0888       3.799000             -8.050896e-01         -100.00
10.720000      8.550000     0.000000   -0.368400     0.0888       3.799100             -8.049896e-01         -100.00
10.720000      8.600000     0.000000   -0.367200     0.0888       3.799200             -8.048896e-01         -100.00
10.720000      8.650000     0.000000   -0.366000     0.0888       3.799300             -8.047896e-01         -100.00
10.720000      8.700000     0.000000   -0.364700     0.0888       3.799300             -8.045896e-01         -100.00
10.720000      8.750000     0.000000   -0.363300     0.0888       3.799400             -8.044896e-01         -100.00
10.720000      8.800000     0.000000   -0.361800     0.0888       3.799500             -8.043896e-01         -100.00
10.720000      8.850000     0.000000   -0.360200     0.0888       3.799600             -8.041896e-01         -100.00
10.720000      8.900000     0.000000   -0.358500     0.0888       3.799800             -8.039896e-01         -100.00
10.720000      8.950000     0.000000   -0.356700     0.0888       3.799900             -8.037896e-01         -100.00
10.720000      9.000000     0.000000   -0.354800     0.0888       3.800100             -8.035896e-01         -100.00
10.720000      9.050000     0.000000   -0.352700     0.0888       3.800200             -8.033896e-01         -100.00
10.720000      9.100000     0.000000   -0.350500     0.0888       3.800400             -8.030896e-01         -100.00
10.720000      9.150000     0.000000   -0.348100     0.0888       3.800600             -8.027896e-01         -100.00
10.720000      9.200000     0.000000   -0.345600     0.0888       3.800800             -8.023896e-01         -100.00
10.720000      9.250000     0.000000   -0.342900     0.0888       3.801100             -8.019896e-01         -100.00
10.720000      9.300000     0.000000   -0.340100     0.0888       3.801400             -8.015896e-01         -100.00
10.720000      9.350000     0.000000   -0.337100     0.0888       3.801700             -8.009896e-01         -100.00
10.720000      9.400000     0.000000   -0.333900     0.0888       3.802100             -8.003896e-01         -100.00
10.720000      9.450000     0.000000   -0.330500     0.0888       3.802600             -7.996896e-01         -100.00
10.720000      9.500000     0.000000   -0.327000     0.0888       3.803100             -7.987896e-01         -100.00
10.720000      9.550000     0.000000   -0.323200     0.0888       3.803700             -7.977896e-01         -100.00
10.720000      9.600000     0.000000   -0.319200     0.0888       3.804500             -7.965896e-01         -100.00
10.720000      9.650000     0.000000   -0.315100     0.0888       3.805400             -7.950896e-01         -100.00
10.740000      8.000000     0.000000   -0.382600     0.0902       3.832400             -7.654896e-01         -100.00
10.740000      8.050000     0.000000   -0.382100     0.0902       3.832400             -7.654896e-01         -100.00
10.740000      8.100000     0.000000   -0.381500     0.0902       3.832400             -7.653896e-01         -100.00
10.740000      8.150000     0.000000   -0.380900     0.0902       3.832500             -7.653896e-01         -100.00
10.740000      8.200000     0.000000   -0.380300     0.0902       3.832500             -7.652896e-01         -100.00
10.740000      8.250000     0.000000   -0.379600     0.0902       3.832600             -7.652896e-01         -100.00
10.740000      8.300000     0.000000   -0.378900     0.0902       3.832600             -7.651896e-01         -100.00
10.740000      8.350000     0.000000   -0.378100     0.0902       3.832600             -7.650896e-01         -100.00
10.740000      8.400000     0.000000   -0.377200     0.0902       3.832700             -7.650896e-01         -100.00
10.740000      8.450000     0.000000   -0.376300     0.0902       3.832800             -7.649896e-01         -100.00
10.740000      8.500000     0.000000   -0.375300     0.0902       3.832800             -7.648896e-01         -100.00
10.740000      8.550000     0.000000   -0.374200     0.0902       3.832900             -7.647896e-01         -100.00
10.740000      8.600000     0.000000   -0.373100     0.0902       3.833000             -7.646896e-01         -100.00
10.740000      8.650000     0.000000   -0.371900     0.0902       3.833000             -7.645896e-01         -100.00
10.740000      8.700000     0.000000   -0.370600     0.0902       3.833100             -7.644896e-01         -100.00
10.740000      8.750000     0.000000   -0.369200     0.0902       3.833200             -7.642896e-01         -100.00
10.740000      8.800000     0.000000   -0.367600     0.0902       3.833300             -7.641896e-01         -100.00
10.740000      8.850000     0.000000   -0.366000     0.0902       3.833400             -7.639896e-01         -100.00
10.740000      8.900000     0.000000   -0.364300     0.0902       3.833500             -7.637896e-01         -100.00
10.740000      8.950000     0.000000   -0.362500     0.0902       3.833700             -7.636896e-01         -100.00
10.740000      9.000000     0.000000   -0.360500     0.0902       3.833800             -7.633896e-01         -100.00
10.740000      9.050000     0.000000   -0.358400     0.0902       3.834000             -7.631896e-01         -100.00
10.740000      9.100000     0.000000   -0.356200     0.0902       3.834200             -7.628896e-01         -100.00
10.740000      9.150000     0.000000   -0.353800     0.0902       3.834400             -7.625896e-01         -100.00
10.740000      9.200000     0.000000   -0.351300     0.0902       3.834600             -7.622896e-01         -100.00
10.740000      9.250000     0.000000   -0.348600     0.0902       3.834800             -7.618896e-01         -100.00
10.740000      9.300000     0.000000   -0.345700     0.0902       3.835100             -7.613896e-01         -100.00
10.740000      9.350000     0.000000   -0.342700     0.0902       3.835500             -7.608896e-01         -100.00
10.740000      9.400000     0.000000   -0.339500     0.0902       3.835900             -7.602896e-01         -100.00
10.740000      9.450000     0.000000   -0.336100     0.0902       3.836300             -7.595896e-01         -100.00
10.740000      9.500000     0.000000   -0.332500     0.0902       3.836800             -7.586896e-01         -100.00
10.740000      9.550000     0.000000   -0.328700     0.0902       3.837400             -7.577896e-01         -100.00
10.740000      9.600000     0.000000   -0.324700     0.0902       3.838200             -7.565896e-01         -100.00
10.740000      9.650000     0.000000   -0.320500     0.0902       3.839000             -7.550896e-01         -100.00
10.760000      8.000000     0.000000   -0.388500     0.0916       3.866200             -7.252896e-01         -100.00
10.760000      8.050000     0.000000   -0.388000     0.0916       3.866200             -7.252896e-01         -100.00
10.760000      8.100000     0.000000   -0.387500     0.0916       3.866200             -7.251896e-01         -100.00
10.760000      8.150000     0.000000   -0.386900     0.0916       3.866300             -7.251896e-01         -100.00
10.760000      8.200000     0.000000   -0.386200     0.0916       3.866300             -7.250896e-01         -100.00
10.760000      8.250000     0.000000   -0.385600     0.0916       3.866300             -7.250896e-01         -100.00
10.760000      8.300000     0.000000   -0.384800     0.0916       3.866400             -7.249896e-01         -100.00
10.760000      8.350000     0.000000   -0.384000     0.0916       3.866400             -7.248896e-01         -100.00
10.760000      8.400000     0.000000   -0.383200     0.0916       3.866500             -7.248896e-01         -100.00
10.760000      8.450000     0.000000   -0.382200     0.0916       3.866500             -7.247896e-01         -100.00
10.760000      8.500000     0.000000   -0.381200     0.0916       3.866600             -7.246896e-01         -100.00
10.760000      8.550000     0.000000   -0.380200     0.0916       3.866700             -7.245896e-01         -100.00
10.760000      8.600000     0.000000   -0.379000     0.0916       3.866700             -7.244896e-01         -100.00
10.760000      8.650000     0.000000   -0.377800     0.0916       3.866800             -7.243896e-01         -100.00
10.760000      8.700000     0.000000   -0.376500     0.0916       3.866900             -7.242896e-01         -100.00
10.760000      8.750000     0.000000   -0.375100     0.0916       3.867000             -7.240896e-01         -100.00
10.760000      8.800000     0.000000   -0.373500     0.0916       3.867100             -7.239896e-01         -100.00
10.760000      8.850000     0.000000   -0.371900     0.0916       3.867200             -7.237896e-01         -100.00
10.760000      8.900000     0.000000   -0.370200     0.0916       3.867300             -7.236896e-01         -100.00
10.760000      8.950000     0.000000   -0.368300     0.0916       3.867400             -7.234896e-01         -100.00
10.760000      9.000000     0.000000   -0.366400     0.0916       3.867600             -7.232896e-01         -100.00
10.760000      9.050000     0.000000   -0.364300     0.0916       3.867800             -7.229896e-01         -100.00
10.760000      9.100000     0.000000   -0.362000     0.0916       3.867900             -7.227896e-01         -100.00
10.760000      9.150000     0.000000   -0.359600     0.0916       3.868100             -7.224896e-01         -100.00
10.760000      9.200000     0.000000   -0.357100     0.0916       3.868400             -7.220896e-01         -100.00
10.760000      9.250000     0.000000   -0.354400     0.0916       3.868600             -7.216896e-01         -100.00
10.760000      9.300000     0.000000   -0.351500     0.0916       3.868900             -7.212896e-01         -100.00
10.760000      9.350000     0.000000   -0.348400     0.0916       3.869200             -7.207896e-01         -100.00
10.760000      9.400000     0.000000   -0.345200     0.0916       3.869600             -7.201896e-01         -100.00
10.760000      9.450000     0.000000   -0.341800     0.0916       3.870000             -7.194896e-01         -100.00
10.760000      9.500000     0.000000   -0.338200     0.0916       3.870500             -7.186896e-01         -100.00
10.760000      9.550000     0.000000   -0.334300     0.0916       3.871100             -7.176896e-01         -100.00
10.760000      9.600000     0.000000   -0.330300     0.0916       3.871900             -7.164896e-01         -100.00
10.760000      9.650000     0.000000   -0.326100     0.0916       3.872700             -7.150896e-01         -100.00
10.780000      8.000000     0.000000   -0.394600     0.0930       3.900000             -6.850896e-01         -100.00
10.780000      8.050000     0.000000   -0.394100     0.0930       3.900000             -6.850896e-01         -100.00
10.780000      8.100000     0.000000   -0.393600     0.0930       3.900000             -6.849896e-01         -100.00
10.780000      8.150000     0.000000   -0.393000     0.0930       3.900100             -6.849896e-01         -100.00
10.780000      8.200000     0.000000   -0.392300     0.0930       3.900100             -6.848896e-01         -100.00
10.780000      8.250000     0.000000   -0.391600     0.0930       3.900100             -6.848896e-01         -100.00
10.780000      8.300000     0.000000   -0.390900     0.0930       3.900200             -6.847896e-01         -100.00
10.780000      8.350000     0.000000   -0.390100     0.0930       3.900200             -6.846896e-01         -100.00
10.780000      8.400000     0.000000   -0.389200     0.0930       3.900300             -6.846896e-01         -100.00
10.780000      8.450000     0.000000   -0.388300     0.0930       3.900300             -6.845896e-01         -100.00
10.780000      8.500000     0.000000   -0.387300     0.0930       3.900400             -6.844896e-01         -100.00
10.780000      8.550000     0.000000   -0.386200     0.0930       3.900500             -6.843896e-01         -100.00
10.780000      8.600000     0.000000   -0.385000     0.0930       3.900500             -6.842896e-01         -100.00
10.780000      8.650000     0.000000   -0.383800     0.0930       3.900600             -6.841896e-01         -100.00
10.780000      8.700000     0.000000   -0.382500     0.0930       3.900700             -6.840896e-01         -100.00
10.780000      8.750000     0.000000   -0.381100     0.0930       3.900800             -6.838896e-01         -100.00
10.780000      8.800000     0.000000   -0.379500     0.0930       3.900900             -6.837896e-01         -100.00
10.780000      8.850000     0.000000   -0.377900     0.0930       3.901000             -6.835896e-01         -100.00
10.780000      8.900000     0.000000   -0.376200     0.0930       3.901100             -6.834896e-01         -100.00
10.780000      8.950000     0.000000   -0.374300     0.0930       3.901200             -6.832896e-01         -100.00
10.780000      9.000000     0.000000   -0.372300     0.0930       3.901400             -6.830896e-01         -100.00
10.780000      9.050000     0.000000   -0.370200     0.0930       3.901500             -6.827896e-01         -100.00
10.780000      9.100000     0.000000   -0.367900     0.0930       3.901700             -6.825896e-01         -100.00
10.780000      9.150000     0.000000   -0.365500     0.0930       3.901900             -6.822896e-01         -100.00
10.780000      9.200000     0.000000   -0.362900     0.0930       3.902100             -6.818896e-01         -100.00
10.780000      9.250000     0.000000   -0.360200     0.0930       3.902400             -6.815896e-01         -100.00
10.780000      9.300000     0.000000   -0.357300     0.0930       3.902700             -6.810896e-01         -100.00
10.780000      9.350000     0.000000   -0.354200     0.0930       3.903000             -6.805896e-01         -100.00
10.780000      9.400000     0.000000   -0.351000     0.0930       3.903300             -6.799896e-01         -100.00
10.780000      9.450000     0.000000   -0.347500     0.0930       3.903800             -6.792896e-01         -100.00
10.780000      9.500000     0.000000   -0.343900     0.0930       3.904300             -6.784896e-01         -100.00
10.780000      9.550000     0.000000   -0.340000     0.0930       3.904900             -6.775896e-01         -100.00
10.780000      9.600000     0.000000   -0.336000     0.0930       3.905600             -6.764896e-01         -100.00
10.780000      9.650000     0.000000   -0.331700     0.0930       3.906400             -6.750896e-01         -100.00
10.800000      8.000000     0.000000   -0.400800     0.0944       3.933800             -6.448896e-01         -100.00
10.800000      8.050000     0.000000   -0.400300     0.0944       3.933800             -6.447896e-01         -100.00
10.800000      8.100000     0.000000   -0.399700     0.0944       3.933800             -6.447896e-01         -100.00
10.800000      8.150000     0.000000   -0.399100     0.0944       3.933900             -6.446896e-01         -100.00
10.800000      8.200000     0.000000   -0.398500     0.0944       3.933900             -6.446896e-01         -100.00
10.800000      8.250000     0.000000   -0.397800     0.0944       3.933900             -6.445896e-01         -100.00
10.800000      8.300000     0.000000   -0.397000     0.0944       3.934000             -6.445896e-01         -100.00
10.800000      8.350000     0.000000   -0.396200     0.0944       3.934000             -6.444896e-01         -100.00
10.800000      8.400000     0.000000   -0.395300     0.0944       3.934100             -6.443896e-01         -100.00
10.800000      8.450000     0.000000   -0.394400     0.0944       3.934100             -6.442896e-01         -100.00
10.800000      8.500000     0.000000   -0.393400     0.0944       3.934200             -6.442896e-01         -100.00
10.800000      8.550000     0.000000   -0.392300     0.0944       3.934300             -6.441896e-01         -100.00
10.800000      8.600000     0.000000   -0.391200     0.0944       3.934300             -6.440896e-01         -100.00
10.800000      8.650000     0.000000   -0.389900     0.0944       3.934400             -6.439896e-01         -100.00
10.800000      8.700000     0.000000   -0.388600     0.0944       3.934500             -6.437896e-01         -100.00
10.800000      8.750000     0.000000   -0.387100     0.0944       3.934600             -6.436896e-01         -100.00
10.800000      8.800000     0.000000   -0.385600     0.0944       3.934700             -6.435896e-01         -100.00
10.800000      8.850000     0.000000   -0.384000     0.0944       3.934800             -6.433896e-01         -100.00
10.800000      8.900000     0.000000   -0.382200     0.0944       3.934900             -6.432896e-01         -100.00
10.800000      8.950000     0.000000   -0.380300     0.0944       3.935000             -6.430896e-01         -100.00
10.800000      9.000000     0.000000   -0.378300     0.0944       3.935200             -6.428896e-01         -100.00
10.800000      9.050000     0.000000   -0.376200     0.0944       3.935300             -6.425896e-01         -100.00
10.800000      9.100000     0.000000   -0.373900     0.0944       3.935500             -6.423896e-01         -100.00
10.800000      9.150000     0.000000   -0.371500     0.0944       3.935700             -6.420896e-01         -100.00
10.800000      9.200000     0.000000   -0.368900     0.0944       3.935900             -6.416896e-01         -100.00
10.800000      9.250000     0.000000   -0.366200     0.0944       3.936100             -6.413896e-01         -100.00
10.800000      9.300000     0.000000   -0.363300     0.0944       3.936400             -6.408896e-01         -100.00
10.800000      9.350000     0.000000   -0.360200     0.0944       3.936700             -6.403896e-01         -100.00
10.800000      9.400000     0.000000   -0.356900     0.0944       3.937100             -6.398896e-01         -100.00
10.800000      9.450000     0.000000   -0.353400     0.0944       3.937500             -6.391896e-01         -100.00
10.800000      9.500000     0.000000   -0.349700     0.0944       3.938000             -6.383896e-01         -100.00
10.800000      9.550000     0.000000   -0.345800     0.0944       3.938600             -6.374896e-01         -100.00
10.800000      9.600000     0.000000   -0.341700     0.0944       3.939300             -6.363896e-01         -100.00
10.800000      9.650000     0.000000   -0.337400     0.0944       3.940100             -6.350896e-01         -100.00
10.820000      8.000000     0.000000   -0.407100     0.0959       3.967600             -6.045896e-01         -100.00
10.820000      8.050000     0.000000   -0.406500     0.0959       3.967600             -6.045896e-01         -100.00
10.820000      8.100000     0.000000   -0.406000     0.0959       3.967600             -6.044896e-01         -100.00
10.820000      8.150000     0.000000   -0.405400     0.0959       3.967700             -6.044896e-01         -100.00
10.820000      8.200000     0.000000   -0.404700     0.0959       3.967700             -6.043896e-01         -100.00
10.820000      8.250000     0.000000   -0.404000     0.0959       3.967700             -6.043896e-01         -100.00
10.820000      8.300000     0.000000   -0.403300     0.0959       3.967800             -6.042896e-01         -100.00
10.820000      8.350000     0.000000   -0.402500     0.0959       3.967800             -6.042896e-01         -100.00
10.820000      8.400000     0.000000   -0.401600     0.0959       3.967900             -6.041896e-01         -100.00
10.820000      8.450000     0.000000   -0.400600     0.0959       3.967900             -6.040896e-01         -100.00
10.820000      8.500000     0.000000   -0.399600     0.0959       3.968000             -6.039896e-01         -100.00
10.820000      8.550000     0.000000   -0.398500     0.0959       3.968100             -6.038896e-01         -100.00
10.820000      8.600000     0.000000   -0.397400     0.0959       3.968100             -6.037896e-01         -100.00
10.820000      8.650000     0.000000   -0.396100     0.0959       3.968200             -6.036896e-01         -100.00
10.820000      8.700000     0.000000   -0.394800     0.0959       3.968300             -6.035896e-01         -100.00
10.820000      8.750000     0.000000   -0.393300     0.0959       3.968400             -6.034896e-01         -100.00
10.820000      8.800000     0.000000   -0.391800     0.0959       3.968500             -6.033896e-01         -100.00
10.820000      8.850000     0.000000   -0.390100     0.0959       3.968600             -6.031896e-01         -100.00
10.820000      8.900000     0.000000   -0.388400     0.0959       3.968700             -6.029896e-01         -100.00
10.820000      8.950000     0.000000   -0.386500     0.0959       3.968800             -6.027896e-01         -100.00
10.820000      9.000000     0.000000   -0.384500     0.0959       3.969000             -6.025896e-01         -100.00
10.820000      9.050000     0.000000   -0.382300     0.0959       3.969100             -6.023896e-01         -100.00
10.820000      9.100000     0.000000   -0.380000     0.0959       3.969300             -6.021896e-01         -100.00
10.820000      9.150000     0.000000   -0.377600     0.0959       3.969500             -6.018896e-01         -100.00
10.820000      9.200000     0.000000   -0.375000     0.0959       3.969700             -6.014896e-01         -100.00
10.820000      9.250000     0.000000   -0.372200     0.0959       3.969900             -6.011896e-01         -100.00
10.820000      9.300000     0.000000   -0.369300     0.0959       3.970200             -6.007896e-01         -100.00
10.820000      9.350000     0.000000   -0.366200     0.0959       3.970500             -6.002896e-01         -100.00
10.820000      9.400000     0.000000   -0.362800     0.0959       3.970900             -5.996896e-01         -100.00
10.820000      9.450000     0.000000   -0.359300     0.0959       3.971300             -5.990896e-01         -100.00
10.820000      9.500000     0.000000   -0.355600     0.0959       3.971800             -5.982896e-01         -100.00
10.820000      9.550000     0.000000   -0.351700     0.0959       3.972300             -5.973896e-01         -100.00
10.820000      9.600000     0.000000   -0.347600     0.0959       3.973000             -5.962896e-01         -100.00
10.820000      9.650000     0.000000   -0.343200     0.0959       3.973800             -5.949896e-01         -100.00
10.840000      8.000000     0.000000   -0.413400     0.0974       4.001400             -5.643896e-01         -100.00
10.840000      8.050000     0.000000   -0.412900     0.0974       4.001400             -5.642896e-01         -100.00
10.840000      8.100000     0.000000   -0.412300     0.0974       4.001500             -5.642896e-01         -100.00
10.840000      8.150000     0.000000   -0.411700     0.0974       4.001500             -5.641896e-01         -100.00
10.840000      8.200000     0.000000   -0.411100     0.0974       4.001500             -5.641896e-01         -100.00
10.840000      8.250000     0.000000   -0.410400     0.0974       4.001600             -5.640896e-01         -100.00
10.840000      8.300000     0.000000   -0.409600     0.0974       4.001600             -5.640896e-01         -100.00
10.840000      8.350000     0.000000   -0.408800     0.0974       4.001700             -5.639896e-01         -100.00
10.840000      8.400000     0.000000   -0.407900     0.0974       4.001700             -5.638896e-01         -100.00
10.840000      8.450000     0.000000   -0.407000     0.0974       4.001800             -5.638896e-01         -100.00
10.840000      8.500000     0.000000   -0.405900     0.0974       4.001800             -5.637896e-01         -100.00
10.840000      8.550000     0.000000   -0.404900     0.0974       4.001900             -5.636896e-01         -100.00
10.840000      8.600000     0.000000   -0.403700     0.0974       4.001900             -5.635896e-01         -100.00
10.840000      8.650000     0.000000   -0.402400     0.0974       4.002000             -5.634896e-01         -100.00
10.840000      8.700000     0.000000   -0.401100     0.0974       4.002100             -5.633896e-01         -100.00
10.840000      8.750000     0.000000   -0.399600     0.0974       4.002200             -5.631896e-01         -100.00
10.840000      8.800000     0.000000   -0.398100     0.0974       4.002300             -5.630896e-01         -100.00
10.840000      8.850000     0.000000   -0.396400     0.0974       4.002400             -5.629896e-01         -100.00
10.840000      8.900000     0.000000   -0.394600     0.0974       4.002500             -5.627896e-01         -100.00
10.840000      8.950000     0.000000   -0.392700     0.0974       4.002600             -5.625896e-01         -100.00
10.840000      9.000000     0.000000   -0.390700     0.0974       4.002800             -5.623896e-01         -100.00
10.840000      9.050000     0.000000   -0.388500     0.0974       4.002900             -5.621896e-01         -100.00
10.840000      9.100000     0.000000   -0.386200     0.0974       4.003100             -5.618896e-01         -100.00
10.840000      9.150000     0.000000   -0.383800     0.0974       4.003300             -5.615896e-01         -100.00
10.840000      9.200000     0.000000   -0.381100     0.0974       4.003500             -5.612896e-01         -100.00
10.840000      9.250000     0.000000   -0.378400     0.0974       4.003700             -5.609896e-01         -100.00
10.840000      9.300000     0.000000   -0.375400     0.0974       4.004000             -5.605896e-01         -100.00
10.840000      9.350000     0.000000   -0.372300     0.0974       4.004300             -5.600896e-01         -100.00
10.840000      9.400000     0.000000   -0.368900     0.0974       4.004600             -5.594896e-01         -100.00
10.840000      9.450000     0.000000   -0.365400     0.0974       4.005000             -5.588896e-01         -100.00
10.840000      9.500000     0.000000   -0.361600     0.0974       4.005500             -5.580896e-01         -100.00
10.840000      9.550000     0.000000   -0.357700     0.0974       4.006100             -5.571896e-01         -100.00
10.840000      9.600000     0.000000   -0.353500     0.0974       4.006700             -5.561896e-01         -100.00
10.840000      9.650000     0.000000   -0.349100     0.0974       4.007500             -5.548896e-01         -100.00
10.860000      8.000000     0.000000   -0.419900     0.0989       4.035200             -5.240896e-01         -100.00
10.860000      8.050000     0.000000   -0.419400     0.0989       4.035200             -5.240896e-01         -100.00
10.860000      8.100000     0.000000   -0.418800     0.0989       4.035300             -5.239896e-01         -100.00
10.860000      8.150000     0.000000   -0.418200     0.0989       4.035300             -5.239896e-01         -100.00
10.860000      8.200000     0.000000   -0.417500     0.0989       4.035300             -5.238896e-01         -100.00
10.860000      8.250000     0.000000   -0.416800     0.0989       4.035400             -5.238896e-01         -100.00
10.860000      8.300000     0.000000   -0.416100     0.0989       4.035400             -5.237896e-01         -100.00
10.860000      8.350000     0.000000   -0.415200     0.0989       4.035500             -5.237896e-01         -100.00
10.860000      8.400000     0.000000   -0.414300     0.0989       4.035500             -5.236896e-01         -100.00
10.860000      8.450000     0.000000   -0.413400     0.0989       4.035600             -5.235896e-01         -100.00
10.860000      8.500000     0.000000   -0.412400     0.0989       4.035600             -5.234896e-01         -100.00
10.860000      8.550000     0.000000   -0.411300     0.0989       4.035700             -5.233896e-01         -100.00
10.860000      8.600000     0.000000   -0.410100     0.0989       4.035800             -5.232896e-01         -100.00
10.860000      8.650000     0.000000   -0.408800     0.0989       4.035800             -5.231896e-01         -100.00
10.860000      8.700000     0.000000   -0.407500     0.0989       4.035900             -5.230896e-01         -100.00
10.860000      8.750000     0.000000   -0.406000     0.0989       4.036000             -5.229896e-01         -100.00
10.860000      8.800000     0.000000   -0.404400     0.0989       4.036100             -5.228896e-01         -100.00
10.860000      8.850000     0.000000   -0.402800     0.0989       4.036200             -5.226896e-01         -100.00
10.860000      8.900000     0.000000   -0.401000     0.0989       4.036300             -5.224896e-01         -100.00
10.860000      8.950000     0.000000   -0.399100     0.0989       4.036400             -5.223896e-01         -100.00
10.860000      9.000000     0.000000   -0.397000     0.0989       4.036600             -5.221896e-01         -100.00
10.860000      9.050000     0.000000   -0.394900     0.0989       4.036700             -5.218896e-01         -100.00
10.860000      9.100000     0.000000   -0.392500     0.0989       4.036900             -5.216896e-01         -100.00
10.860000      9.150000     0.000000   -0.390000     0.0989       4.037100             -5.213896e-01         -100.00
10.860000      9.200000     0.000000   -0.387400     0.0989       4.037300             -5.210896e-01         -100.00
10.860000      9.250000     0.000000   -0.384600     0.0989       4.037500             -5.206896e-01         -100.00
10.860000      9.300000     0.000000   -0.381600     0.0989       4.037800             -5.202896e-01         -100.00
10.860000      9.350000     0.000000   -0.378400     0.0989       4.038100             -5.198896e-01         -100.00
10.860000      9.400000     0.000000   -0.375100     0.0989       4.038400             -5.192896e-01         -100.00
10.860000      9.450000     0.000000   -0.371500     0.0989       4.038800             -5.186896e-01         -100.00
10.860000      9.500000     0.000000   -0.367800     0.0989       4.039300             -5.179896e-01         -100.00
10.860000      9.550000     0.000000   -0.363800     0.0989       4.039800             -5.170896e-01         -100.00
10.860000      9.600000     0.000000   -0.359600     0.0989       4.040500             -5.160896e-01         -100.00
10.860000      9.650000     0.000000   -0.355100     0.0989       4.041200             -5.147896e-01         -100.00
10.880000      8.000000     0.000000   -0.426500     0.1004       4.069000             -4.837896e-01         -100.00
10.880000      8.050000     0.000000   -0.425900     0.1004       4.069100             -4.837896e-01         -100.00
10.880000      8.100000     0.000000   -0.425400     0.1004       4.069100             -4.837896e-01         -100.00
10.880000      8.150000     0.000000   -0.424700     0.1004       4.069100             -4.836896e-01         -100.00
10.880000      8.200000     0.000000   -0.424100     0.1004       4.069200             -4.836896e-01         -100.00
10.880000      8.250000     0.000000   -0.423400     0.1004       4.069200             -4.835896e-01         -100.00
10.880000      8.300000     0.000000   -0.422600     0.1004       4.069300             -4.834896e-01         -100.00
10.880000      8.350000     0.000000   -0.421800     0.1004       4.069300             -4.834896e-01         -100.00
10.880000      8.400000     0.000000   -0.420900     0.1004       4.069400             -4.833896e-01         -100.00
10.880000      8.450000     0.000000   -0.419900     0.1004       4.069400             -4.832896e-01         -100.00
10.880000      8.500000     0.000000   -0.418900     0.1004       4.069500             -4.832896e-01         -100.00
10.880000      8.550000     0.000000   -0.417800     0.1004       4.069500             -4.831896e-01         -100.00
10.880000      8.600000     0.000000   -0.416600     0.1004       4.069600             -4.830896e-01         -100.00
10.880000      8.650000     0.000000   -0.415300     0.1004       4.069700             -4.829896e-01         -100.00
10.880000      8.700000     0.000000   -0.414000     0.1004       4.069700             -4.828896e-01         -100.00
10.880000      8.750000     0.000000   -0.412500     0.1004       4.069800             -4.826896e-01         -100.00
10.880000      8.800000     0.000000   -0.410900     0.1004       4.069900             -4.825896e-01         -100.00
10.880000      8.850000     0.000000   -0.409200     0.1004       4.070000             -4.823896e-01         -100.00
10.880000      8.900000     0.000000   -0.407400     0.1004       4.070100             -4.822896e-01         -100.00
10.880000      8.950000     0.000000   -0.405500     0.1004       4.070300             -4.820896e-01         -100.00
10.880000      9.000000     0.000000   -0.403500     0.1004       4.070400             -4.818896e-01         -100.00
10.880000      9.050000     0.000000   -0.401300     0.1004       4.070500             -4.816896e-01         -100.00
10.880000      9.100000     0.000000   -0.398900     0.1004       4.070700             -4.813896e-01         -100.00
10.880000      9.150000     0.000000   -0.396400     0.1004       4.070900             -4.811896e-01         -100.00
10.880000      9.200000     0.000000   -0.393800     0.1004       4.071100             -4.808896e-01         -100.00
10.880000      9.250000     0.000000   -0.390900     0.1004       4.071300             -4.804896e-01         -100.00
10.880000      9.300000     0.000000   -0.387900     0.1004       4.071600             -4.800896e-01         -100.00
10.880000      9.350000     0.000000   -0.384700     0.1004       4.071900             -4.796896e-01         -100.00
10.880000      9.400000     0.000000   -0.381400     0.1004       4.072200             -4.790896e-01         -100.00
10.880000      9.450000     0.000000   -0.377800     0.1004       4.072600             -4.784896e-01         -100.00
10.880000      9.500000     0.000000   -0.374000     0.1004       4.073000             -4.777896e-01         -100.00
10.880000      9.550000     0.000000   -0.370000     0.1004       4.073600             -4.768896e-01         -100.00
10.880000      9.600000     0.000000   -0.365700     0.1004       4.074200             -4.758896e-01         -100.00
10.880000      9.650000     0.000000   -0.361300     0.1004       4.074900             -4.746896e-01         -100.00
10.900000      8.000000     0.000000   -0.433100     0.1020       4.102900             -4.434896e-01         -100.00
10.900000      8.050000     0.000000   -0.432600     0.1020       4.102900             -4.434896e-01         -100.00
10.900000      8.100000     0.000000   -0.432000     0.1020       4.102900             -4.434896e-01         -100.00
10.900000      8.150000     0.000000   -0.431400     0.1020       4.103000             -4.433896e-01         -100.00
10.900000      8.200000     0.000000   -0.430700     0.1020       4.103000             -4.433896e-01         -100.00
10.900000      8.250000     0.000000   -0.430000     0.1020       4.103000             -4.432896e-01         -100.00
10.900000      8.300000     0.000000   -0.429200     0.1020       4.103100             -4.432896e-01         -100.00
10.900000      8.350000     0.000000   -0.428400     0.1020       4.103100             -4.431896e-01         -100.00
10.900000      8.400000     0.000000   -0.427500     0.1020       4.103200             -4.430896e-01         -100.00
10.900000      8.450000     0.000000   -0.426600     0.1020       4.103200             -4.430896e-01         -100.00
10.900000      8.500000     0.000000   -0.425500     0.1020       4.103300             -4.429896e-01         -100.00
10.900000      8.550000     0.000000   -0.424400     0.1020       4.103400             -4.428896e-01         -100.00
10.900000      8.600000     0.000000   -0.423200     0.1020       4.103400             -4.427896e-01         -100.00
10.900000      8.650000     0.000000   -0.421900     0.1020       4.103500             -4.426896e-01         -100.00
10.900000      8.700000     0.000000   -0.420600     0.1020       4.103600             -4.425896e-01         -100.00
10.900000      8.750000     0.000000   -0.419100     0.1020       4.103700             -4.424896e-01         -100.00
10.900000      8.800000     0.000000   -0.417500     0.1020       4.103700             -4.422896e-01         -100.00
10.900000      8.850000     0.000000   -0.415800     0.1020       4.103800             -4.421896e-01         -100.00
10.900000      8.900000     0.000000   -0.414000     0.1020       4.104000             -4.419896e-01         -100.00
10.900000      8.950000     0.000000   -0.412100     0.1020       4.104100             -4.417896e-01         -100.00
10.900000      9.000000     0.000000   -0.410000     0.1020       4.104200             -4.415896e-01         -100.00
10.900000      9.050000     0.000000   -0.407800     0.1020       4.104400             -4.413896e-01         -100.00
10.900000      9.100000     0.000000   -0.405400     0.1020       4.104500             -4.411896e-01         -100.00
10.900000      9.150000     0.000000   -0.402900     0.1020       4.104700             -4.408896e-01         -100.00
10.900000      9.200000     0.000000   -0.400200     0.1020       4.104900             -4.405896e-01         -100.00
10.900000      9.250000     0.000000   -0.397400     0.1020       4.105100             -4.402896e-01         -100.00
10.900000      9.300000     0.000000   -0.394400     0.1020       4.105400             -4.398896e-01         -100.00
10.900000      9.350000     0.000000   -0.391100     0.1020       4.105700             -4.393896e-01         -100.00
10.900000      9.400000     0.000000   -0.387700     0.1020       4.106000             -4.388896e-01         -100.00
10.900000      9.450000     0.000000   -0.384100     0.1020       4.106400             -4.382896e-01         -100.00
10.900000      9.500000     0.000000   -0.380300     0.1020       4.106800             -4.375896e-01         -100.00
10.900000      9.550000     0.000000   -0.376200     0.1020       4.107300             -4.367896e-01         -100.00
10.900000      9.600000     0.000000   -0.372000     0.1020       4.107900             -4.357896e-01         -100.00
10.900000      9.650000     0.000000   -0.367500     0.1020       4.108700             -4.345896e-01         -100.00
10.920000      8.000000     0.000000   -0.439900     0.1035       4.136700             -4.032896e-01         -100.00
10.920000      8.050000     0.000000   -0.439400     0.1035       4.136800             -4.031896e-01         -100.00
10.920000      8.100000     0.000000   -0.438800     0.1035       4.136800             -4.031896e-01         -100.00
10.920000      8.150000     0.000000   -0.438200     0.1035       4.136800             -4.030896e-01         -100.00
10.920000      8.200000     0.000000   -0.437500     0.1035       4.136900             -4.030896e-01         -100.00
10.920000      8.250000     0.000000   -0.436800     0.1035       4.136900             -4.029896e-01         -100.00
10.920000      8.300000     0.000000   -0.436000     0.1035       4.136900             -4.029896e-01         -100.00
10.920000      8.350000     0.000000   -0.435200     0.1035       4.137000             -4.028896e-01         -100.00
10.920000      8.400000     0.000000   -0.434300     0.1035       4.137000             -4.027896e-01         -100.00
10.920000      8.450000     0.000000   -0.433300     0.1035       4.137100             -4.027896e-01         -100.00
10.920000      8.500000     0.000000   -0.432200     0.1035       4.137100             -4.026896e-01         -100.00
10.920000      8.550000     0.000000   -0.431100     0.1035       4.137200             -4.025896e-01         -100.00
10.920000      8.600000     0.000000   -0.429900     0.1035       4.137300             -4.024896e-01         -100.00
10.920000      8.650000     0.000000   -0.428600     0.1035       4.137300             -4.023896e-01         -100.00
10.920000      8.700000     0.000000   -0.427200     0.1035       4.137400             -4.022896e-01         -100.00
10.920000      8.750000     0.000000   -0.425800     0.1035       4.137500             -4.021896e-01         -100.00
10.920000      8.800000     0.000000   -0.424200     0.1035       4.137600             -4.019896e-01         -100.00
10.920000      8.850000     0.000000   -0.422500     0.1035       4.137700             -4.018896e-01         -100.00
10.920000      8.900000     0.000000   -0.420600     0.1035       4.137800             -4.016896e-01         -100.00
10.920000      8.950000     0.000000   -0.418700     0.1035       4.137900             -4.015896e-01         -100.00
10.920000      9.000000     0.000000   -0.416600     0.1035       4.138000             -4.013896e-01         -100.00
10.920000      9.050000     0.000000   -0.414400     0.1035       4.138200             -4.011896e-01         -100.00
10.920000      9.100000     0.000000   -0.412000     0.1035       4.138300             -4.008896e-01         -100.00
10.920000      9.150000     0.000000   -0.409500     0.1035       4.138500             -4.006896e-01         -100.00
10.920000      9.200000     0.000000   -0.406800     0.1035       4.138700             -4.003896e-01         -100.00
10.920000      9.250000     0.000000   -0.403900     0.1035       4.138900             -3.999896e-01         -100.00
10.920000      9.300000     0.000000   -0.400900     0.1035       4.139200             -3.995896e-01         -100.00
10.920000      9.350000     0.000000   -0.397600     0.1035       4.139500             -3.991896e-01         -100.00
10.920000      9.400000     0.000000   -0.394200     0.1035       4.139800             -3.986896e-01         -100.00
10.920000      9.450000     0.000000   -0.390600     0.1035       4.140200             -3.980896e-01         -100.00
10.920000      9.500000     0.000000   -0.386700     0.1035       4.140600             -3.973896e-01         -100.00
10.920000      9.550000     0.000000   -0.382600     0.1035       4.141100             -3.965896e-01         -100.00
10.920000      9.600000     0.000000   -0.378300     0.1035       4.141700             -3.955896e-01         -100.00
10.920000      9.650000     0.000000   -0.373800     0.1035       4.142400             -3.944896e-01         -100.00
10.940000      8.000000     0.000000   -0.446800     0.1051       4.170600             -3.628896e-01         -100.00
10.940000      8.050000     0.000000   -0.446200     0.1051       4.170600             -3.628896e-01         -100.00
10.940000      8.100000     0.000000   -0.445600     0.1051       4.170600             -3.628896e-01         -100.00
10.940000      8.150000     0.000000   -0.445000     0.1051       4.170700             -3.627896e-01         -100.00
10.940000      8.200000     0.000000   -0.444300     0.1051       4.170700             -3.627896e-01         -100.00
10.940000      8.250000     0.000000   -0.443600     0.1051       4.170700             -3.626896e-01         -100.00
10.940000      8.300000     0.000000   -0.442800     0.1051       4.170800             -3.626896e-01         -100.00
10.940000      8.350000     0.000000   -0.442000     0.1051       4.170800             -3.625896e-01         -100.00
10.940000      8.400000     0.000000   -0.441100     0.1051       4.170900             -3.624896e-01         -100.00
10.940000      8.450000     0.000000   -0.440100     0.1051       4.170900             -3.624896e-01         -100.00
10.940000      8.500000     0.000000   -0.439100     0.1051       4.171000             -3.623896e-01         -100.00
10.940000      8.550000     0.000000   -0.437900     0.1051       4.171000             -3.622896e-01         -100.00
10.940000      8.600000     0.000000   -0.436700     0.1051       4.171100             -3.621896e-01         -100.00
10.940000      8.650000     0.000000   -0.435400     0.1051       4.171200             -3.620896e-01         -100.00
10.940000      8.700000     0.000000   -0.434100     0.1051       4.171200             -3.619896e-01         -100.00
10.940000      8.750000     0.000000   -0.432600     0.1051       4.171300             -3.618896e-01         -100.00
10.940000      8.800000     0.000000   -0.431000     0.1051       4.171400             -3.616896e-01         -100.00
10.940000      8.850000     0.000000   -0.429200     0.1051       4.171500             -3.615896e-01         -100.00
10.940000      8.900000     0.000000   -0.427400     0.1051       4.171600             -3.613896e-01         -100.00
10.940000      8.950000     0.000000   -0.425400     0.1051       4.171700             -3.612896e-01         -100.00
10.940000      9.000000     0.000000   -0.423400     0.1051       4.171900             -3.610896e-01         -100.00
10.940000      9.050000     0.000000   -0.421100     0.1051       4.172000             -3.608896e-01         -100.00
10.940000      9.100000     0.000000   -0.418700     0.1051       4.172200             -3.605896e-01         -100.00
10.940000      9.150000     0.000000   -0.416200     0.1051       4.172300             -3.603896e-01         -100.00
10.940000      9.200000     0.000000   -0.413500     0.1051       4.172500             -3.600896e-01         -100.00
10.940000      9.250000     0.000000   -0.410600     0.1051       4.172800             -3.596896e-01         -100.00
10.940000      9.300000     0.000000   -0.407500     0.1051       4.173000             -3.593896e-01         -100.00
10.940000      9.350000     0.000000   -0.404200     0.1051       4.173300             -3.588896e-01         -100.00
10.940000      9.400000     0.000000   -0.400800     0.1051       4.173600             -3.583896e-01         -100.00
10.940000      9.450000     0.000000   -0.397100     0.1051       4.174000             -3.577896e-01         -100.00
10.940000      9.500000     0.000000   -0.393200     0.1051       4.174400             -3.571896e-01         -100.00
10.940000      9.550000     0.000000   -0.389100     0.1051       4.174900             -3.563896e-01         -100.00
10.940000      9.600000     0.000000   -0.384800     0.1051       4.175500             -3.553896e-01         -100.00
10.940000      9.650000     0.000000   -0.380200     0.1051       4.176200             -3.542896e-01         -100.00
10.960000      8.000000     0.000000   -0.453700     0.1068       4.204400             -3.225896e-01         -100.00
10.960000      8.050000     0.000000   -0.453200     0.1068       4.204400             -3.225896e-01         -100.00
10.960000      8.100000     0.000000   -0.452600     0.1068       4.204500             -3.224896e-01         -100.00
10.960000      8.150000     0.000000   -0.452000     0.1068       4.204500             -3.224896e-01         -100.00
10.960000      8.200000     0.000000   -0.451300     0.1068       4.204500             -3.223896e-01         -100.00
10.960000      8.250000     0.000000   -0.450600     0.1068       4.204600             -3.223896e-01         -100.00
10.960000      8.300000     0.000000   -0.449800     0.1068       4.204600             -3.222896e-01         -100.00
10.960000      8.350000     0.000000   -0.449000     0.1068       4.204700             -3.222896e-01         -100.00
10.960000      8.400000     0.000000   -0.448000     0.1068       4.204700             -3.221896e-01         -100.00
10.960000      8.450000     0.000000   -0.447100     0.1068       4.204800             -3.220896e-01         -100.00
10.960000      8.500000     0.000000   -0.446000     0.1068       4.204800             -3.220896e-01         -100.00
10.960000      8.550000     0.000000   -0.444900     0.1068       4.204900             -3.219896e-01         -100.00
10.960000      8.600000     0.000000   -0.443700     0.1068       4.204900             -3.218896e-01         -100.00
10.960000      8.650000     0.000000   -0.442400     0.1068       4.205000             -3.217896e-01         -100.00
10.960000      8.700000     0.000000   -0.441000     0.1068       4.205100             -3.216896e-01         -100.00
10.960000      8.750000     0.000000   -0.439500     0.1068       4.205200             -3.215896e-01         -100.00
10.960000      8.800000     0.000000   -0.437800     0.1068       4.205300             -3.213896e-01         -100.00
10.960000      8.850000     0.000000   -0.436100     0.1068       4.205400             -3.212896e-01         -100.00
10.960000      8.900000     0.000000   -0.434300     0.1068       4.205500             -3.210896e-01         -100.00
10.960000      8.950000     0.000000   -0.432300     0.1068       4.205600             -3.209896e-01         -100.00
10.960000      9.000000     0.000000   -0.430200     0.1068       4.205700             -3.207896e-01         -100.00
10.960000      9.050000     0.000000   -0.427900     0.1068       4.205800             -3.205896e-01         -100.00
10.960000      9.100000     0.000000   -0.425500     0.1068       4.206000             -3.202896e-01         -100.00
10.960000      9.150000     0.000000   -0.423000     0.1068       4.206200             -3.200896e-01         -100.00
10.960000      9.200000     0.000000   -0.420200     0.1068       4.206400             -3.197896e-01         -100.00
10.960000      9.250000     0.000000   -0.417300     0.1068       4.206600             -3.194896e-01         -100.00
10.960000      9.300000     0.000000   -0.414200     0.1068       4.206800             -3.190896e-01         -100.00
10.960000      9.350000     0.000000   -0.410900     0.1068       4.207100             -3.186896e-01         -100.00
10.960000      9.400000     0.000000   -0.407500     0.1068       4.207400             -3.181896e-01         -100.00
10.960000      9.450000     0.000000   -0.403800     0.1068       4.207800             -3.175896e-01         -100.00
10.960000      9.500000     0.000000   -0.399800     0.1068       4.208200             -3.168896e-01         -100.00
10.960000      9.550000     0.000000   -0.395700     0.1068       4.208700             -3.161896e-01         -100.00
10.960000      9.600000     0.000000   -0.391300     0.1068       4.209200             -3.151896e-01         -100.00
10.960000      9.650000     0.000000   -0.386700     0.1068       4.209900             -3.140896e-01         -100.00
10.980000      8.000000     0.000000   -0.460800     0.1084       4.238300             -2.822896e-01         -100.00
10.980000      8.050000     0.000000   -0.460300     0.1084       4.238300             -2.822896e-01         -100.00
10.980000      8.100000     0.000000   -0.459700     0.1084       4.238300             -2.821896e-01         -100.00
10.980000      8.150000     0.000000   -0.459100     0.1084       4.238400             -2.821896e-01         -100.00
10.980000      8.200000     0.000000   -0.458400     0.1084       4.238400             -2.820896e-01         -100.00
10.980000      8.250000     0.000000   -0.457700     0.1084       4.238400             -2.820896e-01         -100.00
10.980000      8.300000     0.000000   -0.456900     0.1084       4.238500             -2.819896e-01         -100.00
10.980000      8.350000     0.000000   -0.456000     0.1084       4.238500             -2.819896e-01         -100.00
10.980000      8.400000     0.000000   -0.455100     0.1084       4.238600             -2.818896e-01         -100.00
10.980000      8.450000     0.000000   -0.454100     0.1084       4.238600             -2.817896e-01         -100.00
10.980000      8.500000     0.000000   -0.453100     0.1084       4.238700             -2.816896e-01         -100.00
10.980000      8.550000     0.000000   -0.451900     0.1084       4.238700             -2.816896e-01         -100.00
10.980000      8.600000     0.000000   -0.450700     0.1084       4.238800             -2.815896e-01         -100.00
10.980000      8.650000     0.000000   -0.449400     0.1084       4.238900             -2.814896e-01         -100.00
10.980000      8.700000     0.000000   -0.448000     0.1084       4.238900             -2.813896e-01         -100.00
10.980000      8.750000     0.000000   -0.446500     0.1084       4.239000             -2.811896e-01         -100.00
10.980000      8.800000     0.000000   -0.444800     0.1084       4.239100             -2.810896e-01         -100.00
10.980000      8.850000     0.000000   -0.443100     0.1084       4.239200             -2.809896e-01         -100.00
10.980000      8.900000     0.000000   -0.441300     0.1084       4.239300             -2.807896e-01         -100.00
10.980000      8.950000     0.000000   -0.439300     0.1084       4.239400             -2.806896e-01         -100.00
10.980000      9.000000     0.000000   -0.437100     0.1084       4.239500             -2.804896e-01         -100.00
10.980000      9.050000     0.000000   -0.434900     0.1084       4.239700             -2.802896e-01         -100.00
10.980000      9.100000     0.000000   -0.432500     0.1084       4.239800             -2.799896e-01         -100.00
10.980000      9.150000     0.000000   -0.429900     0.1084       4.240000             -2.797896e-01         -100.00
10.980000      9.200000     0.000000   -0.427100     0.1084       4.240200             -2.794896e-01         -100.00
10.980000      9.250000     0.000000   -0.424200     0.1084       4.240400             -2.791896e-01         -100.00
10.980000      9.300000     0.000000   -0.421100     0.1084       4.240600             -2.787896e-01         -100.00
10.980000      9.350000     0.000000   -0.417800     0.1084       4.240900             -2.783896e-01         -100.00
10.980000      9.400000     0.000000   -0.414200     0.1084       4.241200             -2.778896e-01         -100.00
10.980000      9.450000     0.000000   -0.410500     0.1084       4.241600             -2.772896e-01         -100.00
10.980000      9.500000     0.000000   -0.406600     0.1084       4.242000             -2.766896e-01         -100.00
10.980000      9.550000     0.000000   -0.402400     0.1084       4.242500             -2.758896e-01         -100.00
10.980000      9.600000     0.000000   -0.398000     0.1084       4.243000             -2.749896e-01         -100.00
10.980000      9.650000     0.000000   -0.393300     0.1084       4.243700             -2.739896e-01         -100.00
11.000000      8.000000     0.000000   -0.468000     0.1101       4.272100             -2.419896e-01         -100.00
11.000000      8.050000     0.000000   -0.467500     0.1101       4.272200             -2.418896e-01         -100.00
11.000000      8.100000     0.000000   -0.466900     0.1101       4.272200             -2.418896e-01         -100.00
11.000000      8.150000     0.000000   -0.466300     0.1101       4.272200             -2.417896e-01         -100.00
11.000000      8.200000     0.000000   -0.465600     0.1101       4.272300             -2.417896e-01         -100.00
11.000000      8.250000     0.000000   -0.464800     0.1101       4.272300             -2.416896e-01         -100.00
11.000000      8.300000     0.000000   -0.464000     0.1101       4.272300             -2.416896e-01         -100.00
11.000000      8.350000     0.000000   -0.463200     0.1101       4.272400             -2.415896e-01         -100.00
11.000000      8.400000     0.000000   -0.462300     0.1101       4.272400             -2.415896e-01         -100.00
11.000000      8.450000     0.000000   -0.461300     0.1101       4.272500             -2.414896e-01         -100.00
11.000000      8.500000     0.000000   -0.460200     0.1101       4.272500             -2.413896e-01         -100.00
11.000000      8.550000     0.000000   -0.459100     0.1101       4.272600             -2.412896e-01         -100.00
11.000000      8.600000     0.000000   -0.457800     0.1101       4.272600             -2.411896e-01         -100.00
11.000000      8.650000     0.000000   -0.456500     0.1101       4.272700             -2.410896e-01         -100.00
11.000000      8.700000     0.000000   -0.455100     0.1101       4.272800             -2.409896e-01         -100.00
11.000000      8.750000     0.000000   -0.453600     0.1101       4.272900             -2.408896e-01         -100.00
11.000000      8.800000     0.000000   -0.452000     0.1101       4.272900             -2.407896e-01         -100.00
11.000000      8.850000     0.000000   -0.450200     0.1101       4.273000             -2.405896e-01         -100.00
11.000000      8.900000     0.000000   -0.448300     0.1101       4.273100             -2.404896e-01         -100.00
11.000000      8.950000     0.000000   -0.446300     0.1101       4.273300             -2.402896e-01         -100.00
11.000000      9.000000     0.000000   -0.444200     0.1101       4.273400             -2.401896e-01         -100.00
11.000000      9.050000     0.000000   -0.441900     0.1101       4.273500             -2.398896e-01         -100.00
11.000000      9.100000     0.000000   -0.439500     0.1101       4.273700             -2.396896e-01         -100.00
11.000000      9.150000     0.000000   -0.436900     0.1101       4.273800             -2.394896e-01         -100.00
11.000000      9.200000     0.000000   -0.434100     0.1101       4.274000             -2.391896e-01         -100.00
11.000000      9.250000     0.000000   -0.431200     0.1101       4.274200             -2.388896e-01         -100.00
11.000000      9.300000     0.000000   -0.428000     0.1101       4.274500             -2.384896e-01         -100.00
11.000000      9.350000     0.000000   -0.424700     0.1101       4.274700             -2.380896e-01         -100.00
11.000000      9.400000     0.000000   -0.421100     0.1101       4.275000             -2.375896e-01         -100.00
11.000000      9.450000     0.000000   -0.417400     0.1101       4.275400             -2.370896e-01         -100.00
11.000000      9.500000     0.000000   -0.413400     0.1101       4.275800             -2.363896e-01         -100.00
11.000000      9.550000     0.000000   -0.409200     0.1101       4.276300             -2.356896e-01         -100.00
11.000000      9.600000     0.000000   -0.404700     0.1101       4.276800             -2.347896e-01         -100.00
11.000000      9.650000     0.000000   -0.400000     0.1101       4.277400             -2.337896e-01         -100.00
