!13C to 13N bdecay
!From ../13c-13n_betadecay.dat compiled by GMP from Schwab et al. 2017
!Experimental data used from Zegers et al. 2008
!
!Log(rhoY)       Log(T)        mu        dQ           Vs           Log(beta-decay-rate)   nu-energy-loss    gamma-energy
!Log(g/cm^3)     Log(K)        erg       erg          erg          Log(1/s)               Log(erg/s)        Log(erg/s)
8.000000       8.000000     0.000000   0.044400     0.0112       -99.999000           -1.057943e+02         -100.00
8.000000       8.050000     0.000000   0.044200     0.0112       -99.999000           -1.057943e+02         -100.00
8.000000       8.100000     0.000000   0.043900     0.0112       -99.999000           -1.057943e+02         -100.00
8.000000       8.150000     0.000000   0.043700     0.0112       -99.999000           -1.057943e+02         -100.00
8.000000       8.200000     0.000000   0.043400     0.0112       -99.999000           -1.057943e+02         -100.00
8.000000       8.250000     0.000000   0.043100     0.0112       -99.999000           -1.057943e+02         -100.00
8.000000       8.300000     0.000000   0.042800     0.0112       -99.999000           -1.057943e+02         -100.00
8.000000       8.350000     0.000000   0.042500     0.0112       -99.999000           -1.057943e+02         -100.00
8.000000       8.400000     0.000000   0.042100     0.0112       -99.999000           -9.594009e+01         -100.00
8.000000       8.450000     0.000000   0.041700     0.0112       -99.999000           -8.678719e+01         -100.00
8.000000       8.500000     0.000000   0.041300     0.0112       -99.999000           -7.860589e+01         -100.00
8.000000       8.550000     0.000000   0.040900     0.0112       -99.999000           -7.129039e+01         -100.00
8.000000       8.600000     0.000000   0.040500     0.0112       -99.999000           -6.474629e+01         -100.00
8.000000       8.650000     0.000000   0.040000     0.0112       -99.999000           -5.888959e+01         -100.00
8.000000       8.700000     0.000000   0.039500     0.0112       -99.999000           -5.364509e+01         -100.00
8.000000       8.750000     0.000000   0.039000     0.0112       -99.999000           -4.894619e+01         -100.00
8.000000       8.800000     0.000000   0.038400     0.0112       -99.999000           -4.473319e+01         -100.00
8.000000       8.850000     0.000000   0.037900     0.0112       -99.999000           -4.095289e+01         -100.00
8.000000       8.900000     0.000000   0.037300     0.0112       -99.999000           -3.755799e+01         -100.00
8.000000       8.950000     0.000000   0.036600     0.0112       -99.999000           -3.450609e+01         -100.00
8.000000       9.000000     0.000000   0.036000     0.0112       -99.999000           -3.175949e+01         -100.00
8.000000       9.050000     0.000000   0.035300     0.0112       -99.999000           -2.928469e+01         -100.00
8.000000       9.100000     0.000000   0.034600     0.0112       -99.999000           -2.705149e+01         -100.00
8.000000       9.150000     0.000000   0.033800     0.0112       -99.999000           -2.503329e+01         -100.00
8.000000       9.200000     0.000000   0.033100     0.0112       -99.999000           -2.320599e+01         -100.00
8.000000       9.250000     0.000000   0.032300     0.0112       -99.999000           -2.154829e+01         -100.00
8.000000       9.300000     0.000000   0.031500     0.0112       -99.999000           -2.004119e+01         -100.00
8.000000       9.350000     0.000000   0.032100     0.0112       -99.999000           -1.866489e+01         -100.00
8.000000       9.400000     0.000000   0.031400     0.0112       -99.999000           -1.740969e+01         -100.00
8.000000       9.450000     0.000000   0.028900     0.0112       -99.999000           -1.626199e+01         -100.00
8.000000       9.500000     0.000000   0.028000     0.0112       -99.999000           -1.520409e+01         -100.00
8.000000       9.550000     0.000000   0.027000     0.0112       -99.999000           -1.422789e+01         -100.00
8.000000       9.600000     0.000000   0.026100     0.0112       -99.999000           -1.332369e+01         -100.00
8.000000       9.650000     0.000000   0.025100     0.0112       -99.999000           -1.248259e+01         -100.00
8.020000       8.000000     0.000000   0.045100     0.0113       -99.999000           -1.057943e+02         -100.00
8.020000       8.050000     0.000000   0.044900     0.0113       -99.999000           -1.057943e+02         -100.00
8.020000       8.100000     0.000000   0.044700     0.0113       -99.999000           -1.057943e+02         -100.00
8.020000       8.150000     0.000000   0.044400     0.0113       -99.999000           -1.057943e+02         -100.00
8.020000       8.200000     0.000000   0.044100     0.0113       -99.999000           -1.057943e+02         -100.00
8.020000       8.250000     0.000000   0.043800     0.0113       -99.999000           -1.057943e+02         -100.00
8.020000       8.300000     0.000000   0.043500     0.0113       -99.999000           -1.057943e+02         -100.00
8.020000       8.350000     0.000000   0.043200     0.0113       -99.999000           -1.057943e+02         -100.00
8.020000       8.400000     0.000000   0.042800     0.0113       -99.999000           -9.664979e+01         -100.00
8.020000       8.450000     0.000000   0.042400     0.0113       -99.999000           -8.741979e+01         -100.00
8.020000       8.500000     0.000000   0.042000     0.0113       -99.999000           -7.916989e+01         -100.00
8.020000       8.550000     0.000000   0.041600     0.0113       -99.999000           -7.179319e+01         -100.00
8.020000       8.600000     0.000000   0.041200     0.0113       -99.999000           -6.519449e+01         -100.00
8.020000       8.650000     0.000000   0.040700     0.0113       -99.999000           -5.928919e+01         -100.00
8.020000       8.700000     0.000000   0.040200     0.0113       -99.999000           -5.400149e+01         -100.00
8.020000       8.750000     0.000000   0.039700     0.0113       -99.999000           -4.926389e+01         -100.00
8.020000       8.800000     0.000000   0.039100     0.0113       -99.999000           -4.501649e+01         -100.00
8.020000       8.850000     0.000000   0.038500     0.0113       -99.999000           -4.120559e+01         -100.00
8.020000       8.900000     0.000000   0.037900     0.0113       -99.999000           -3.778339e+01         -100.00
8.020000       8.950000     0.000000   0.037300     0.0113       -99.999000           -3.470719e+01         -100.00
8.020000       9.000000     0.000000   0.036600     0.0113       -99.999000           -3.193899e+01         -100.00
8.020000       9.050000     0.000000   0.035900     0.0113       -99.999000           -2.944489e+01         -100.00
8.020000       9.100000     0.000000   0.035200     0.0113       -99.999000           -2.719449e+01         -100.00
8.020000       9.150000     0.000000   0.034500     0.0113       -99.999000           -2.516099e+01         -100.00
8.020000       9.200000     0.000000   0.033700     0.0113       -99.999000           -2.332009e+01         -100.00
8.020000       9.250000     0.000000   0.032900     0.0113       -99.999000           -2.165039e+01         -100.00
8.020000       9.300000     0.000000   0.032100     0.0113       -99.999000           -2.013259e+01         -100.00
8.020000       9.350000     0.000000   0.032700     0.0113       -99.999000           -1.874669e+01         -100.00
8.020000       9.400000     0.000000   0.032000     0.0113       -99.999000           -1.748299e+01         -100.00
8.020000       9.450000     0.000000   0.029500     0.0113       -99.999000           -1.632779e+01         -100.00
8.020000       9.500000     0.000000   0.028500     0.0113       -99.999000           -1.526329e+01         -100.00
8.020000       9.550000     0.000000   0.027600     0.0113       -99.999000           -1.428129e+01         -100.00
8.020000       9.600000     0.000000   0.026600     0.0113       -99.999000           -1.337189e+01         -100.00
8.020000       9.650000     0.000000   0.025600     0.0113       -99.999000           -1.252629e+01         -100.00
8.040000       8.000000     0.000000   0.045900     0.0115       -99.999000           -1.057943e+02         -100.00
8.040000       8.050000     0.000000   0.045600     0.0115       -99.999000           -1.057943e+02         -100.00
8.040000       8.100000     0.000000   0.045400     0.0115       -99.999000           -1.057943e+02         -100.00
8.040000       8.150000     0.000000   0.045100     0.0115       -99.999000           -1.057943e+02         -100.00
8.040000       8.200000     0.000000   0.044800     0.0115       -99.999000           -1.057943e+02         -100.00
8.040000       8.250000     0.000000   0.044500     0.0115       -99.999000           -1.057943e+02         -100.00
8.040000       8.300000     0.000000   0.044200     0.0115       -99.999000           -1.057943e+02         -100.00
8.040000       8.350000     0.000000   0.043900     0.0115       -99.999000           -1.057943e+02         -100.00
8.040000       8.400000     0.000000   0.043500     0.0115       -99.999000           -9.737079e+01         -100.00
8.040000       8.450000     0.000000   0.043100     0.0115       -99.999000           -8.806259e+01         -100.00
8.040000       8.500000     0.000000   0.042700     0.0115       -99.999000           -7.974289e+01         -100.00
8.040000       8.550000     0.000000   0.042300     0.0115       -99.999000           -7.230399e+01         -100.00
8.040000       8.600000     0.000000   0.041900     0.0115       -99.999000           -6.564999e+01         -100.00
8.040000       8.650000     0.000000   0.041400     0.0115       -99.999000           -5.969519e+01         -100.00
8.040000       8.700000     0.000000   0.040900     0.0115       -99.999000           -5.436349e+01         -100.00
8.040000       8.750000     0.000000   0.040400     0.0115       -99.999000           -4.958679e+01         -100.00
8.040000       8.800000     0.000000   0.039800     0.0115       -99.999000           -4.530439e+01         -100.00
8.040000       8.850000     0.000000   0.039200     0.0115       -99.999000           -4.146239e+01         -100.00
8.040000       8.900000     0.000000   0.038600     0.0115       -99.999000           -3.801239e+01         -100.00
8.040000       8.950000     0.000000   0.038000     0.0115       -99.999000           -3.491149e+01         -100.00
8.040000       9.000000     0.000000   0.037300     0.0115       -99.999000           -3.212129e+01         -100.00
8.040000       9.050000     0.000000   0.036600     0.0115       -99.999000           -2.960759e+01         -100.00
8.040000       9.100000     0.000000   0.035900     0.0115       -99.999000           -2.733979e+01         -100.00
8.040000       9.150000     0.000000   0.035100     0.0115       -99.999000           -2.529069e+01         -100.00
8.040000       9.200000     0.000000   0.034300     0.0115       -99.999000           -2.343609e+01         -100.00
8.040000       9.250000     0.000000   0.033500     0.0115       -99.999000           -2.175399e+01         -100.00
8.040000       9.300000     0.000000   0.032700     0.0115       -99.999000           -2.022529e+01         -100.00
8.040000       9.350000     0.000000   0.033300     0.0115       -99.999000           -1.882969e+01         -100.00
8.040000       9.400000     0.000000   0.032600     0.0115       -99.999000           -1.755749e+01         -100.00
8.040000       9.450000     0.000000   0.030000     0.0115       -99.999000           -1.639469e+01         -100.00
8.040000       9.500000     0.000000   0.029100     0.0115       -99.999000           -1.532339e+01         -100.00
8.040000       9.550000     0.000000   0.028100     0.0115       -99.999000           -1.433539e+01         -100.00
8.040000       9.600000     0.000000   0.027100     0.0115       -99.999000           -1.342079e+01         -100.00
8.040000       9.650000     0.000000   0.026100     0.0115       -99.999000           -1.257059e+01         -100.00
8.060000       8.000000     0.000000   0.046600     0.0117       -99.999000           -1.057943e+02         -100.00
8.060000       8.050000     0.000000   0.046400     0.0117       -99.999000           -1.057943e+02         -100.00
8.060000       8.100000     0.000000   0.046100     0.0117       -99.999000           -1.057943e+02         -100.00
8.060000       8.150000     0.000000   0.045900     0.0117       -99.999000           -1.057943e+02         -100.00
8.060000       8.200000     0.000000   0.045600     0.0117       -99.999000           -1.057943e+02         -100.00
8.060000       8.250000     0.000000   0.045300     0.0117       -99.999000           -1.057943e+02         -100.00
8.060000       8.300000     0.000000   0.045000     0.0117       -99.999000           -1.057943e+02         -100.00
8.060000       8.350000     0.000000   0.044600     0.0117       -99.999000           -1.057943e+02         -100.00
8.060000       8.400000     0.000000   0.044200     0.0117       -99.999000           -9.810349e+01         -100.00
8.060000       8.450000     0.000000   0.043900     0.0117       -99.999000           -8.871579e+01         -100.00
8.060000       8.500000     0.000000   0.043500     0.0117       -99.999000           -8.032509e+01         -100.00
8.060000       8.550000     0.000000   0.043000     0.0117       -99.999000           -7.282309e+01         -100.00
8.060000       8.600000     0.000000   0.042600     0.0117       -99.999000           -6.611269e+01         -100.00
8.060000       8.650000     0.000000   0.042100     0.0117       -99.999000           -6.010779e+01         -100.00
8.060000       8.700000     0.000000   0.041600     0.0117       -99.999000           -5.473139e+01         -100.00
8.060000       8.750000     0.000000   0.041000     0.0117       -99.999000           -4.991479e+01         -100.00
8.060000       8.800000     0.000000   0.040500     0.0117       -99.999000           -4.559699e+01         -100.00
8.060000       8.850000     0.000000   0.039900     0.0117       -99.999000           -4.172329e+01         -100.00
8.060000       8.900000     0.000000   0.039300     0.0117       -99.999000           -3.824509e+01         -100.00
8.060000       8.950000     0.000000   0.038600     0.0117       -99.999000           -3.511909e+01         -100.00
8.060000       9.000000     0.000000   0.038000     0.0117       -99.999000           -3.230649e+01         -100.00
8.060000       9.050000     0.000000   0.037200     0.0117       -99.999000           -2.977289e+01         -100.00
8.060000       9.100000     0.000000   0.036500     0.0117       -99.999000           -2.748739e+01         -100.00
8.060000       9.150000     0.000000   0.035800     0.0117       -99.999000           -2.542249e+01         -100.00
8.060000       9.200000     0.000000   0.035000     0.0117       -99.999000           -2.355379e+01         -100.00
8.060000       9.250000     0.000000   0.034200     0.0117       -99.999000           -2.185929e+01         -100.00
8.060000       9.300000     0.000000   0.033300     0.0117       -99.999000           -2.031949e+01         -100.00
8.060000       9.350000     0.000000   0.033900     0.0117       -99.999000           -1.891399e+01         -100.00
8.060000       9.400000     0.000000   0.033200     0.0117       -99.999000           -1.763309e+01         -100.00
8.060000       9.450000     0.000000   0.032500     0.0117       -99.999000           -1.645979e+01         -100.00
8.060000       9.500000     0.000000   0.029700     0.0117       -99.999000           -1.538439e+01         -100.00
8.060000       9.550000     0.000000   0.028700     0.0117       -99.999000           -1.439039e+01         -100.00
8.060000       9.600000     0.000000   0.027700     0.0117       -99.999000           -1.347039e+01         -100.00
8.060000       9.650000     0.000000   0.026700     0.0117       -99.999000           -1.261559e+01         -100.00
8.080000       8.000000     0.000000   0.047400     0.0119       -99.999000           -1.057943e+02         -100.00
8.080000       8.050000     0.000000   0.047100     0.0119       -99.999000           -1.057943e+02         -100.00
8.080000       8.100000     0.000000   0.046900     0.0119       -99.999000           -1.057943e+02         -100.00
8.080000       8.150000     0.000000   0.046600     0.0119       -99.999000           -1.057943e+02         -100.00
8.080000       8.200000     0.000000   0.046300     0.0119       -99.999000           -1.057943e+02         -100.00
8.080000       8.250000     0.000000   0.046000     0.0119       -99.999000           -1.057943e+02         -100.00
8.080000       8.300000     0.000000   0.045700     0.0119       -99.999000           -1.057943e+02         -100.00
8.080000       8.350000     0.000000   0.045300     0.0119       -99.999000           -1.057943e+02         -100.00
8.080000       8.400000     0.000000   0.045000     0.0119       -99.999000           -9.884799e+01         -100.00
8.080000       8.450000     0.000000   0.044600     0.0119       -99.999000           -8.937939e+01         -100.00
8.080000       8.500000     0.000000   0.044200     0.0119       -99.999000           -8.091669e+01         -100.00
8.080000       8.550000     0.000000   0.043800     0.0119       -99.999000           -7.335049e+01         -100.00
8.080000       8.600000     0.000000   0.043300     0.0119       -99.999000           -6.658289e+01         -100.00
8.080000       8.650000     0.000000   0.042800     0.0119       -99.999000           -6.052699e+01         -100.00
8.080000       8.700000     0.000000   0.042300     0.0119       -99.999000           -5.510519e+01         -100.00
8.080000       8.750000     0.000000   0.041800     0.0119       -99.999000           -5.024809e+01         -100.00
8.080000       8.800000     0.000000   0.041200     0.0119       -99.999000           -4.589419e+01         -100.00
8.080000       8.850000     0.000000   0.040600     0.0119       -99.999000           -4.198829e+01         -100.00
8.080000       8.900000     0.000000   0.040000     0.0119       -99.999000           -3.848149e+01         -100.00
8.080000       8.950000     0.000000   0.039300     0.0119       -99.999000           -3.532999e+01         -100.00
8.080000       9.000000     0.000000   0.038600     0.0119       -99.999000           -3.249469e+01         -100.00
8.080000       9.050000     0.000000   0.037900     0.0119       -99.999000           -2.994079e+01         -100.00
8.080000       9.100000     0.000000   0.037200     0.0119       -99.999000           -2.763729e+01         -100.00
8.080000       9.150000     0.000000   0.036400     0.0119       -99.999000           -2.555639e+01         -100.00
8.080000       9.200000     0.000000   0.035600     0.0119       -99.999000           -2.367339e+01         -100.00
8.080000       9.250000     0.000000   0.034800     0.0119       -99.999000           -2.196619e+01         -100.00
8.080000       9.300000     0.000000   0.033900     0.0119       -99.999000           -2.041509e+01         -100.00
8.080000       9.350000     0.000000   0.034500     0.0119       -99.999000           -1.899969e+01         -100.00
8.080000       9.400000     0.000000   0.033800     0.0119       -99.999000           -1.770979e+01         -100.00
8.080000       9.450000     0.000000   0.033100     0.0119       -99.999000           -1.652859e+01         -100.00
8.080000       9.500000     0.000000   0.030300     0.0119       -99.999000           -1.544629e+01         -100.00
8.080000       9.550000     0.000000   0.029300     0.0119       -99.999000           -1.444609e+01         -100.00
8.080000       9.600000     0.000000   0.028300     0.0119       -99.999000           -1.352069e+01         -100.00
8.080000       9.650000     0.000000   0.027200     0.0119       -99.999000           -1.266109e+01         -100.00
8.100000       8.000000     0.000000   0.048100     0.0121       -99.999000           -1.057943e+02         -100.00
8.100000       8.050000     0.000000   0.047900     0.0121       -99.999000           -1.057943e+02         -100.00
8.100000       8.100000     0.000000   0.047600     0.0121       -99.999000           -1.057943e+02         -100.00
8.100000       8.150000     0.000000   0.047400     0.0121       -99.999000           -1.057943e+02         -100.00
8.100000       8.200000     0.000000   0.047100     0.0121       -99.999000           -1.057943e+02         -100.00
8.100000       8.250000     0.000000   0.046800     0.0121       -99.999000           -1.057943e+02         -100.00
8.100000       8.300000     0.000000   0.046400     0.0121       -99.999000           -1.057943e+02         -100.00
8.100000       8.350000     0.000000   0.046100     0.0121       -99.999000           -1.057943e+02         -100.00
8.100000       8.400000     0.000000   0.045700     0.0121       -99.999000           -9.960439e+01         -100.00
8.100000       8.450000     0.000000   0.045300     0.0121       -99.999000           -9.005369e+01         -100.00
8.100000       8.500000     0.000000   0.044900     0.0121       -99.999000           -8.151789e+01         -100.00
8.100000       8.550000     0.000000   0.044500     0.0121       -99.999000           -7.388639e+01         -100.00
8.100000       8.600000     0.000000   0.044000     0.0121       -99.999000           -6.706069e+01         -100.00
8.100000       8.650000     0.000000   0.043500     0.0121       -99.999000           -6.095299e+01         -100.00
8.100000       8.700000     0.000000   0.043000     0.0121       -99.999000           -5.548489e+01         -100.00
8.100000       8.750000     0.000000   0.042500     0.0121       -99.999000           -5.058669e+01         -100.00
8.100000       8.800000     0.000000   0.041900     0.0121       -99.999000           -4.619609e+01         -100.00
8.100000       8.850000     0.000000   0.041300     0.0121       -99.999000           -4.225759e+01         -100.00
8.100000       8.900000     0.000000   0.040700     0.0121       -99.999000           -3.872169e+01         -100.00
8.100000       8.950000     0.000000   0.040000     0.0121       -99.999000           -3.554429e+01         -100.00
8.100000       9.000000     0.000000   0.039300     0.0121       -99.999000           -3.268589e+01         -100.00
8.100000       9.050000     0.000000   0.038600     0.0121       -99.999000           -3.011149e+01         -100.00
8.100000       9.100000     0.000000   0.037900     0.0121       -99.999000           -2.778959e+01         -100.00
8.100000       9.150000     0.000000   0.037100     0.0121       -99.999000           -2.569239e+01         -100.00
8.100000       9.200000     0.000000   0.036300     0.0121       -99.999000           -2.379489e+01         -100.00
8.100000       9.250000     0.000000   0.035400     0.0121       -99.999000           -2.207479e+01         -100.00
8.100000       9.300000     0.000000   0.034600     0.0121       -99.999000           -2.051219e+01         -100.00
8.100000       9.350000     0.000000   0.033700     0.0121       -99.999000           -1.908939e+01         -100.00
8.100000       9.400000     0.000000   0.034400     0.0121       -99.999000           -1.778769e+01         -100.00
8.100000       9.450000     0.000000   0.033700     0.0121       -99.999000           -1.659849e+01         -100.00
8.100000       9.500000     0.000000   0.030900     0.0121       -99.999000           -1.550909e+01         -100.00
8.100000       9.550000     0.000000   0.029900     0.0121       -99.999000           -1.450259e+01         -100.00
8.100000       9.600000     0.000000   0.028800     0.0121       -99.999000           -1.357169e+01         -100.00
8.100000       9.650000     0.000000   0.027800     0.0121       -99.999000           -1.270719e+01         -100.00
8.120000       8.000000     0.000000   0.048900     0.0122       -99.999000           -1.057943e+02         -100.00
8.120000       8.050000     0.000000   0.048700     0.0122       -99.999000           -1.057943e+02         -100.00
8.120000       8.100000     0.000000   0.048400     0.0122       -99.999000           -1.057943e+02         -100.00
8.120000       8.150000     0.000000   0.048100     0.0122       -99.999000           -1.057943e+02         -100.00
8.120000       8.200000     0.000000   0.047800     0.0122       -99.999000           -1.057943e+02         -100.00
8.120000       8.250000     0.000000   0.047500     0.0122       -99.999000           -1.057943e+02         -100.00
8.120000       8.300000     0.000000   0.047200     0.0122       -99.999000           -1.057943e+02         -100.00
8.120000       8.350000     0.000000   0.046900     0.0122       -99.999000           -1.057943e+02         -100.00
8.120000       8.400000     0.000000   0.046500     0.0122       -99.999000           -1.003730e+02         -100.00
8.120000       8.450000     0.000000   0.046100     0.0122       -99.999000           -9.073879e+01         -100.00
8.120000       8.500000     0.000000   0.045700     0.0122       -99.999000           -8.212859e+01         -100.00
8.120000       8.550000     0.000000   0.045200     0.0122       -99.999000           -7.443079e+01         -100.00
8.120000       8.600000     0.000000   0.044800     0.0122       -99.999000           -6.754609e+01         -100.00
8.120000       8.650000     0.000000   0.044300     0.0122       -99.999000           -6.138569e+01         -100.00
8.120000       8.700000     0.000000   0.043800     0.0122       -99.999000           -5.587079e+01         -100.00
8.120000       8.750000     0.000000   0.043200     0.0122       -99.999000           -5.093079e+01         -100.00
8.120000       8.800000     0.000000   0.042600     0.0122       -99.999000           -4.650289e+01         -100.00
8.120000       8.850000     0.000000   0.042000     0.0122       -99.999000           -4.253129e+01         -100.00
8.120000       8.900000     0.000000   0.041400     0.0122       -99.999000           -3.896579e+01         -100.00
8.120000       8.950000     0.000000   0.040700     0.0122       -99.999000           -3.576199e+01         -100.00
8.120000       9.000000     0.000000   0.040000     0.0122       -99.999000           -3.288009e+01         -100.00
8.120000       9.050000     0.000000   0.039300     0.0122       -99.999000           -3.028479e+01         -100.00
8.120000       9.100000     0.000000   0.038500     0.0122       -99.999000           -2.794439e+01         -100.00
8.120000       9.150000     0.000000   0.037800     0.0122       -99.999000           -2.583059e+01         -100.00
8.120000       9.200000     0.000000   0.036900     0.0122       -99.999000           -2.391839e+01         -100.00
8.120000       9.250000     0.000000   0.036100     0.0122       -99.999000           -2.218509e+01         -100.00
8.120000       9.300000     0.000000   0.035200     0.0122       -99.999000           -2.061089e+01         -100.00
8.120000       9.350000     0.000000   0.034300     0.0122       -99.999000           -1.917769e+01         -100.00
8.120000       9.400000     0.000000   0.035100     0.0122       -99.999000           -1.786679e+01         -100.00
8.120000       9.450000     0.000000   0.034300     0.0122       -99.999000           -1.666949e+01         -100.00
8.120000       9.500000     0.000000   0.031500     0.0122       -99.999000           -1.557279e+01         -100.00
8.120000       9.550000     0.000000   0.030500     0.0122       -99.999000           -1.455999e+01         -100.00
8.120000       9.600000     0.000000   0.029400     0.0122       -99.999000           -1.362339e+01         -100.00
8.120000       9.650000     0.000000   0.028400     0.0122       -99.999000           -1.275399e+01         -100.00
8.140000       8.000000     0.000000   0.049700     0.0124       -99.999000           -1.057943e+02         -100.00
8.140000       8.050000     0.000000   0.049400     0.0124       -99.999000           -1.057943e+02         -100.00
8.140000       8.100000     0.000000   0.049200     0.0124       -99.999000           -1.057943e+02         -100.00
8.140000       8.150000     0.000000   0.048900     0.0124       -99.999000           -1.057943e+02         -100.00
8.140000       8.200000     0.000000   0.048600     0.0124       -99.999000           -1.057943e+02         -100.00
8.140000       8.250000     0.000000   0.048300     0.0124       -99.999000           -1.057943e+02         -100.00
8.140000       8.300000     0.000000   0.048000     0.0124       -99.999000           -1.057943e+02         -100.00
8.140000       8.350000     0.000000   0.047600     0.0124       -99.999000           -1.057943e+02         -100.00
8.140000       8.400000     0.000000   0.047300     0.0124       -99.999000           -1.011539e+02         -100.00
8.140000       8.450000     0.000000   0.046900     0.0124       -99.999000           -9.143499e+01         -100.00
8.140000       8.500000     0.000000   0.046400     0.0124       -99.999000           -8.274919e+01         -100.00
8.140000       8.550000     0.000000   0.046000     0.0124       -99.999000           -7.498409e+01         -100.00
8.140000       8.600000     0.000000   0.045500     0.0124       -99.999000           -6.803929e+01         -100.00
8.140000       8.650000     0.000000   0.045000     0.0124       -99.999000           -6.182539e+01         -100.00
8.140000       8.700000     0.000000   0.044500     0.0124       -99.999000           -5.626279e+01         -100.00
8.140000       8.750000     0.000000   0.044000     0.0124       -99.999000           -5.128029e+01         -100.00
8.140000       8.800000     0.000000   0.043400     0.0124       -99.999000           -4.681469e+01         -100.00
8.140000       8.850000     0.000000   0.042800     0.0124       -99.999000           -4.280919e+01         -100.00
8.140000       8.900000     0.000000   0.042100     0.0124       -99.999000           -3.921369e+01         -100.00
8.140000       8.950000     0.000000   0.041400     0.0124       -99.999000           -3.598309e+01         -100.00
8.140000       9.000000     0.000000   0.040700     0.0124       -99.999000           -3.307749e+01         -100.00
8.140000       9.050000     0.000000   0.040000     0.0124       -99.999000           -3.046089e+01         -100.00
8.140000       9.100000     0.000000   0.039200     0.0124       -99.999000           -2.810149e+01         -100.00
8.140000       9.150000     0.000000   0.038500     0.0124       -99.999000           -2.597089e+01         -100.00
8.140000       9.200000     0.000000   0.037600     0.0124       -99.999000           -2.404369e+01         -100.00
8.140000       9.250000     0.000000   0.036800     0.0124       -99.999000           -2.229719e+01         -100.00
8.140000       9.300000     0.000000   0.035900     0.0124       -99.999000           -2.071109e+01         -100.00
8.140000       9.350000     0.000000   0.035000     0.0124       -99.999000           -1.926729e+01         -100.00
8.140000       9.400000     0.000000   0.035700     0.0124       -99.999000           -1.794709e+01         -100.00
8.140000       9.450000     0.000000   0.035000     0.0124       -99.999000           -1.674149e+01         -100.00
8.140000       9.500000     0.000000   0.032100     0.0124       -99.999000           -1.563749e+01         -100.00
8.140000       9.550000     0.000000   0.031100     0.0124       -99.999000           -1.461819e+01         -100.00
8.140000       9.600000     0.000000   0.030000     0.0124       -99.999000           -1.367589e+01         -100.00
8.140000       9.650000     0.000000   0.028900     0.0124       -99.999000           -1.280149e+01         -100.00
8.160000       8.000000     0.000000   0.050500     0.0126       -99.999000           -1.057943e+02         -100.00
8.160000       8.050000     0.000000   0.050200     0.0126       -99.999000           -1.057943e+02         -100.00
8.160000       8.100000     0.000000   0.050000     0.0126       -99.999000           -1.057943e+02         -100.00
8.160000       8.150000     0.000000   0.049700     0.0126       -99.999000           -1.057943e+02         -100.00
8.160000       8.200000     0.000000   0.049400     0.0126       -99.999000           -1.057943e+02         -100.00
8.160000       8.250000     0.000000   0.049100     0.0126       -99.999000           -1.057943e+02         -100.00
8.160000       8.300000     0.000000   0.048800     0.0126       -99.999000           -1.057943e+02         -100.00
8.160000       8.350000     0.000000   0.048400     0.0126       -99.999000           -1.057943e+02         -100.00
8.160000       8.400000     0.000000   0.048000     0.0126       -99.999000           -1.019473e+02         -100.00
8.160000       8.450000     0.000000   0.047600     0.0126       -99.999000           -9.214219e+01         -100.00
8.160000       8.500000     0.000000   0.047200     0.0126       -99.999000           -8.337969e+01         -100.00
8.160000       8.550000     0.000000   0.046800     0.0126       -99.999000           -7.554609e+01         -100.00
8.160000       8.600000     0.000000   0.046300     0.0126       -99.999000           -6.854039e+01         -100.00
8.160000       8.650000     0.000000   0.045800     0.0126       -99.999000           -6.227219e+01         -100.00
8.160000       8.700000     0.000000   0.045300     0.0126       -99.999000           -5.666109e+01         -100.00
8.160000       8.750000     0.000000   0.044700     0.0126       -99.999000           -5.163549e+01         -100.00
8.160000       8.800000     0.000000   0.044100     0.0126       -99.999000           -4.713129e+01         -100.00
8.160000       8.850000     0.000000   0.043500     0.0126       -99.999000           -4.309169e+01         -100.00
8.160000       8.900000     0.000000   0.042900     0.0126       -99.999000           -3.946559e+01         -100.00
8.160000       8.950000     0.000000   0.042200     0.0126       -99.999000           -3.620779e+01         -100.00
8.160000       9.000000     0.000000   0.041500     0.0126       -99.999000           -3.327789e+01         -100.00
8.160000       9.050000     0.000000   0.040700     0.0126       -99.999000           -3.063979e+01         -100.00
8.160000       9.100000     0.000000   0.040000     0.0126       -99.999000           -2.826119e+01         -100.00
8.160000       9.150000     0.000000   0.039200     0.0126       -99.999000           -2.611349e+01         -100.00
8.160000       9.200000     0.000000   0.038300     0.0126       -99.999000           -2.417099e+01         -100.00
8.160000       9.250000     0.000000   0.037500     0.0126       -99.999000           -2.241099e+01         -100.00
8.160000       9.300000     0.000000   0.036600     0.0126       -99.999000           -2.081279e+01         -100.00
8.160000       9.350000     0.000000   0.035700     0.0126       -99.999000           -1.935839e+01         -100.00
8.160000       9.400000     0.000000   0.036400     0.0126       -99.999000           -1.802859e+01         -100.00
8.160000       9.450000     0.000000   0.035600     0.0126       -99.999000           -1.681459e+01         -100.00
8.160000       9.500000     0.000000   0.032700     0.0126       -99.999000           -1.570309e+01         -100.00
8.160000       9.550000     0.000000   0.031700     0.0126       -99.999000           -1.467719e+01         -100.00
8.160000       9.600000     0.000000   0.030600     0.0126       -99.999000           -1.372909e+01         -100.00
8.160000       9.650000     0.000000   0.029500     0.0126       -99.999000           -1.284959e+01         -100.00
8.180000       8.000000     0.000000   0.051300     0.0128       -99.999000           -1.057943e+02         -100.00
8.180000       8.050000     0.000000   0.051100     0.0128       -99.999000           -1.057943e+02         -100.00
8.180000       8.100000     0.000000   0.050800     0.0128       -99.999000           -1.057943e+02         -100.00
8.180000       8.150000     0.000000   0.050500     0.0128       -99.999000           -1.057943e+02         -100.00
8.180000       8.200000     0.000000   0.050200     0.0128       -99.999000           -1.057943e+02         -100.00
8.180000       8.250000     0.000000   0.049900     0.0128       -99.999000           -1.057943e+02         -100.00
8.180000       8.300000     0.000000   0.049600     0.0128       -99.999000           -1.057943e+02         -100.00
8.180000       8.350000     0.000000   0.049200     0.0128       -99.999000           -1.057943e+02         -100.00
8.180000       8.400000     0.000000   0.048800     0.0128       -99.999000           -1.027535e+02         -100.00
8.180000       8.450000     0.000000   0.048400     0.0128       -99.999000           -9.286079e+01         -100.00
8.180000       8.500000     0.000000   0.048000     0.0128       -99.999000           -8.402019e+01         -100.00
8.180000       8.550000     0.000000   0.047600     0.0128       -99.999000           -7.611719e+01         -100.00
8.180000       8.600000     0.000000   0.047100     0.0128       -99.999000           -6.904939e+01         -100.00
8.180000       8.650000     0.000000   0.046600     0.0128       -99.999000           -6.272599e+01         -100.00
8.180000       8.700000     0.000000   0.046000     0.0128       -99.999000           -5.706579e+01         -100.00
8.180000       8.750000     0.000000   0.045500     0.0128       -99.999000           -5.199629e+01         -100.00
8.180000       8.800000     0.000000   0.044900     0.0128       -99.999000           -4.745309e+01         -100.00
8.180000       8.850000     0.000000   0.044300     0.0128       -99.999000           -4.337859e+01         -100.00
8.180000       8.900000     0.000000   0.043600     0.0128       -99.999000           -3.972149e+01         -100.00
8.180000       8.950000     0.000000   0.042900     0.0128       -99.999000           -3.643609e+01         -100.00
8.180000       9.000000     0.000000   0.042200     0.0128       -99.999000           -3.348159e+01         -100.00
8.180000       9.050000     0.000000   0.041500     0.0128       -99.999000           -3.082149e+01         -100.00
8.180000       9.100000     0.000000   0.040700     0.0128       -99.999000           -2.842339e+01         -100.00
8.180000       9.150000     0.000000   0.039900     0.0128       -99.999000           -2.625829e+01         -100.00
8.180000       9.200000     0.000000   0.039000     0.0128       -99.999000           -2.430039e+01         -100.00
8.180000       9.250000     0.000000   0.038200     0.0128       -99.999000           -2.252649e+01         -100.00
8.180000       9.300000     0.000000   0.037300     0.0128       -99.999000           -2.091609e+01         -100.00
8.180000       9.350000     0.000000   0.036300     0.0128       -99.999000           -1.945079e+01         -100.00
8.180000       9.400000     0.000000   0.037000     0.0128       -99.999000           -1.811139e+01         -100.00
8.180000       9.450000     0.000000   0.036300     0.0128       -99.999000           -1.688879e+01         -100.00
8.180000       9.500000     0.000000   0.033400     0.0128       -99.999000           -1.576969e+01         -100.00
8.180000       9.550000     0.000000   0.032300     0.0128       -99.999000           -1.473709e+01         -100.00
8.180000       9.600000     0.000000   0.031200     0.0128       -99.999000           -1.378309e+01         -100.00
8.180000       9.650000     0.000000   0.030100     0.0128       -99.999000           -1.289829e+01         -100.00
8.200000       8.000000     0.000000   0.052100     0.0130       -99.999000           -1.057943e+02         -100.00
8.200000       8.050000     0.000000   0.051900     0.0130       -99.999000           -1.057943e+02         -100.00
8.200000       8.100000     0.000000   0.051600     0.0130       -99.999000           -1.057943e+02         -100.00
8.200000       8.150000     0.000000   0.051300     0.0130       -99.999000           -1.057943e+02         -100.00
8.200000       8.200000     0.000000   0.051000     0.0130       -99.999000           -1.057943e+02         -100.00
8.200000       8.250000     0.000000   0.050700     0.0130       -99.999000           -1.057943e+02         -100.00
8.200000       8.300000     0.000000   0.050400     0.0130       -99.999000           -1.057943e+02         -100.00
8.200000       8.350000     0.000000   0.050000     0.0130       -99.999000           -1.057943e+02         -100.00
8.200000       8.400000     0.000000   0.049600     0.0130       -99.999000           -1.035724e+02         -100.00
8.200000       8.450000     0.000000   0.049200     0.0130       -99.999000           -9.359089e+01         -100.00
8.200000       8.500000     0.000000   0.048800     0.0130       -99.999000           -8.467099e+01         -100.00
8.200000       8.550000     0.000000   0.048400     0.0130       -99.999000           -7.669729e+01         -100.00
8.200000       8.600000     0.000000   0.047900     0.0130       -99.999000           -6.956669e+01         -100.00
8.200000       8.650000     0.000000   0.047400     0.0130       -99.999000           -6.318719e+01         -100.00
8.200000       8.700000     0.000000   0.046800     0.0130       -99.999000           -5.747689e+01         -100.00
8.200000       8.750000     0.000000   0.046300     0.0130       -99.999000           -5.236289e+01         -100.00
8.200000       8.800000     0.000000   0.045700     0.0130       -99.999000           -4.777989e+01         -100.00
8.200000       8.850000     0.000000   0.045000     0.0130       -99.999000           -4.367009e+01         -100.00
8.200000       8.900000     0.000000   0.044400     0.0130       -99.999000           -3.998149e+01         -100.00
8.200000       8.950000     0.000000   0.043700     0.0130       -99.999000           -3.666799e+01         -100.00
8.200000       9.000000     0.000000   0.043000     0.0130       -99.999000           -3.368839e+01         -100.00
8.200000       9.050000     0.000000   0.042200     0.0130       -99.999000           -3.100609e+01         -100.00
8.200000       9.100000     0.000000   0.041400     0.0130       -99.999000           -2.858809e+01         -100.00
8.200000       9.150000     0.000000   0.040600     0.0130       -99.999000           -2.640539e+01         -100.00
8.200000       9.200000     0.000000   0.039800     0.0130       -99.999000           -2.443169e+01         -100.00
8.200000       9.250000     0.000000   0.038900     0.0130       -99.999000           -2.264389e+01         -100.00
8.200000       9.300000     0.000000   0.038000     0.0130       -99.999000           -2.102109e+01         -100.00
8.200000       9.350000     0.000000   0.037000     0.0130       -99.999000           -1.954469e+01         -100.00
8.200000       9.400000     0.000000   0.037700     0.0130       -99.999000           -1.819549e+01         -100.00
8.200000       9.450000     0.000000   0.036900     0.0130       -99.999000           -1.696409e+01         -100.00
8.200000       9.500000     0.000000   0.034000     0.0130       -99.999000           -1.583729e+01         -100.00
8.200000       9.550000     0.000000   0.033000     0.0130       -99.999000           -1.479789e+01         -100.00
8.200000       9.600000     0.000000   0.031900     0.0130       -99.999000           -1.383789e+01         -100.00
8.200000       9.650000     0.000000   0.030800     0.0130       -99.999000           -1.294779e+01         -100.00
8.220000       8.000000     0.000000   0.053000     0.0132       -99.999000           -1.057943e+02         -100.00
8.220000       8.050000     0.000000   0.052700     0.0132       -99.999000           -1.057943e+02         -100.00
8.220000       8.100000     0.000000   0.052400     0.0132       -99.999000           -1.057943e+02         -100.00
8.220000       8.150000     0.000000   0.052200     0.0132       -99.999000           -1.057943e+02         -100.00
8.220000       8.200000     0.000000   0.051900     0.0132       -99.999000           -1.057943e+02         -100.00
8.220000       8.250000     0.000000   0.051600     0.0132       -99.999000           -1.057943e+02         -100.00
8.220000       8.300000     0.000000   0.051200     0.0132       -99.999000           -1.057943e+02         -100.00
8.220000       8.350000     0.000000   0.050900     0.0132       -99.999000           -1.057943e+02         -100.00
8.220000       8.400000     0.000000   0.050500     0.0132       -99.999000           -1.044045e+02         -100.00
8.220000       8.450000     0.000000   0.050100     0.0132       -99.999000           -9.433259e+01         -100.00
8.220000       8.500000     0.000000   0.049600     0.0132       -99.999000           -8.533219e+01         -100.00
8.220000       8.550000     0.000000   0.049200     0.0132       -99.999000           -7.728679e+01         -100.00
8.220000       8.600000     0.000000   0.048700     0.0132       -99.999000           -7.009209e+01         -100.00
8.220000       8.650000     0.000000   0.048200     0.0132       -99.999000           -6.365559e+01         -100.00
8.220000       8.700000     0.000000   0.047600     0.0132       -99.999000           -5.789459e+01         -100.00
8.220000       8.750000     0.000000   0.047100     0.0132       -99.999000           -5.273529e+01         -100.00
8.220000       8.800000     0.000000   0.046500     0.0132       -99.999000           -4.811199e+01         -100.00
8.220000       8.850000     0.000000   0.045800     0.0132       -99.999000           -4.396619e+01         -100.00
8.220000       8.900000     0.000000   0.045200     0.0132       -99.999000           -4.024559e+01         -100.00
8.220000       8.950000     0.000000   0.044500     0.0132       -99.999000           -3.690359e+01         -100.00
8.220000       9.000000     0.000000   0.043700     0.0132       -99.999000           -3.389859e+01         -100.00
8.220000       9.050000     0.000000   0.043000     0.0132       -99.999000           -3.119359e+01         -100.00
8.220000       9.100000     0.000000   0.042200     0.0132       -99.999000           -2.875549e+01         -100.00
8.220000       9.150000     0.000000   0.041300     0.0132       -99.999000           -2.655479e+01         -100.00
8.220000       9.200000     0.000000   0.040500     0.0132       -99.999000           -2.456519e+01         -100.00
8.220000       9.250000     0.000000   0.039600     0.0132       -99.999000           -2.276309e+01         -100.00
8.220000       9.300000     0.000000   0.038700     0.0132       -99.999000           -2.112759e+01         -100.00
8.220000       9.350000     0.000000   0.037700     0.0132       -99.999000           -1.963999e+01         -100.00
8.220000       9.400000     0.000000   0.038400     0.0132       -99.999000           -1.828079e+01         -100.00
8.220000       9.450000     0.000000   0.037600     0.0132       -99.999000           -1.704059e+01         -100.00
8.220000       9.500000     0.000000   0.036800     0.0132       -99.999000           -1.590329e+01         -100.00
8.220000       9.550000     0.000000   0.033600     0.0132       -99.999000           -1.485959e+01         -100.00
8.220000       9.600000     0.000000   0.032500     0.0132       -99.999000           -1.389339e+01         -100.00
8.220000       9.650000     0.000000   0.031400     0.0132       -99.999000           -1.299789e+01         -100.00
8.240000       8.000000     0.000000   0.053800     0.0134       -99.999000           -1.057943e+02         -100.00
8.240000       8.050000     0.000000   0.053600     0.0134       -99.999000           -1.057943e+02         -100.00
8.240000       8.100000     0.000000   0.053300     0.0134       -99.999000           -1.057943e+02         -100.00
8.240000       8.150000     0.000000   0.053000     0.0134       -99.999000           -1.057943e+02         -100.00
8.240000       8.200000     0.000000   0.052700     0.0134       -99.999000           -1.057943e+02         -100.00
8.240000       8.250000     0.000000   0.052400     0.0134       -99.999000           -1.057943e+02         -100.00
8.240000       8.300000     0.000000   0.052100     0.0134       -99.999000           -1.057943e+02         -100.00
8.240000       8.350000     0.000000   0.051700     0.0134       -99.999000           -1.057943e+02         -100.00
8.240000       8.400000     0.000000   0.051300     0.0134       -99.999000           -1.052497e+02         -100.00
8.240000       8.450000     0.000000   0.050900     0.0134       -99.999000           -9.508619e+01         -100.00
8.240000       8.500000     0.000000   0.050500     0.0134       -99.999000           -8.600399e+01         -100.00
8.240000       8.550000     0.000000   0.050000     0.0134       -99.999000           -7.788559e+01         -100.00
8.240000       8.600000     0.000000   0.049500     0.0134       -99.999000           -7.062599e+01         -100.00
8.240000       8.650000     0.000000   0.049000     0.0134       -99.999000           -6.413159e+01         -100.00
8.240000       8.700000     0.000000   0.048400     0.0134       -99.999000           -5.831889e+01         -100.00
8.240000       8.750000     0.000000   0.047900     0.0134       -99.999000           -5.311359e+01         -100.00
8.240000       8.800000     0.000000   0.047300     0.0134       -99.999000           -4.844939e+01         -100.00
8.240000       8.850000     0.000000   0.046600     0.0134       -99.999000           -4.426699e+01         -100.00
8.240000       8.900000     0.000000   0.045900     0.0134       -99.999000           -4.051389e+01         -100.00
8.240000       8.950000     0.000000   0.045200     0.0134       -99.999000           -3.714289e+01         -100.00
8.240000       9.000000     0.000000   0.044500     0.0134       -99.999000           -3.411209e+01         -100.00
8.240000       9.050000     0.000000   0.043700     0.0134       -99.999000           -3.138409e+01         -100.00
8.240000       9.100000     0.000000   0.042900     0.0134       -99.999000           -2.892549e+01         -100.00
8.240000       9.150000     0.000000   0.042100     0.0134       -99.999000           -2.670649e+01         -100.00
8.240000       9.200000     0.000000   0.041200     0.0134       -99.999000           -2.470069e+01         -100.00
8.240000       9.250000     0.000000   0.040300     0.0134       -99.999000           -2.288419e+01         -100.00
8.240000       9.300000     0.000000   0.039400     0.0134       -99.999000           -2.123579e+01         -100.00
8.240000       9.350000     0.000000   0.038400     0.0134       -99.999000           -1.973679e+01         -100.00
8.240000       9.400000     0.000000   0.037500     0.0134       -99.999000           -1.837019e+01         -100.00
8.240000       9.450000     0.000000   0.038300     0.0134       -99.999000           -1.711829e+01         -100.00
8.240000       9.500000     0.000000   0.037500     0.0134       -99.999000           -1.597299e+01         -100.00
8.240000       9.550000     0.000000   0.034300     0.0134       -99.999000           -1.492209e+01         -100.00
8.240000       9.600000     0.000000   0.033200     0.0134       -99.999000           -1.394979e+01         -100.00
8.240000       9.650000     0.000000   0.032000     0.0134       -99.999000           -1.304879e+01         -100.00
8.260000       8.000000     0.000000   0.054700     0.0136       -99.999000           -1.057943e+02         -100.00
8.260000       8.050000     0.000000   0.054400     0.0136       -99.999000           -1.057943e+02         -100.00
8.260000       8.100000     0.000000   0.054200     0.0136       -99.999000           -1.057943e+02         -100.00
8.260000       8.150000     0.000000   0.053900     0.0136       -99.999000           -1.057943e+02         -100.00
8.260000       8.200000     0.000000   0.053600     0.0136       -99.999000           -1.057943e+02         -100.00
8.260000       8.250000     0.000000   0.053200     0.0136       -99.999000           -1.057943e+02         -100.00
8.260000       8.300000     0.000000   0.052900     0.0136       -99.999000           -1.057943e+02         -100.00
8.260000       8.350000     0.000000   0.052500     0.0136       -99.999000           -1.057943e+02         -100.00
8.260000       8.400000     0.000000   0.052100     0.0136       -99.999000           -1.057943e+02         -100.00
8.260000       8.450000     0.000000   0.051700     0.0136       -99.999000           -9.585169e+01         -100.00
8.260000       8.500000     0.000000   0.051300     0.0136       -99.999000           -8.668639e+01         -100.00
8.260000       8.550000     0.000000   0.050800     0.0136       -99.999000           -7.849399e+01         -100.00
8.260000       8.600000     0.000000   0.050300     0.0136       -99.999000           -7.116839e+01         -100.00
8.260000       8.650000     0.000000   0.049800     0.0136       -99.999000           -6.461509e+01         -100.00
8.260000       8.700000     0.000000   0.049300     0.0136       -99.999000           -5.874999e+01         -100.00
8.260000       8.750000     0.000000   0.048700     0.0136       -99.999000           -5.349799e+01         -100.00
8.260000       8.800000     0.000000   0.048100     0.0136       -99.999000           -4.879209e+01         -100.00
8.260000       8.850000     0.000000   0.047400     0.0136       -99.999000           -4.457269e+01         -100.00
8.260000       8.900000     0.000000   0.046700     0.0136       -99.999000           -4.078649e+01         -100.00
8.260000       8.950000     0.000000   0.046000     0.0136       -99.999000           -3.738599e+01         -100.00
8.260000       9.000000     0.000000   0.045300     0.0136       -99.999000           -3.432889e+01         -100.00
8.260000       9.050000     0.000000   0.044500     0.0136       -99.999000           -3.157759e+01         -100.00
8.260000       9.100000     0.000000   0.043700     0.0136       -99.999000           -2.909819e+01         -100.00
8.260000       9.150000     0.000000   0.042900     0.0136       -99.999000           -2.686069e+01         -100.00
8.260000       9.200000     0.000000   0.042000     0.0136       -99.999000           -2.483829e+01         -100.00
8.260000       9.250000     0.000000   0.041100     0.0136       -99.999000           -2.300709e+01         -100.00
8.260000       9.300000     0.000000   0.040100     0.0136       -99.999000           -2.134569e+01         -100.00
8.260000       9.350000     0.000000   0.039200     0.0136       -99.999000           -1.983509e+01         -100.00
8.260000       9.400000     0.000000   0.038200     0.0136       -99.999000           -1.845819e+01         -100.00
8.260000       9.450000     0.000000   0.039000     0.0136       -99.999000           -1.719709e+01         -100.00
8.260000       9.500000     0.000000   0.038200     0.0136       -99.999000           -1.604359e+01         -100.00
8.260000       9.550000     0.000000   0.035000     0.0136       -99.999000           -1.498569e+01         -100.00
8.260000       9.600000     0.000000   0.033800     0.0136       -99.999000           -1.400689e+01         -100.00
8.260000       9.650000     0.000000   0.032700     0.0136       -99.999000           -1.310029e+01         -100.00
8.280000       8.000000     0.000000   0.055600     0.0138       -99.999000           -1.057943e+02         -100.00
8.280000       8.050000     0.000000   0.055300     0.0138       -99.999000           -1.057943e+02         -100.00
8.280000       8.100000     0.000000   0.055000     0.0138       -99.999000           -1.057943e+02         -100.00
8.280000       8.150000     0.000000   0.054700     0.0138       -99.999000           -1.057943e+02         -100.00
8.280000       8.200000     0.000000   0.054400     0.0138       -99.999000           -1.057943e+02         -100.00
8.280000       8.250000     0.000000   0.054100     0.0138       -99.999000           -1.057943e+02         -100.00
8.280000       8.300000     0.000000   0.053800     0.0138       -99.999000           -1.057943e+02         -100.00
8.280000       8.350000     0.000000   0.053400     0.0138       -99.999000           -1.057943e+02         -100.00
8.280000       8.400000     0.000000   0.053000     0.0138       -99.999000           -1.057943e+02         -100.00
8.280000       8.450000     0.000000   0.052600     0.0138       -99.999000           -9.662949e+01         -100.00
8.280000       8.500000     0.000000   0.052100     0.0138       -99.999000           -8.737979e+01         -100.00
8.280000       8.550000     0.000000   0.051700     0.0138       -99.999000           -7.911199e+01         -100.00
8.280000       8.600000     0.000000   0.051200     0.0138       -99.999000           -7.171929e+01         -100.00
8.280000       8.650000     0.000000   0.050700     0.0138       -99.999000           -6.510629e+01         -100.00
8.280000       8.700000     0.000000   0.050100     0.0138       -99.999000           -5.918799e+01         -100.00
8.280000       8.750000     0.000000   0.049500     0.0138       -99.999000           -5.388849e+01         -100.00
8.280000       8.800000     0.000000   0.048900     0.0138       -99.999000           -4.914029e+01         -100.00
8.280000       8.850000     0.000000   0.048200     0.0138       -99.999000           -4.488309e+01         -100.00
8.280000       8.900000     0.000000   0.047600     0.0138       -99.999000           -4.106329e+01         -100.00
8.280000       8.950000     0.000000   0.046800     0.0138       -99.999000           -3.763289e+01         -100.00
8.280000       9.000000     0.000000   0.046100     0.0138       -99.999000           -3.454919e+01         -100.00
8.280000       9.050000     0.000000   0.045300     0.0138       -99.999000           -3.177409e+01         -100.00
8.280000       9.100000     0.000000   0.044500     0.0138       -99.999000           -2.927359e+01         -100.00
8.280000       9.150000     0.000000   0.043600     0.0138       -99.999000           -2.701719e+01         -100.00
8.280000       9.200000     0.000000   0.042800     0.0138       -99.999000           -2.497809e+01         -100.00
8.280000       9.250000     0.000000   0.041800     0.0138       -99.999000           -2.313199e+01         -100.00
8.280000       9.300000     0.000000   0.040900     0.0138       -99.999000           -2.145729e+01         -100.00
8.280000       9.350000     0.000000   0.039900     0.0138       -99.999000           -1.993489e+01         -100.00
8.280000       9.400000     0.000000   0.038900     0.0138       -99.999000           -1.854749e+01         -100.00
8.280000       9.450000     0.000000   0.039700     0.0138       -99.999000           -1.727709e+01         -100.00
8.280000       9.500000     0.000000   0.038900     0.0138       -99.999000           -1.611539e+01         -100.00
8.280000       9.550000     0.000000   0.035700     0.0138       -99.999000           -1.505009e+01         -100.00
8.280000       9.600000     0.000000   0.034500     0.0138       -99.999000           -1.406489e+01         -100.00
8.280000       9.650000     0.000000   0.033300     0.0138       -99.999000           -1.315259e+01         -100.00
8.300000       8.000000     0.000000   0.056400     0.0140       -99.999000           -1.057943e+02         -100.00
8.300000       8.050000     0.000000   0.056200     0.0140       -99.999000           -1.057943e+02         -100.00
8.300000       8.100000     0.000000   0.055900     0.0140       -99.999000           -1.057943e+02         -100.00
8.300000       8.150000     0.000000   0.055600     0.0140       -99.999000           -1.057943e+02         -100.00
8.300000       8.200000     0.000000   0.055300     0.0140       -99.999000           -1.057943e+02         -100.00
8.300000       8.250000     0.000000   0.055000     0.0140       -99.999000           -1.057943e+02         -100.00
8.300000       8.300000     0.000000   0.054700     0.0140       -99.999000           -1.057943e+02         -100.00
8.300000       8.350000     0.000000   0.054300     0.0140       -99.999000           -1.057943e+02         -100.00
8.300000       8.400000     0.000000   0.053900     0.0140       -99.999000           -1.057943e+02         -100.00
8.300000       8.450000     0.000000   0.053500     0.0140       -99.999000           -9.741959e+01         -100.00
8.300000       8.500000     0.000000   0.053000     0.0140       -99.999000           -8.808409e+01         -100.00
8.300000       8.550000     0.000000   0.052500     0.0140       -99.999000           -7.973989e+01         -100.00
8.300000       8.600000     0.000000   0.052000     0.0140       -99.999000           -7.227909e+01         -100.00
8.300000       8.650000     0.000000   0.051500     0.0140       -99.999000           -6.560529e+01         -100.00
8.300000       8.700000     0.000000   0.051000     0.0140       -99.999000           -5.963289e+01         -100.00
8.300000       8.750000     0.000000   0.050400     0.0140       -99.999000           -5.428519e+01         -100.00
8.300000       8.800000     0.000000   0.049700     0.0140       -99.999000           -4.949399e+01         -100.00
8.300000       8.850000     0.000000   0.049100     0.0140       -99.999000           -4.519859e+01         -100.00
8.300000       8.900000     0.000000   0.048400     0.0140       -99.999000           -4.134459e+01         -100.00
8.300000       8.950000     0.000000   0.047700     0.0140       -99.999000           -3.788379e+01         -100.00
8.300000       9.000000     0.000000   0.046900     0.0140       -99.999000           -3.477299e+01         -100.00
8.300000       9.050000     0.000000   0.046100     0.0140       -99.999000           -3.197379e+01         -100.00
8.300000       9.100000     0.000000   0.045300     0.0140       -99.999000           -2.945169e+01         -100.00
8.300000       9.150000     0.000000   0.044400     0.0140       -99.999000           -2.717629e+01         -100.00
8.300000       9.200000     0.000000   0.043500     0.0140       -99.999000           -2.512009e+01         -100.00
8.300000       9.250000     0.000000   0.042600     0.0140       -99.999000           -2.325879e+01         -100.00
8.300000       9.300000     0.000000   0.041700     0.0140       -99.999000           -2.157069e+01         -100.00
8.300000       9.350000     0.000000   0.040700     0.0140       -99.999000           -2.003619e+01         -100.00
8.300000       9.400000     0.000000   0.039600     0.0140       -99.999000           -1.863819e+01         -100.00
8.300000       9.450000     0.000000   0.040400     0.0140       -99.999000           -1.735829e+01         -100.00
8.300000       9.500000     0.000000   0.039600     0.0140       -99.999000           -1.618819e+01         -100.00
8.300000       9.550000     0.000000   0.036400     0.0140       -99.999000           -1.511549e+01         -100.00
8.300000       9.600000     0.000000   0.035200     0.0140       -99.999000           -1.412369e+01         -100.00
8.300000       9.650000     0.000000   0.034000     0.0140       -99.999000           -1.320559e+01         -100.00
8.320000       8.000000     0.000000   0.057300     0.0142       -99.999000           -1.057943e+02         -100.00
8.320000       8.050000     0.000000   0.057100     0.0142       -99.999000           -1.057943e+02         -100.00
8.320000       8.100000     0.000000   0.056800     0.0142       -99.999000           -1.057943e+02         -100.00
8.320000       8.150000     0.000000   0.056500     0.0142       -99.999000           -1.057943e+02         -100.00
8.320000       8.200000     0.000000   0.056200     0.0142       -99.999000           -1.057943e+02         -100.00
8.320000       8.250000     0.000000   0.055900     0.0142       -99.999000           -1.057943e+02         -100.00
8.320000       8.300000     0.000000   0.055500     0.0142       -99.999000           -1.057943e+02         -100.00
8.320000       8.350000     0.000000   0.055200     0.0142       -99.999000           -1.057943e+02         -100.00
8.320000       8.400000     0.000000   0.054800     0.0142       -99.999000           -1.057943e+02         -100.00
8.320000       8.450000     0.000000   0.054300     0.0142       -99.999000           -9.822229e+01         -100.00
8.320000       8.500000     0.000000   0.053900     0.0142       -99.999000           -8.879969e+01         -100.00
8.320000       8.550000     0.000000   0.053400     0.0142       -99.999000           -8.037779e+01         -100.00
8.320000       8.600000     0.000000   0.052900     0.0142       -99.999000           -7.284769e+01         -100.00
8.320000       8.650000     0.000000   0.052400     0.0142       -99.999000           -6.611229e+01         -100.00
8.320000       8.700000     0.000000   0.051800     0.0142       -99.999000           -6.008479e+01         -100.00
8.320000       8.750000     0.000000   0.051200     0.0142       -99.999000           -5.468809e+01         -100.00
8.320000       8.800000     0.000000   0.050600     0.0142       -99.999000           -4.985329e+01         -100.00
8.320000       8.850000     0.000000   0.049900     0.0142       -99.999000           -4.551899e+01         -100.00
8.320000       8.900000     0.000000   0.049200     0.0142       -99.999000           -4.163039e+01         -100.00
8.320000       8.950000     0.000000   0.048500     0.0142       -99.999000           -3.813869e+01         -100.00
8.320000       9.000000     0.000000   0.047700     0.0142       -99.999000           -3.500039e+01         -100.00
8.320000       9.050000     0.000000   0.046900     0.0142       -99.999000           -3.217659e+01         -100.00
8.320000       9.100000     0.000000   0.046100     0.0142       -99.999000           -2.963269e+01         -100.00
8.320000       9.150000     0.000000   0.045200     0.0142       -99.999000           -2.733779e+01         -100.00
8.320000       9.200000     0.000000   0.044300     0.0142       -99.999000           -2.526429e+01         -100.00
8.320000       9.250000     0.000000   0.043400     0.0142       -99.999000           -2.338759e+01         -100.00
8.320000       9.300000     0.000000   0.042400     0.0142       -99.999000           -2.168579e+01         -100.00
8.320000       9.350000     0.000000   0.041400     0.0142       -99.999000           -2.013919e+01         -100.00
8.320000       9.400000     0.000000   0.040400     0.0142       -99.999000           -1.873029e+01         -100.00
8.320000       9.450000     0.000000   0.041200     0.0142       -99.999000           -1.744079e+01         -100.00
8.320000       9.500000     0.000000   0.040300     0.0142       -99.999000           -1.626219e+01         -100.00
8.320000       9.550000     0.000000   0.037100     0.0142       -99.999000           -1.518189e+01         -100.00
8.320000       9.600000     0.000000   0.035900     0.0142       -99.999000           -1.418339e+01         -100.00
8.320000       9.650000     0.000000   0.034700     0.0142       -99.999000           -1.325939e+01         -100.00
8.340000       8.000000     0.000000   0.058300     0.0144       -99.999000           -1.057943e+02         -100.00
8.340000       8.050000     0.000000   0.058000     0.0144       -99.999000           -1.057943e+02         -100.00
8.340000       8.100000     0.000000   0.057700     0.0144       -99.999000           -1.057943e+02         -100.00
8.340000       8.150000     0.000000   0.057400     0.0144       -99.999000           -1.057943e+02         -100.00
8.340000       8.200000     0.000000   0.057100     0.0144       -99.999000           -1.057943e+02         -100.00
8.340000       8.250000     0.000000   0.056800     0.0144       -99.999000           -1.057943e+02         -100.00
8.340000       8.300000     0.000000   0.056500     0.0144       -99.999000           -1.057943e+02         -100.00
8.340000       8.350000     0.000000   0.056100     0.0144       -99.999000           -1.057943e+02         -100.00
8.340000       8.400000     0.000000   0.055700     0.0144       -99.999000           -1.057943e+02         -100.00
8.340000       8.450000     0.000000   0.055200     0.0144       -99.999000           -9.903779e+01         -100.00
8.340000       8.500000     0.000000   0.054800     0.0144       -99.999000           -8.952659e+01         -100.00
8.340000       8.550000     0.000000   0.054300     0.0144       -99.999000           -8.102579e+01         -100.00
8.340000       8.600000     0.000000   0.053800     0.0144       -99.999000           -7.342539e+01         -100.00
8.340000       8.650000     0.000000   0.053300     0.0144       -99.999000           -6.662729e+01         -100.00
8.340000       8.700000     0.000000   0.052700     0.0144       -99.999000           -6.054399e+01         -100.00
8.340000       8.750000     0.000000   0.052100     0.0144       -99.999000           -5.509749e+01         -100.00
8.340000       8.800000     0.000000   0.051500     0.0144       -99.999000           -5.021829e+01         -100.00
8.340000       8.850000     0.000000   0.050800     0.0144       -99.999000           -4.584439e+01         -100.00
8.340000       8.900000     0.000000   0.050100     0.0144       -99.999000           -4.192059e+01         -100.00
8.340000       8.950000     0.000000   0.049400     0.0144       -99.999000           -3.839749e+01         -100.00
8.340000       9.000000     0.000000   0.048600     0.0144       -99.999000           -3.523129e+01         -100.00
8.340000       9.050000     0.000000   0.047800     0.0144       -99.999000           -3.238259e+01         -100.00
8.340000       9.100000     0.000000   0.046900     0.0144       -99.999000           -2.981649e+01         -100.00
8.340000       9.150000     0.000000   0.046100     0.0144       -99.999000           -2.750189e+01         -100.00
8.340000       9.200000     0.000000   0.045100     0.0144       -99.999000           -2.541079e+01         -100.00
8.340000       9.250000     0.000000   0.044200     0.0144       -99.999000           -2.351849e+01         -100.00
8.340000       9.300000     0.000000   0.043200     0.0144       -99.999000           -2.180269e+01         -100.00
8.340000       9.350000     0.000000   0.042200     0.0144       -99.999000           -2.024369e+01         -100.00
8.340000       9.400000     0.000000   0.041200     0.0144       -99.999000           -1.882379e+01         -100.00
8.340000       9.450000     0.000000   0.041900     0.0144       -99.999000           -1.752449e+01         -100.00
8.340000       9.500000     0.000000   0.041100     0.0144       -99.999000           -1.633719e+01         -100.00
8.340000       9.550000     0.000000   0.037800     0.0144       -99.999000           -1.524919e+01         -100.00
8.340000       9.600000     0.000000   0.036600     0.0144       -99.999000           -1.424399e+01         -100.00
8.340000       9.650000     0.000000   0.035400     0.0144       -99.999000           -1.331399e+01         -100.00
8.360000       8.000000     0.000000   0.059200     0.0147       -99.999000           -1.057943e+02         -100.00
8.360000       8.050000     0.000000   0.058900     0.0147       -99.999000           -1.057943e+02         -100.00
8.360000       8.100000     0.000000   0.058700     0.0147       -99.999000           -1.057943e+02         -100.00
8.360000       8.150000     0.000000   0.058400     0.0147       -99.999000           -1.057943e+02         -100.00
8.360000       8.200000     0.000000   0.058100     0.0147       -99.999000           -1.057943e+02         -100.00
8.360000       8.250000     0.000000   0.057700     0.0147       -99.999000           -1.057943e+02         -100.00
8.360000       8.300000     0.000000   0.057400     0.0147       -99.999000           -1.057943e+02         -100.00
8.360000       8.350000     0.000000   0.057000     0.0147       -99.999000           -1.057943e+02         -100.00
8.360000       8.400000     0.000000   0.056600     0.0147       -99.999000           -1.057943e+02         -100.00
8.360000       8.450000     0.000000   0.056200     0.0147       -99.999000           -9.986619e+01         -100.00
8.360000       8.500000     0.000000   0.055700     0.0147       -99.999000           -9.026499e+01         -100.00
8.360000       8.550000     0.000000   0.055200     0.0147       -99.999000           -8.168409e+01         -100.00
8.360000       8.600000     0.000000   0.054700     0.0147       -99.999000           -7.401219e+01         -100.00
8.360000       8.650000     0.000000   0.054200     0.0147       -99.999000           -6.715049e+01         -100.00
8.360000       8.700000     0.000000   0.053600     0.0147       -99.999000           -6.101039e+01         -100.00
8.360000       8.750000     0.000000   0.053000     0.0147       -99.999000           -5.551329e+01         -100.00
8.360000       8.800000     0.000000   0.052300     0.0147       -99.999000           -5.058909e+01         -100.00
8.360000       8.850000     0.000000   0.051700     0.0147       -99.999000           -4.617509e+01         -100.00
8.360000       8.900000     0.000000   0.051000     0.0147       -99.999000           -4.221549e+01         -100.00
8.360000       8.950000     0.000000   0.050200     0.0147       -99.999000           -3.866049e+01         -100.00
8.360000       9.000000     0.000000   0.049400     0.0147       -99.999000           -3.546579e+01         -100.00
8.360000       9.050000     0.000000   0.048600     0.0147       -99.999000           -3.259179e+01         -100.00
8.360000       9.100000     0.000000   0.047800     0.0147       -99.999000           -3.000319e+01         -100.00
8.360000       9.150000     0.000000   0.046900     0.0147       -99.999000           -2.766849e+01         -100.00
8.360000       9.200000     0.000000   0.046000     0.0147       -99.999000           -2.555959e+01         -100.00
8.360000       9.250000     0.000000   0.045000     0.0147       -99.999000           -2.365129e+01         -100.00
8.360000       9.300000     0.000000   0.044000     0.0147       -99.999000           -2.192139e+01         -100.00
8.360000       9.350000     0.000000   0.043000     0.0147       -99.999000           -2.034979e+01         -100.00
8.360000       9.400000     0.000000   0.041900     0.0147       -99.999000           -1.891869e+01         -100.00
8.360000       9.450000     0.000000   0.042700     0.0147       -99.999000           -1.760949e+01         -100.00
8.360000       9.500000     0.000000   0.041800     0.0147       -99.999000           -1.641339e+01         -100.00
8.360000       9.550000     0.000000   0.040900     0.0147       -99.999000           -1.531499e+01         -100.00
8.360000       9.600000     0.000000   0.037400     0.0147       -99.999000           -1.430539e+01         -100.00
8.360000       9.650000     0.000000   0.036100     0.0147       -99.999000           -1.336929e+01         -100.00
8.380000       8.000000     0.000000   0.060200     0.0149       -99.999000           -1.057943e+02         -100.00
8.380000       8.050000     0.000000   0.059900     0.0149       -99.999000           -1.057943e+02         -100.00
8.380000       8.100000     0.000000   0.059600     0.0149       -99.999000           -1.057943e+02         -100.00
8.380000       8.150000     0.000000   0.059300     0.0149       -99.999000           -1.057943e+02         -100.00
8.380000       8.200000     0.000000   0.059000     0.0149       -99.999000           -1.057943e+02         -100.00
8.380000       8.250000     0.000000   0.058700     0.0149       -99.999000           -1.057943e+02         -100.00
8.380000       8.300000     0.000000   0.058300     0.0149       -99.999000           -1.057943e+02         -100.00
8.380000       8.350000     0.000000   0.057900     0.0149       -99.999000           -1.057943e+02         -100.00
8.380000       8.400000     0.000000   0.057500     0.0149       -99.999000           -1.057943e+02         -100.00
8.380000       8.450000     0.000000   0.057100     0.0149       -99.999000           -1.007077e+02         -100.00
8.380000       8.500000     0.000000   0.056600     0.0149       -99.999000           -9.101519e+01         -100.00
8.380000       8.550000     0.000000   0.056100     0.0149       -99.999000           -8.235279e+01         -100.00
8.380000       8.600000     0.000000   0.055600     0.0149       -99.999000           -7.460839e+01         -100.00
8.380000       8.650000     0.000000   0.055100     0.0149       -99.999000           -6.768189e+01         -100.00
8.380000       8.700000     0.000000   0.054500     0.0149       -99.999000           -6.148419e+01         -100.00
8.380000       8.750000     0.000000   0.053900     0.0149       -99.999000           -5.593579e+01         -100.00
8.380000       8.800000     0.000000   0.053200     0.0149       -99.999000           -5.096569e+01         -100.00
8.380000       8.850000     0.000000   0.052600     0.0149       -99.999000           -4.651089e+01         -100.00
8.380000       8.900000     0.000000   0.051900     0.0149       -99.999000           -4.251499e+01         -100.00
8.380000       8.950000     0.000000   0.051100     0.0149       -99.999000           -3.892759e+01         -100.00
8.380000       9.000000     0.000000   0.050300     0.0149       -99.999000           -3.570409e+01         -100.00
8.380000       9.050000     0.000000   0.049500     0.0149       -99.999000           -3.280439e+01         -100.00
8.380000       9.100000     0.000000   0.048600     0.0149       -99.999000           -3.019289e+01         -100.00
8.380000       9.150000     0.000000   0.047700     0.0149       -99.999000           -2.783779e+01         -100.00
8.380000       9.200000     0.000000   0.046800     0.0149       -99.999000           -2.571069e+01         -100.00
8.380000       9.250000     0.000000   0.045800     0.0149       -99.999000           -2.378619e+01         -100.00
8.380000       9.300000     0.000000   0.044800     0.0149       -99.999000           -2.204189e+01         -100.00
8.380000       9.350000     0.000000   0.043800     0.0149       -99.999000           -2.045749e+01         -100.00
8.380000       9.400000     0.000000   0.042700     0.0149       -99.999000           -1.901509e+01         -100.00
8.380000       9.450000     0.000000   0.043500     0.0149       -99.999000           -1.769579e+01         -100.00
8.380000       9.500000     0.000000   0.042600     0.0149       -99.999000           -1.649069e+01         -100.00
8.380000       9.550000     0.000000   0.041700     0.0149       -99.999000           -1.538429e+01         -100.00
8.380000       9.600000     0.000000   0.038100     0.0149       -99.999000           -1.436779e+01         -100.00
8.380000       9.650000     0.000000   0.036900     0.0149       -99.999000           -1.342539e+01         -100.00
8.400000       8.000000     0.000000   0.061100     0.0151       -99.999000           -1.057943e+02         -100.00
8.400000       8.050000     0.000000   0.060900     0.0151       -99.999000           -1.057943e+02         -100.00
8.400000       8.100000     0.000000   0.060600     0.0151       -99.999000           -1.057943e+02         -100.00
8.400000       8.150000     0.000000   0.060300     0.0151       -99.999000           -1.057943e+02         -100.00
8.400000       8.200000     0.000000   0.060000     0.0151       -99.999000           -1.057943e+02         -100.00
8.400000       8.250000     0.000000   0.059600     0.0151       -99.999000           -1.057943e+02         -100.00
8.400000       8.300000     0.000000   0.059300     0.0151       -99.999000           -1.057943e+02         -100.00
8.400000       8.350000     0.000000   0.058900     0.0151       -99.999000           -1.057943e+02         -100.00
8.400000       8.400000     0.000000   0.058500     0.0151       -99.999000           -1.057943e+02         -100.00
8.400000       8.450000     0.000000   0.058000     0.0151       -99.999000           -1.015626e+02         -100.00
8.400000       8.500000     0.000000   0.057600     0.0151       -99.999000           -9.177719e+01         -100.00
8.400000       8.550000     0.000000   0.057100     0.0151       -99.999000           -8.303209e+01         -100.00
8.400000       8.600000     0.000000   0.056600     0.0151       -99.999000           -7.521399e+01         -100.00
8.400000       8.650000     0.000000   0.056000     0.0151       -99.999000           -6.822179e+01         -100.00
8.400000       8.700000     0.000000   0.055400     0.0151       -99.999000           -6.196549e+01         -100.00
8.400000       8.750000     0.000000   0.054800     0.0151       -99.999000           -5.636489e+01         -100.00
8.400000       8.800000     0.000000   0.054200     0.0151       -99.999000           -5.134839e+01         -100.00
8.400000       8.850000     0.000000   0.053500     0.0151       -99.999000           -4.685209e+01         -100.00
8.400000       8.900000     0.000000   0.052800     0.0151       -99.999000           -4.281919e+01         -100.00
8.400000       8.950000     0.000000   0.052000     0.0151       -99.999000           -3.919899e+01         -100.00
8.400000       9.000000     0.000000   0.051200     0.0151       -99.999000           -3.594609e+01         -100.00
8.400000       9.050000     0.000000   0.050400     0.0151       -99.999000           -3.302029e+01         -100.00
8.400000       9.100000     0.000000   0.049500     0.0151       -99.999000           -3.038549e+01         -100.00
8.400000       9.150000     0.000000   0.048600     0.0151       -99.999000           -2.800969e+01         -100.00
8.400000       9.200000     0.000000   0.047700     0.0151       -99.999000           -2.586409e+01         -100.00
8.400000       9.250000     0.000000   0.046700     0.0151       -99.999000           -2.392329e+01         -100.00
8.400000       9.300000     0.000000   0.045700     0.0151       -99.999000           -2.216429e+01         -100.00
8.400000       9.350000     0.000000   0.044600     0.0151       -99.999000           -2.056699e+01         -100.00
8.400000       9.400000     0.000000   0.043500     0.0151       -99.999000           -1.911289e+01         -100.00
8.400000       9.450000     0.000000   0.042400     0.0151       -99.999000           -1.778609e+01         -100.00
8.400000       9.500000     0.000000   0.043400     0.0151       -99.999000           -1.656919e+01         -100.00
8.400000       9.550000     0.000000   0.042400     0.0151       -99.999000           -1.545469e+01         -100.00
8.400000       9.600000     0.000000   0.038900     0.0151       -99.999000           -1.443099e+01         -100.00
8.400000       9.650000     0.000000   0.037600     0.0151       -99.999000           -1.348239e+01         -100.00
8.420000       8.000000     0.000000   0.062100     0.0153       -99.999000           -1.057943e+02         -100.00
8.420000       8.050000     0.000000   0.061800     0.0153       -99.999000           -1.057943e+02         -100.00
8.420000       8.100000     0.000000   0.061600     0.0153       -99.999000           -1.057943e+02         -100.00
8.420000       8.150000     0.000000   0.061300     0.0153       -99.999000           -1.057943e+02         -100.00
8.420000       8.200000     0.000000   0.060900     0.0153       -99.999000           -1.057943e+02         -100.00
8.420000       8.250000     0.000000   0.060600     0.0153       -99.999000           -1.057943e+02         -100.00
8.420000       8.300000     0.000000   0.060200     0.0153       -99.999000           -1.057943e+02         -100.00
8.420000       8.350000     0.000000   0.059800     0.0153       -99.999000           -1.057943e+02         -100.00
8.420000       8.400000     0.000000   0.059400     0.0153       -99.999000           -1.057943e+02         -100.00
8.420000       8.450000     0.000000   0.059000     0.0153       -99.999000           -1.024310e+02         -100.00
8.420000       8.500000     0.000000   0.058500     0.0153       -99.999000           -9.255129e+01         -100.00
8.420000       8.550000     0.000000   0.058000     0.0153       -99.999000           -8.372219e+01         -100.00
8.420000       8.600000     0.000000   0.057500     0.0153       -99.999000           -7.582909e+01         -100.00
8.420000       8.650000     0.000000   0.057000     0.0153       -99.999000           -6.877019e+01         -100.00
8.420000       8.700000     0.000000   0.056400     0.0153       -99.999000           -6.245449e+01         -100.00
8.420000       8.750000     0.000000   0.055700     0.0153       -99.999000           -5.680079e+01         -100.00
8.420000       8.800000     0.000000   0.055100     0.0153       -99.999000           -5.173699e+01         -100.00
8.420000       8.850000     0.000000   0.054400     0.0153       -99.999000           -4.719869e+01         -100.00
8.420000       8.900000     0.000000   0.053700     0.0153       -99.999000           -4.312819e+01         -100.00
8.420000       8.950000     0.000000   0.052900     0.0153       -99.999000           -3.947459e+01         -100.00
8.420000       9.000000     0.000000   0.052100     0.0153       -99.999000           -3.619189e+01         -100.00
8.420000       9.050000     0.000000   0.051300     0.0153       -99.999000           -3.323959e+01         -100.00
8.420000       9.100000     0.000000   0.050400     0.0153       -99.999000           -3.058119e+01         -100.00
8.420000       9.150000     0.000000   0.049500     0.0153       -99.999000           -2.818429e+01         -100.00
8.420000       9.200000     0.000000   0.048500     0.0153       -99.999000           -2.601999e+01         -100.00
8.420000       9.250000     0.000000   0.047500     0.0153       -99.999000           -2.406249e+01         -100.00
8.420000       9.300000     0.000000   0.046500     0.0153       -99.999000           -2.228869e+01         -100.00
8.420000       9.350000     0.000000   0.045500     0.0153       -99.999000           -2.067809e+01         -100.00
8.420000       9.400000     0.000000   0.044400     0.0153       -99.999000           -1.921229e+01         -100.00
8.420000       9.450000     0.000000   0.043200     0.0153       -99.999000           -1.787499e+01         -100.00
8.420000       9.500000     0.000000   0.044200     0.0153       -99.999000           -1.664889e+01         -100.00
8.420000       9.550000     0.000000   0.043200     0.0153       -99.999000           -1.552619e+01         -100.00
8.420000       9.600000     0.000000   0.039600     0.0153       -99.999000           -1.449519e+01         -100.00
8.420000       9.650000     0.000000   0.038300     0.0153       -99.999000           -1.354009e+01         -100.00
8.440000       8.000000     0.000000   0.063100     0.0156       -99.999000           -1.057943e+02         -100.00
8.440000       8.050000     0.000000   0.062800     0.0156       -99.999000           -1.057943e+02         -100.00
8.440000       8.100000     0.000000   0.062500     0.0156       -99.999000           -1.057943e+02         -100.00
8.440000       8.150000     0.000000   0.062200     0.0156       -99.999000           -1.057943e+02         -100.00
8.440000       8.200000     0.000000   0.061900     0.0156       -99.999000           -1.057943e+02         -100.00
8.440000       8.250000     0.000000   0.061600     0.0156       -99.999000           -1.057943e+02         -100.00
8.440000       8.300000     0.000000   0.061200     0.0156       -99.999000           -1.057943e+02         -100.00
8.440000       8.350000     0.000000   0.060800     0.0156       -99.999000           -1.057943e+02         -100.00
8.440000       8.400000     0.000000   0.060400     0.0156       -99.999000           -1.057943e+02         -100.00
8.440000       8.450000     0.000000   0.060000     0.0156       -99.999000           -1.033131e+02         -100.00
8.440000       8.500000     0.000000   0.059500     0.0156       -99.999000           -9.333769e+01         -100.00
8.440000       8.550000     0.000000   0.059000     0.0156       -99.999000           -8.442319e+01         -100.00
8.440000       8.600000     0.000000   0.058500     0.0156       -99.999000           -7.645399e+01         -100.00
8.440000       8.650000     0.000000   0.057900     0.0156       -99.999000           -6.932729e+01         -100.00
8.440000       8.700000     0.000000   0.057300     0.0156       -99.999000           -6.295109e+01         -100.00
8.440000       8.750000     0.000000   0.056700     0.0156       -99.999000           -5.724359e+01         -100.00
8.440000       8.800000     0.000000   0.056000     0.0156       -99.999000           -5.213179e+01         -100.00
8.440000       8.850000     0.000000   0.055300     0.0156       -99.999000           -4.755069e+01         -100.00
8.440000       8.900000     0.000000   0.054600     0.0156       -99.999000           -4.344219e+01         -100.00
8.440000       8.950000     0.000000   0.053800     0.0156       -99.999000           -3.975449e+01         -100.00
8.440000       9.000000     0.000000   0.053000     0.0156       -99.999000           -3.644159e+01         -100.00
8.440000       9.050000     0.000000   0.052200     0.0156       -99.999000           -3.346229e+01         -100.00
8.440000       9.100000     0.000000   0.051300     0.0156       -99.999000           -3.077989e+01         -100.00
8.440000       9.150000     0.000000   0.050400     0.0156       -99.999000           -2.836159e+01         -100.00
8.440000       9.200000     0.000000   0.049400     0.0156       -99.999000           -2.617829e+01         -100.00
8.440000       9.250000     0.000000   0.048400     0.0156       -99.999000           -2.420379e+01         -100.00
8.440000       9.300000     0.000000   0.047400     0.0156       -99.999000           -2.241489e+01         -100.00
8.440000       9.350000     0.000000   0.046300     0.0156       -99.999000           -2.079089e+01         -100.00
8.440000       9.400000     0.000000   0.045200     0.0156       -99.999000           -1.931319e+01         -100.00
8.440000       9.450000     0.000000   0.044100     0.0156       -99.999000           -1.796529e+01         -100.00
8.440000       9.500000     0.000000   0.045000     0.0156       -99.999000           -1.672969e+01         -100.00
8.440000       9.550000     0.000000   0.044000     0.0156       -99.999000           -1.559869e+01         -100.00
8.440000       9.600000     0.000000   0.040400     0.0156       -99.999000           -1.456029e+01         -100.00
8.440000       9.650000     0.000000   0.039100     0.0156       -99.999000           -1.359869e+01         -100.00
8.460000       8.000000     0.000000   0.064100     0.0158       -99.999000           -1.057943e+02         -100.00
8.460000       8.050000     0.000000   0.063800     0.0158       -99.999000           -1.057943e+02         -100.00
8.460000       8.100000     0.000000   0.063600     0.0158       -99.999000           -1.057943e+02         -100.00
8.460000       8.150000     0.000000   0.063200     0.0158       -99.999000           -1.057943e+02         -100.00
8.460000       8.200000     0.000000   0.062900     0.0158       -99.999000           -1.057943e+02         -100.00
8.460000       8.250000     0.000000   0.062600     0.0158       -99.999000           -1.057943e+02         -100.00
8.460000       8.300000     0.000000   0.062200     0.0158       -99.999000           -1.057943e+02         -100.00
8.460000       8.350000     0.000000   0.061800     0.0158       -99.999000           -1.057943e+02         -100.00
8.460000       8.400000     0.000000   0.061400     0.0158       -99.999000           -1.057943e+02         -100.00
8.460000       8.450000     0.000000   0.061000     0.0158       -99.999000           -1.042092e+02         -100.00
8.460000       8.500000     0.000000   0.060500     0.0158       -99.999000           -9.413649e+01         -100.00
8.460000       8.550000     0.000000   0.060000     0.0158       -99.999000           -8.513519e+01         -100.00
8.460000       8.600000     0.000000   0.059400     0.0158       -99.999000           -7.708879e+01         -100.00
8.460000       8.650000     0.000000   0.058900     0.0158       -99.999000           -6.989319e+01         -100.00
8.460000       8.700000     0.000000   0.058300     0.0158       -99.999000           -6.345559e+01         -100.00
8.460000       8.750000     0.000000   0.057700     0.0158       -99.999000           -5.769339e+01         -100.00
8.460000       8.800000     0.000000   0.057000     0.0158       -99.999000           -5.253289e+01         -100.00
8.460000       8.850000     0.000000   0.056300     0.0158       -99.999000           -4.790829e+01         -100.00
8.460000       8.900000     0.000000   0.055500     0.0158       -99.999000           -4.376099e+01         -100.00
8.460000       8.950000     0.000000   0.054800     0.0158       -99.999000           -4.003889e+01         -100.00
8.460000       9.000000     0.000000   0.054000     0.0158       -99.999000           -3.669529e+01         -100.00
8.460000       9.050000     0.000000   0.053100     0.0158       -99.999000           -3.368859e+01         -100.00
8.460000       9.100000     0.000000   0.052200     0.0158       -99.999000           -3.098179e+01         -100.00
8.460000       9.150000     0.000000   0.051300     0.0158       -99.999000           -2.854179e+01         -100.00
8.460000       9.200000     0.000000   0.050300     0.0158       -99.999000           -2.633909e+01         -100.00
8.460000       9.250000     0.000000   0.049300     0.0158       -99.999000           -2.434729e+01         -100.00
8.460000       9.300000     0.000000   0.048300     0.0158       -99.999000           -2.254309e+01         -100.00
8.460000       9.350000     0.000000   0.047200     0.0158       -99.999000           -2.090549e+01         -100.00
8.460000       9.400000     0.000000   0.046000     0.0158       -99.999000           -1.941559e+01         -100.00
8.460000       9.450000     0.000000   0.044900     0.0158       -99.999000           -1.805689e+01         -100.00
8.460000       9.500000     0.000000   0.045800     0.0158       -99.999000           -1.681179e+01         -100.00
8.460000       9.550000     0.000000   0.044800     0.0158       -99.999000           -1.567229e+01         -100.00
8.460000       9.600000     0.000000   0.041200     0.0158       -99.999000           -1.462639e+01         -100.00
8.460000       9.650000     0.000000   0.039900     0.0158       -99.999000           -1.365809e+01         -100.00
8.480000       8.000000     0.000000   0.065100     0.0161       -99.999000           -1.057943e+02         -100.00
8.480000       8.050000     0.000000   0.064900     0.0161       -99.999000           -1.057943e+02         -100.00
8.480000       8.100000     0.000000   0.064600     0.0161       -99.999000           -1.057943e+02         -100.00
8.480000       8.150000     0.000000   0.064300     0.0161       -99.999000           -1.057943e+02         -100.00
8.480000       8.200000     0.000000   0.063900     0.0161       -99.999000           -1.057943e+02         -100.00
8.480000       8.250000     0.000000   0.063600     0.0161       -99.999000           -1.057943e+02         -100.00
8.480000       8.300000     0.000000   0.063200     0.0161       -99.999000           -1.057943e+02         -100.00
8.480000       8.350000     0.000000   0.062800     0.0161       -99.999000           -1.057943e+02         -100.00
8.480000       8.400000     0.000000   0.062400     0.0161       -99.999000           -1.057943e+02         -100.00
8.480000       8.450000     0.000000   0.062000     0.0161       -99.999000           -1.051194e+02         -100.00
8.480000       8.500000     0.000000   0.061500     0.0161       -99.999000           -9.494789e+01         -100.00
8.480000       8.550000     0.000000   0.061000     0.0161       -99.999000           -8.585859e+01         -100.00
8.480000       8.600000     0.000000   0.060400     0.0161       -99.999000           -7.773359e+01         -100.00
8.480000       8.650000     0.000000   0.059900     0.0161       -99.999000           -7.046799e+01         -100.00
8.480000       8.700000     0.000000   0.059300     0.0161       -99.999000           -6.396809e+01         -100.00
8.480000       8.750000     0.000000   0.058600     0.0161       -99.999000           -5.815029e+01         -100.00
8.480000       8.800000     0.000000   0.058000     0.0161       -99.999000           -5.294019e+01         -100.00
8.480000       8.850000     0.000000   0.057300     0.0161       -99.999000           -4.827149e+01         -100.00
8.480000       8.900000     0.000000   0.056500     0.0161       -99.999000           -4.408489e+01         -100.00
8.480000       8.950000     0.000000   0.055700     0.0161       -99.999000           -4.032769e+01         -100.00
8.480000       9.000000     0.000000   0.054900     0.0161       -99.999000           -3.695289e+01         -100.00
8.480000       9.050000     0.000000   0.054000     0.0161       -99.999000           -3.391839e+01         -100.00
8.480000       9.100000     0.000000   0.053100     0.0161       -99.999000           -3.118679e+01         -100.00
8.480000       9.150000     0.000000   0.052200     0.0161       -99.999000           -2.872469e+01         -100.00
8.480000       9.200000     0.000000   0.051200     0.0161       -99.999000           -2.650229e+01         -100.00
8.480000       9.250000     0.000000   0.050200     0.0161       -99.999000           -2.449309e+01         -100.00
8.480000       9.300000     0.000000   0.049100     0.0161       -99.999000           -2.267329e+01         -100.00
8.480000       9.350000     0.000000   0.048000     0.0161       -99.999000           -2.102179e+01         -100.00
8.480000       9.400000     0.000000   0.046900     0.0161       -99.999000           -1.951969e+01         -100.00
8.480000       9.450000     0.000000   0.045700     0.0161       -99.999000           -1.814999e+01         -100.00
8.480000       9.500000     0.000000   0.046600     0.0161       -99.999000           -1.689519e+01         -100.00
8.480000       9.550000     0.000000   0.045600     0.0161       -99.999000           -1.574699e+01         -100.00
8.480000       9.600000     0.000000   0.042000     0.0161       -99.999000           -1.469339e+01         -100.00
8.480000       9.650000     0.000000   0.040700     0.0161       -99.999000           -1.371839e+01         -100.00
8.500000       8.000000     0.000000   0.066200     0.0163       -99.999000           -1.057943e+02         -100.00
8.500000       8.050000     0.000000   0.065900     0.0163       -99.999000           -1.057943e+02         -100.00
8.500000       8.100000     0.000000   0.065600     0.0163       -99.999000           -1.057943e+02         -100.00
8.500000       8.150000     0.000000   0.065300     0.0163       -99.999000           -1.057943e+02         -100.00
8.500000       8.200000     0.000000   0.065000     0.0163       -99.999000           -1.057943e+02         -100.00
8.500000       8.250000     0.000000   0.064600     0.0163       -99.999000           -1.057943e+02         -100.00
8.500000       8.300000     0.000000   0.064300     0.0163       -99.999000           -1.057943e+02         -100.00
8.500000       8.350000     0.000000   0.063900     0.0163       -99.999000           -1.057943e+02         -100.00
8.500000       8.400000     0.000000   0.063400     0.0163       -99.999000           -1.057943e+02         -100.00
8.500000       8.450000     0.000000   0.063000     0.0163       -99.999000           -1.057943e+02         -100.00
8.500000       8.500000     0.000000   0.062500     0.0163       -99.999000           -9.577209e+01         -100.00
8.500000       8.550000     0.000000   0.062000     0.0163       -99.999000           -8.659329e+01         -100.00
8.500000       8.600000     0.000000   0.061500     0.0163       -99.999000           -7.838859e+01         -100.00
8.500000       8.650000     0.000000   0.060900     0.0163       -99.999000           -7.105189e+01         -100.00
8.500000       8.700000     0.000000   0.060300     0.0163       -99.999000           -6.448859e+01         -100.00
8.500000       8.750000     0.000000   0.059600     0.0163       -99.999000           -5.861439e+01         -100.00
8.500000       8.800000     0.000000   0.059000     0.0163       -99.999000           -5.335399e+01         -100.00
8.500000       8.850000     0.000000   0.058200     0.0163       -99.999000           -4.864049e+01         -100.00
8.500000       8.900000     0.000000   0.057500     0.0163       -99.999000           -4.441389e+01         -100.00
8.500000       8.950000     0.000000   0.056700     0.0163       -99.999000           -4.062109e+01         -100.00
8.500000       9.000000     0.000000   0.055900     0.0163       -99.999000           -3.721459e+01         -100.00
8.500000       9.050000     0.000000   0.055000     0.0163       -99.999000           -3.415179e+01         -100.00
8.500000       9.100000     0.000000   0.054100     0.0163       -99.999000           -3.139499e+01         -100.00
8.500000       9.150000     0.000000   0.053100     0.0163       -99.999000           -2.891049e+01         -100.00
8.500000       9.200000     0.000000   0.052100     0.0163       -99.999000           -2.666819e+01         -100.00
8.500000       9.250000     0.000000   0.051100     0.0163       -99.999000           -2.464119e+01         -100.00
8.500000       9.300000     0.000000   0.050000     0.0163       -99.999000           -2.280559e+01         -100.00
8.500000       9.350000     0.000000   0.048900     0.0163       -99.999000           -2.113989e+01         -100.00
8.500000       9.400000     0.000000   0.047800     0.0163       -99.999000           -1.962529e+01         -100.00
8.500000       9.450000     0.000000   0.046600     0.0163       -99.999000           -1.824449e+01         -100.00
8.500000       9.500000     0.000000   0.047500     0.0163       -99.999000           -1.697969e+01         -100.00
8.500000       9.550000     0.000000   0.046500     0.0163       -99.999000           -1.582279e+01         -100.00
8.500000       9.600000     0.000000   0.042900     0.0163       -99.999000           -1.476149e+01         -100.00
8.500000       9.650000     0.000000   0.041500     0.0163       -99.999000           -1.377959e+01         -100.00
8.520000       8.000000     0.000000   0.067200     0.0165       -99.999000           -1.057943e+02         -100.00
8.520000       8.050000     0.000000   0.067000     0.0165       -99.999000           -1.057943e+02         -100.00
8.520000       8.100000     0.000000   0.066700     0.0165       -99.999000           -1.057943e+02         -100.00
8.520000       8.150000     0.000000   0.066400     0.0165       -99.999000           -1.057943e+02         -100.00
8.520000       8.200000     0.000000   0.066000     0.0165       -99.999000           -1.057943e+02         -100.00
8.520000       8.250000     0.000000   0.065700     0.0165       -99.999000           -1.057943e+02         -100.00
8.520000       8.300000     0.000000   0.065300     0.0165       -99.999000           -1.057943e+02         -100.00
8.520000       8.350000     0.000000   0.064900     0.0165       -99.999000           -1.057943e+02         -100.00
8.520000       8.400000     0.000000   0.064500     0.0165       -99.999000           -1.057943e+02         -100.00
8.520000       8.450000     0.000000   0.064000     0.0165       -99.999000           -1.057943e+02         -100.00
8.520000       8.500000     0.000000   0.063500     0.0165       -99.999000           -9.660939e+01         -100.00
8.520000       8.550000     0.000000   0.063000     0.0165       -99.999000           -8.733969e+01         -100.00
8.520000       8.600000     0.000000   0.062500     0.0165       -99.999000           -7.905389e+01         -100.00
8.520000       8.650000     0.000000   0.061900     0.0165       -99.999000           -7.164509e+01         -100.00
8.520000       8.700000     0.000000   0.061300     0.0165       -99.999000           -6.501739e+01         -100.00
8.520000       8.750000     0.000000   0.060600     0.0165       -99.999000           -5.908579e+01         -100.00
8.520000       8.800000     0.000000   0.060000     0.0165       -99.999000           -5.377429e+01         -100.00
8.520000       8.850000     0.000000   0.059200     0.0165       -99.999000           -4.901519e+01         -100.00
8.520000       8.900000     0.000000   0.058500     0.0165       -99.999000           -4.474809e+01         -100.00
8.520000       8.950000     0.000000   0.057700     0.0165       -99.999000           -4.091919e+01         -100.00
8.520000       9.000000     0.000000   0.056800     0.0165       -99.999000           -3.748029e+01         -100.00
8.520000       9.050000     0.000000   0.056000     0.0165       -99.999000           -3.438889e+01         -100.00
8.520000       9.100000     0.000000   0.055000     0.0165       -99.999000           -3.160649e+01         -100.00
8.520000       9.150000     0.000000   0.054100     0.0165       -99.999000           -2.909919e+01         -100.00
8.520000       9.200000     0.000000   0.053100     0.0165       -99.999000           -2.683659e+01         -100.00
8.520000       9.250000     0.000000   0.052000     0.0165       -99.999000           -2.479149e+01         -100.00
8.520000       9.300000     0.000000   0.051000     0.0165       -99.999000           -2.293979e+01         -100.00
8.520000       9.350000     0.000000   0.049900     0.0165       -99.999000           -2.125989e+01         -100.00
8.520000       9.400000     0.000000   0.048700     0.0165       -99.999000           -1.973249e+01         -100.00
8.520000       9.450000     0.000000   0.047500     0.0165       -99.999000           -1.834039e+01         -100.00
8.520000       9.500000     0.000000   0.048300     0.0165       -99.999000           -1.706559e+01         -100.00
8.520000       9.550000     0.000000   0.047300     0.0165       -99.999000           -1.589979e+01         -100.00
8.520000       9.600000     0.000000   0.046300     0.0165       -99.999000           -1.482799e+01         -100.00
8.520000       9.650000     0.000000   0.042300     0.0165       -99.999000           -1.384169e+01         -100.00
8.540000       8.000000     0.000000   0.068300     0.0168       -99.999000           -1.057943e+02         -100.00
8.540000       8.050000     0.000000   0.068000     0.0168       -99.999000           -1.057943e+02         -100.00
8.540000       8.100000     0.000000   0.067700     0.0168       -99.999000           -1.057943e+02         -100.00
8.540000       8.150000     0.000000   0.067400     0.0168       -99.999000           -1.057943e+02         -100.00
8.540000       8.200000     0.000000   0.067100     0.0168       -99.999000           -1.057943e+02         -100.00
8.540000       8.250000     0.000000   0.066700     0.0168       -99.999000           -1.057943e+02         -100.00
8.540000       8.300000     0.000000   0.066400     0.0168       -99.999000           -1.057943e+02         -100.00
8.540000       8.350000     0.000000   0.066000     0.0168       -99.999000           -1.057943e+02         -100.00
8.540000       8.400000     0.000000   0.065500     0.0168       -99.999000           -1.057943e+02         -100.00
8.540000       8.450000     0.000000   0.065100     0.0168       -99.999000           -1.057943e+02         -100.00
8.540000       8.500000     0.000000   0.064600     0.0168       -99.999000           -9.745979e+01         -100.00
8.540000       8.550000     0.000000   0.064100     0.0168       -99.999000           -8.809779e+01         -100.00
8.540000       8.600000     0.000000   0.063500     0.0168       -99.999000           -7.972979e+01         -100.00
8.540000       8.650000     0.000000   0.062900     0.0168       -99.999000           -7.224749e+01         -100.00
8.540000       8.700000     0.000000   0.062300     0.0168       -99.999000           -6.555449e+01         -100.00
8.540000       8.750000     0.000000   0.061700     0.0168       -99.999000           -5.956469e+01         -100.00
8.540000       8.800000     0.000000   0.061000     0.0168       -99.999000           -5.420129e+01         -100.00
8.540000       8.850000     0.000000   0.060300     0.0168       -99.999000           -4.939589e+01         -100.00
8.540000       8.900000     0.000000   0.059500     0.0168       -99.999000           -4.508749e+01         -100.00
8.540000       8.950000     0.000000   0.058700     0.0168       -99.999000           -4.122189e+01         -100.00
8.540000       9.000000     0.000000   0.057800     0.0168       -99.999000           -3.775029e+01         -100.00
8.540000       9.050000     0.000000   0.057000     0.0168       -99.999000           -3.462969e+01         -100.00
8.540000       9.100000     0.000000   0.056000     0.0168       -99.999000           -3.182129e+01         -100.00
8.540000       9.150000     0.000000   0.055100     0.0168       -99.999000           -2.929089e+01         -100.00
8.540000       9.200000     0.000000   0.054000     0.0168       -99.999000           -2.700759e+01         -100.00
8.540000       9.250000     0.000000   0.053000     0.0168       -99.999000           -2.494419e+01         -100.00
8.540000       9.300000     0.000000   0.051900     0.0168       -99.999000           -2.307619e+01         -100.00
8.540000       9.350000     0.000000   0.050800     0.0168       -99.999000           -2.138169e+01         -100.00
8.540000       9.400000     0.000000   0.049600     0.0168       -99.999000           -1.984139e+01         -100.00
8.540000       9.450000     0.000000   0.048400     0.0168       -99.999000           -1.843779e+01         -100.00
8.540000       9.500000     0.000000   0.047200     0.0168       -99.999000           -1.715549e+01         -100.00
8.540000       9.550000     0.000000   0.048200     0.0168       -99.999000           -1.597789e+01         -100.00
8.540000       9.600000     0.000000   0.047200     0.0168       -99.999000           -1.489799e+01         -100.00
8.540000       9.650000     0.000000   0.043200     0.0168       -99.999000           -1.390459e+01         -100.00
8.560000       8.000000     0.000000   0.069400     0.0171       -99.999000           -1.057943e+02         -100.00
8.560000       8.050000     0.000000   0.069100     0.0171       -99.999000           -1.057943e+02         -100.00
8.560000       8.100000     0.000000   0.068800     0.0171       -99.999000           -1.057943e+02         -100.00
8.560000       8.150000     0.000000   0.068500     0.0171       -99.999000           -1.057943e+02         -100.00
8.560000       8.200000     0.000000   0.068200     0.0171       -99.999000           -1.057943e+02         -100.00
8.560000       8.250000     0.000000   0.067800     0.0171       -99.999000           -1.057943e+02         -100.00
8.560000       8.300000     0.000000   0.067400     0.0171       -99.999000           -1.057943e+02         -100.00
8.560000       8.350000     0.000000   0.067000     0.0171       -99.999000           -1.057943e+02         -100.00
8.560000       8.400000     0.000000   0.066600     0.0171       -99.999000           -1.057943e+02         -100.00
8.560000       8.450000     0.000000   0.066100     0.0171       -99.999000           -1.057943e+02         -100.00
8.560000       8.500000     0.000000   0.065700     0.0171       -99.999000           -9.832369e+01         -100.00
8.560000       8.550000     0.000000   0.065100     0.0171       -99.999000           -8.886779e+01         -100.00
8.560000       8.600000     0.000000   0.064600     0.0171       -99.999000           -8.041619e+01         -100.00
8.560000       8.650000     0.000000   0.064000     0.0171       -99.999000           -7.285949e+01         -100.00
8.560000       8.700000     0.000000   0.063400     0.0171       -99.999000           -6.610009e+01         -100.00
8.560000       8.750000     0.000000   0.062700     0.0171       -99.999000           -6.005109e+01         -100.00
8.560000       8.800000     0.000000   0.062000     0.0171       -99.999000           -5.463489e+01         -100.00
8.560000       8.850000     0.000000   0.061300     0.0171       -99.999000           -4.978249e+01         -100.00
8.560000       8.900000     0.000000   0.060500     0.0171       -99.999000           -4.543229e+01         -100.00
8.560000       8.950000     0.000000   0.059700     0.0171       -99.999000           -4.152929e+01         -100.00
8.560000       9.000000     0.000000   0.058900     0.0171       -99.999000           -3.802449e+01         -100.00
8.560000       9.050000     0.000000   0.058000     0.0171       -99.999000           -3.487419e+01         -100.00
8.560000       9.100000     0.000000   0.057000     0.0171       -99.999000           -3.203949e+01         -100.00
8.560000       9.150000     0.000000   0.056000     0.0171       -99.999000           -2.948549e+01         -100.00
8.560000       9.200000     0.000000   0.055000     0.0171       -99.999000           -2.718139e+01         -100.00
8.560000       9.250000     0.000000   0.054000     0.0171       -99.999000           -2.509929e+01         -100.00
8.560000       9.300000     0.000000   0.052900     0.0171       -99.999000           -2.321469e+01         -100.00
8.560000       9.350000     0.000000   0.051700     0.0171       -99.999000           -2.150539e+01         -100.00
8.560000       9.400000     0.000000   0.050500     0.0171       -99.999000           -1.995199e+01         -100.00
8.560000       9.450000     0.000000   0.049300     0.0171       -99.999000           -1.853669e+01         -100.00
8.560000       9.500000     0.000000   0.048100     0.0171       -99.999000           -1.724399e+01         -100.00
8.560000       9.550000     0.000000   0.049100     0.0171       -99.999000           -1.605719e+01         -100.00
8.560000       9.600000     0.000000   0.048000     0.0171       -99.999000           -1.496909e+01         -100.00
8.560000       9.650000     0.000000   0.044000     0.0171       -99.999000           -1.396849e+01         -100.00
8.580000       8.000000     0.000000   0.070500     0.0173       -99.999000           -1.057943e+02         -100.00
8.580000       8.050000     0.000000   0.070200     0.0173       -99.999000           -1.057943e+02         -100.00
8.580000       8.100000     0.000000   0.069900     0.0173       -99.999000           -1.057943e+02         -100.00
8.580000       8.150000     0.000000   0.069600     0.0173       -99.999000           -1.057943e+02         -100.00
8.580000       8.200000     0.000000   0.069300     0.0173       -99.999000           -1.057943e+02         -100.00
8.580000       8.250000     0.000000   0.068900     0.0173       -99.999000           -1.057943e+02         -100.00
8.580000       8.300000     0.000000   0.068500     0.0173       -99.999000           -1.057943e+02         -100.00
8.580000       8.350000     0.000000   0.068100     0.0173       -99.999000           -1.057943e+02         -100.00
8.580000       8.400000     0.000000   0.067700     0.0173       -99.999000           -1.057943e+02         -100.00
8.580000       8.450000     0.000000   0.067200     0.0173       -99.999000           -1.057943e+02         -100.00
8.580000       8.500000     0.000000   0.066700     0.0173       -99.999000           -9.920119e+01         -100.00
8.580000       8.550000     0.000000   0.066200     0.0173       -99.999000           -8.964999e+01         -100.00
8.580000       8.600000     0.000000   0.065700     0.0173       -99.999000           -8.111349e+01         -100.00
8.580000       8.650000     0.000000   0.065100     0.0173       -99.999000           -7.348109e+01         -100.00
8.580000       8.700000     0.000000   0.064400     0.0173       -99.999000           -6.665419e+01         -100.00
8.580000       8.750000     0.000000   0.063800     0.0173       -99.999000           -6.054509e+01         -100.00
8.580000       8.800000     0.000000   0.063100     0.0173       -99.999000           -5.507539e+01         -100.00
8.580000       8.850000     0.000000   0.062300     0.0173       -99.999000           -5.017529e+01         -100.00
8.580000       8.900000     0.000000   0.061600     0.0173       -99.999000           -4.578249e+01         -100.00
8.580000       8.950000     0.000000   0.060700     0.0173       -99.999000           -4.184159e+01         -100.00
8.580000       9.000000     0.000000   0.059900     0.0173       -99.999000           -3.830299e+01         -100.00
8.580000       9.050000     0.000000   0.059000     0.0173       -99.999000           -3.512259e+01         -100.00
8.580000       9.100000     0.000000   0.058000     0.0173       -99.999000           -3.226109e+01         -100.00
8.580000       9.150000     0.000000   0.057000     0.0173       -99.999000           -2.968329e+01         -100.00
8.580000       9.200000     0.000000   0.056000     0.0173       -99.999000           -2.735779e+01         -100.00
8.580000       9.250000     0.000000   0.054900     0.0173       -99.999000           -2.525679e+01         -100.00
8.580000       9.300000     0.000000   0.053800     0.0173       -99.999000           -2.335529e+01         -100.00
8.580000       9.350000     0.000000   0.052700     0.0173       -99.999000           -2.163109e+01         -100.00
8.580000       9.400000     0.000000   0.051500     0.0173       -99.999000           -2.006419e+01         -100.00
8.580000       9.450000     0.000000   0.050200     0.0173       -99.999000           -1.863709e+01         -100.00
8.580000       9.500000     0.000000   0.049000     0.0173       -99.999000           -1.733379e+01         -100.00
8.580000       9.550000     0.000000   0.050000     0.0173       -99.999000           -1.613769e+01         -100.00
8.580000       9.600000     0.000000   0.048900     0.0173       -99.999000           -1.504129e+01         -100.00
8.580000       9.650000     0.000000   0.044900     0.0173       -99.999000           -1.403329e+01         -100.00
8.600000       8.000000     0.000000   0.071600     0.0176       -99.999000           -1.057943e+02         -100.00
8.600000       8.050000     0.000000   0.071400     0.0176       -99.999000           -1.057943e+02         -100.00
8.600000       8.100000     0.000000   0.071100     0.0176       -99.999000           -1.057943e+02         -100.00
8.600000       8.150000     0.000000   0.070700     0.0176       -99.999000           -1.057943e+02         -100.00
8.600000       8.200000     0.000000   0.070400     0.0176       -99.999000           -1.057943e+02         -100.00
8.600000       8.250000     0.000000   0.070000     0.0176       -99.999000           -1.057943e+02         -100.00
8.600000       8.300000     0.000000   0.069700     0.0176       -99.999000           -1.057943e+02         -100.00
8.600000       8.350000     0.000000   0.069200     0.0176       -99.999000           -1.057943e+02         -100.00
8.600000       8.400000     0.000000   0.068800     0.0176       -99.999000           -1.057943e+02         -100.00
8.600000       8.450000     0.000000   0.068300     0.0176       -99.999000           -1.057943e+02         -100.00
8.600000       8.500000     0.000000   0.067800     0.0176       -99.999000           -1.000925e+02         -100.00
8.600000       8.550000     0.000000   0.067300     0.0176       -99.999000           -9.044449e+01         -100.00
8.600000       8.600000     0.000000   0.066700     0.0176       -99.999000           -8.182179e+01         -100.00
8.600000       8.650000     0.000000   0.066200     0.0176       -99.999000           -7.411249e+01         -100.00
8.600000       8.700000     0.000000   0.065500     0.0176       -99.999000           -6.721709e+01         -100.00
8.600000       8.750000     0.000000   0.064900     0.0176       -99.999000           -6.104689e+01         -100.00
8.600000       8.800000     0.000000   0.064100     0.0176       -99.999000           -5.552279e+01         -100.00
8.600000       8.850000     0.000000   0.063400     0.0176       -99.999000           -5.057419e+01         -100.00
8.600000       8.900000     0.000000   0.062600     0.0176       -99.999000           -4.613819e+01         -100.00
8.600000       8.950000     0.000000   0.061800     0.0176       -99.999000           -4.215879e+01         -100.00
8.600000       9.000000     0.000000   0.060900     0.0176       -99.999000           -3.858589e+01         -100.00
8.600000       9.050000     0.000000   0.060000     0.0176       -99.999000           -3.537489e+01         -100.00
8.600000       9.100000     0.000000   0.059100     0.0176       -99.999000           -3.248609e+01         -100.00
8.600000       9.150000     0.000000   0.058100     0.0176       -99.999000           -2.988399e+01         -100.00
8.600000       9.200000     0.000000   0.057000     0.0176       -99.999000           -2.753699e+01         -100.00
8.600000       9.250000     0.000000   0.055900     0.0176       -99.999000           -2.541669e+01         -100.00
8.600000       9.300000     0.000000   0.054800     0.0176       -99.999000           -2.349809e+01         -100.00
8.600000       9.350000     0.000000   0.053600     0.0176       -99.999000           -2.175859e+01         -100.00
8.600000       9.400000     0.000000   0.052400     0.0176       -99.999000           -2.017819e+01         -100.00
8.600000       9.450000     0.000000   0.051200     0.0176       -99.999000           -1.873899e+01         -100.00
8.600000       9.500000     0.000000   0.049900     0.0176       -99.999000           -1.742499e+01         -100.00
8.600000       9.550000     0.000000   0.050900     0.0176       -99.999000           -1.621929e+01         -100.00
8.600000       9.600000     0.000000   0.049800     0.0176       -99.999000           -1.511449e+01         -100.00
8.600000       9.650000     0.000000   0.045800     0.0176       -99.999000           -1.409909e+01         -100.00
8.620000       8.000000     0.000000   0.072800     0.0179       -99.999000           -1.057943e+02         -100.00
8.620000       8.050000     0.000000   0.072500     0.0179       -99.999000           -1.057943e+02         -100.00
8.620000       8.100000     0.000000   0.072200     0.0179       -99.999000           -1.057943e+02         -100.00
8.620000       8.150000     0.000000   0.071900     0.0179       -99.999000           -1.057943e+02         -100.00
8.620000       8.200000     0.000000   0.071500     0.0179       -99.999000           -1.057943e+02         -100.00
8.620000       8.250000     0.000000   0.071200     0.0179       -99.999000           -1.057943e+02         -100.00
8.620000       8.300000     0.000000   0.070800     0.0179       -99.999000           -1.057943e+02         -100.00
8.620000       8.350000     0.000000   0.070400     0.0179       -99.999000           -1.057943e+02         -100.00
8.620000       8.400000     0.000000   0.069900     0.0179       -99.999000           -1.057943e+02         -100.00
8.620000       8.450000     0.000000   0.069500     0.0179       -99.999000           -1.057943e+02         -100.00
8.620000       8.500000     0.000000   0.069000     0.0179       -99.999000           -1.009978e+02         -100.00
8.620000       8.550000     0.000000   0.068400     0.0179       -99.999000           -9.125159e+01         -100.00
8.620000       8.600000     0.000000   0.067900     0.0179       -99.999000           -8.254119e+01         -100.00
8.620000       8.650000     0.000000   0.067300     0.0179       -99.999000           -7.475379e+01         -100.00
8.620000       8.700000     0.000000   0.066600     0.0179       -99.999000           -6.778879e+01         -100.00
8.620000       8.750000     0.000000   0.065900     0.0179       -99.999000           -6.155659e+01         -100.00
8.620000       8.800000     0.000000   0.065200     0.0179       -99.999000           -5.597719e+01         -100.00
8.620000       8.850000     0.000000   0.064500     0.0179       -99.999000           -5.097939e+01         -100.00
8.620000       8.900000     0.000000   0.063700     0.0179       -99.999000           -4.649949e+01         -100.00
8.620000       8.950000     0.000000   0.062900     0.0179       -99.999000           -4.248089e+01         -100.00
8.620000       9.000000     0.000000   0.062000     0.0179       -99.999000           -3.887319e+01         -100.00
8.620000       9.050000     0.000000   0.061100     0.0179       -99.999000           -3.563119e+01         -100.00
8.620000       9.100000     0.000000   0.060100     0.0179       -99.999000           -3.271469e+01         -100.00
8.620000       9.150000     0.000000   0.059100     0.0179       -99.999000           -3.008799e+01         -100.00
8.620000       9.200000     0.000000   0.058100     0.0179       -99.999000           -2.771899e+01         -100.00
8.620000       9.250000     0.000000   0.057000     0.0179       -99.999000           -2.557919e+01         -100.00
8.620000       9.300000     0.000000   0.055800     0.0179       -99.999000           -2.364309e+01         -100.00
8.620000       9.350000     0.000000   0.054600     0.0179       -99.999000           -2.188809e+01         -100.00
8.620000       9.400000     0.000000   0.053400     0.0179       -99.999000           -2.029389e+01         -100.00
8.620000       9.450000     0.000000   0.052200     0.0179       -99.999000           -1.884249e+01         -100.00
8.620000       9.500000     0.000000   0.050900     0.0179       -99.999000           -1.751759e+01         -100.00
8.620000       9.550000     0.000000   0.051800     0.0179       -99.999000           -1.630229e+01         -100.00
8.620000       9.600000     0.000000   0.050700     0.0179       -99.999000           -1.518889e+01         -100.00
8.620000       9.650000     0.000000   0.046700     0.0179       -99.999000           -1.416579e+01         -100.00
8.640000       8.000000     0.000000   0.073900     0.0181       -99.999000           -1.057943e+02         -100.00
8.640000       8.050000     0.000000   0.073700     0.0181       -99.999000           -1.057943e+02         -100.00
8.640000       8.100000     0.000000   0.073400     0.0181       -99.999000           -1.057943e+02         -100.00
8.640000       8.150000     0.000000   0.073000     0.0181       -99.999000           -1.057943e+02         -100.00
8.640000       8.200000     0.000000   0.072700     0.0181       -99.999000           -1.057943e+02         -100.00
8.640000       8.250000     0.000000   0.072300     0.0181       -99.999000           -1.057943e+02         -100.00
8.640000       8.300000     0.000000   0.071900     0.0181       -99.999000           -1.057943e+02         -100.00
8.640000       8.350000     0.000000   0.071500     0.0181       -99.999000           -1.057943e+02         -100.00
8.640000       8.400000     0.000000   0.071100     0.0181       -99.999000           -1.057943e+02         -100.00
8.640000       8.450000     0.000000   0.070600     0.0181       -99.999000           -1.057943e+02         -100.00
8.640000       8.500000     0.000000   0.070100     0.0181       -99.999000           -1.019174e+02         -100.00
8.640000       8.550000     0.000000   0.069600     0.0181       -99.999000           -9.207129e+01         -100.00
8.640000       8.600000     0.000000   0.069000     0.0181       -99.999000           -8.327189e+01         -100.00
8.640000       8.650000     0.000000   0.068400     0.0181       -99.999000           -7.540519e+01         -100.00
8.640000       8.700000     0.000000   0.067700     0.0181       -99.999000           -6.836949e+01         -100.00
8.640000       8.750000     0.000000   0.067100     0.0181       -99.999000           -6.207429e+01         -100.00
8.640000       8.800000     0.000000   0.066300     0.0181       -99.999000           -5.643879e+01         -100.00
8.640000       8.850000     0.000000   0.065600     0.0181       -99.999000           -5.139089e+01         -100.00
8.640000       8.900000     0.000000   0.064800     0.0181       -99.999000           -4.686639e+01         -100.00
8.640000       8.950000     0.000000   0.064000     0.0181       -99.999000           -4.280819e+01         -100.00
8.640000       9.000000     0.000000   0.063100     0.0181       -99.999000           -3.916499e+01         -100.00
8.640000       9.050000     0.000000   0.062100     0.0181       -99.999000           -3.589149e+01         -100.00
8.640000       9.100000     0.000000   0.061200     0.0181       -99.999000           -3.294689e+01         -100.00
8.640000       9.150000     0.000000   0.060200     0.0181       -99.999000           -3.029509e+01         -100.00
8.640000       9.200000     0.000000   0.059100     0.0181       -99.999000           -2.790379e+01         -100.00
8.640000       9.250000     0.000000   0.058000     0.0181       -99.999000           -2.574409e+01         -100.00
8.640000       9.300000     0.000000   0.056800     0.0181       -99.999000           -2.379039e+01         -100.00
8.640000       9.350000     0.000000   0.055600     0.0181       -99.999000           -2.201969e+01         -100.00
8.640000       9.400000     0.000000   0.054400     0.0181       -99.999000           -2.041149e+01         -100.00
8.640000       9.450000     0.000000   0.053100     0.0181       -99.999000           -1.894749e+01         -100.00
8.640000       9.500000     0.000000   0.051800     0.0181       -99.999000           -1.761159e+01         -100.00
8.640000       9.550000     0.000000   0.052800     0.0181       -99.999000           -1.638639e+01         -100.00
8.640000       9.600000     0.000000   0.051700     0.0181       -99.999000           -1.526429e+01         -100.00
8.640000       9.650000     0.000000   0.047600     0.0181       -99.999000           -1.423349e+01         -100.00
8.660000       8.000000     0.000000   0.075100     0.0184       -99.999000           -1.057943e+02         -100.00
8.660000       8.050000     0.000000   0.074800     0.0184       -99.999000           -1.057943e+02         -100.00
8.660000       8.100000     0.000000   0.074500     0.0184       -99.999000           -1.057943e+02         -100.00
8.660000       8.150000     0.000000   0.074200     0.0184       -99.999000           -1.057943e+02         -100.00
8.660000       8.200000     0.000000   0.073900     0.0184       -99.999000           -1.057943e+02         -100.00
8.660000       8.250000     0.000000   0.073500     0.0184       -99.999000           -1.057943e+02         -100.00
8.660000       8.300000     0.000000   0.073100     0.0184       -99.999000           -1.057943e+02         -100.00
8.660000       8.350000     0.000000   0.072700     0.0184       -99.999000           -1.057943e+02         -100.00
8.660000       8.400000     0.000000   0.072200     0.0184       -99.999000           -1.057943e+02         -100.00
8.660000       8.450000     0.000000   0.071800     0.0184       -99.999000           -1.057943e+02         -100.00
8.660000       8.500000     0.000000   0.071200     0.0184       -99.999000           -1.028514e+02         -100.00
8.660000       8.550000     0.000000   0.070700     0.0184       -99.999000           -9.290389e+01         -100.00
8.660000       8.600000     0.000000   0.070100     0.0184       -99.999000           -8.401409e+01         -100.00
8.660000       8.650000     0.000000   0.069500     0.0184       -99.999000           -7.606679e+01         -100.00
8.660000       8.700000     0.000000   0.068900     0.0184       -99.999000           -6.895939e+01         -100.00
8.660000       8.750000     0.000000   0.068200     0.0184       -99.999000           -6.260019e+01         -100.00
8.660000       8.800000     0.000000   0.067500     0.0184       -99.999000           -5.690759e+01         -100.00
8.660000       8.850000     0.000000   0.066700     0.0184       -99.999000           -5.180889e+01         -100.00
8.660000       8.900000     0.000000   0.065900     0.0184       -99.999000           -4.723909e+01         -100.00
8.660000       8.950000     0.000000   0.065100     0.0184       -99.999000           -4.314049e+01         -100.00
8.660000       9.000000     0.000000   0.064200     0.0184       -99.999000           -3.946139e+01         -100.00
8.660000       9.050000     0.000000   0.063200     0.0184       -99.999000           -3.615579e+01         -100.00
8.660000       9.100000     0.000000   0.062300     0.0184       -99.999000           -3.318269e+01         -100.00
8.660000       9.150000     0.000000   0.061200     0.0184       -99.999000           -3.050549e+01         -100.00
8.660000       9.200000     0.000000   0.060200     0.0184       -99.999000           -2.809149e+01         -100.00
8.660000       9.250000     0.000000   0.059000     0.0184       -99.999000           -2.591159e+01         -100.00
8.660000       9.300000     0.000000   0.057900     0.0184       -99.999000           -2.393989e+01         -100.00
8.660000       9.350000     0.000000   0.056700     0.0184       -99.999000           -2.215319e+01         -100.00
8.660000       9.400000     0.000000   0.055400     0.0184       -99.999000           -2.053079e+01         -100.00
8.660000       9.450000     0.000000   0.054100     0.0184       -99.999000           -1.905419e+01         -100.00
8.660000       9.500000     0.000000   0.052800     0.0184       -99.999000           -1.770699e+01         -100.00
8.660000       9.550000     0.000000   0.053800     0.0184       -99.999000           -1.647189e+01         -100.00
8.660000       9.600000     0.000000   0.052600     0.0184       -99.999000           -1.534089e+01         -100.00
8.660000       9.650000     0.000000   0.051500     0.0184       -99.999000           -1.429969e+01         -100.00
8.680000       8.000000     0.000000   0.076300     0.0187       -99.999000           -1.057943e+02         -100.00
8.680000       8.050000     0.000000   0.076000     0.0187       -99.999000           -1.057943e+02         -100.00
8.680000       8.100000     0.000000   0.075700     0.0187       -99.999000           -1.057943e+02         -100.00
8.680000       8.150000     0.000000   0.075400     0.0187       -99.999000           -1.057943e+02         -100.00
8.680000       8.200000     0.000000   0.075100     0.0187       -99.999000           -1.057943e+02         -100.00
8.680000       8.250000     0.000000   0.074700     0.0187       -99.999000           -1.057943e+02         -100.00
8.680000       8.300000     0.000000   0.074300     0.0187       -99.999000           -1.057943e+02         -100.00
8.680000       8.350000     0.000000   0.073900     0.0187       -99.999000           -1.057943e+02         -100.00
8.680000       8.400000     0.000000   0.073400     0.0187       -99.999000           -1.057943e+02         -100.00
8.680000       8.450000     0.000000   0.072900     0.0187       -99.999000           -1.057943e+02         -100.00
8.680000       8.500000     0.000000   0.072400     0.0187       -99.999000           -1.038001e+02         -100.00
8.680000       8.550000     0.000000   0.071900     0.0187       -99.999000           -9.374949e+01         -100.00
8.680000       8.600000     0.000000   0.071300     0.0187       -99.999000           -8.476799e+01         -100.00
8.680000       8.650000     0.000000   0.070700     0.0187       -99.999000           -7.673889e+01         -100.00
8.680000       8.700000     0.000000   0.070000     0.0187       -99.999000           -6.955849e+01         -100.00
8.680000       8.750000     0.000000   0.069300     0.0187       -99.999000           -6.313429e+01         -100.00
8.680000       8.800000     0.000000   0.068600     0.0187       -99.999000           -5.738379e+01         -100.00
8.680000       8.850000     0.000000   0.067800     0.0187       -99.999000           -5.223349e+01         -100.00
8.680000       8.900000     0.000000   0.067000     0.0187       -99.999000           -4.761769e+01         -100.00
8.680000       8.950000     0.000000   0.066200     0.0187       -99.999000           -4.347809e+01         -100.00
8.680000       9.000000     0.000000   0.065300     0.0187       -99.999000           -3.976239e+01         -100.00
8.680000       9.050000     0.000000   0.064300     0.0187       -99.999000           -3.642429e+01         -100.00
8.680000       9.100000     0.000000   0.063300     0.0187       -99.999000           -3.342219e+01         -100.00
8.680000       9.150000     0.000000   0.062300     0.0187       -99.999000           -3.071909e+01         -100.00
8.680000       9.200000     0.000000   0.061200     0.0187       -99.999000           -2.828209e+01         -100.00
8.680000       9.250000     0.000000   0.060100     0.0187       -99.999000           -2.608179e+01         -100.00
8.680000       9.300000     0.000000   0.058900     0.0187       -99.999000           -2.409179e+01         -100.00
8.680000       9.350000     0.000000   0.057700     0.0187       -99.999000           -2.228879e+01         -100.00
8.680000       9.400000     0.000000   0.056400     0.0187       -99.999000           -2.065199e+01         -100.00
8.680000       9.450000     0.000000   0.055100     0.0187       -99.999000           -1.916249e+01         -100.00
8.680000       9.500000     0.000000   0.053800     0.0187       -99.999000           -1.780389e+01         -100.00
8.680000       9.550000     0.000000   0.054700     0.0187       -99.999000           -1.655859e+01         -100.00
8.680000       9.600000     0.000000   0.053600     0.0187       -99.999000           -1.541859e+01         -100.00
8.680000       9.650000     0.000000   0.052400     0.0187       -99.999000           -1.436939e+01         -100.00
8.700000       8.000000     0.000000   0.077500     0.0190       -99.999000           -1.057943e+02         -100.00
8.700000       8.050000     0.000000   0.077200     0.0190       -99.999000           -1.057943e+02         -100.00
8.700000       8.100000     0.000000   0.076900     0.0190       -99.999000           -1.057943e+02         -100.00
8.700000       8.150000     0.000000   0.076600     0.0190       -99.999000           -1.057943e+02         -100.00
8.700000       8.200000     0.000000   0.076300     0.0190       -99.999000           -1.057943e+02         -100.00
8.700000       8.250000     0.000000   0.075900     0.0190       -99.999000           -1.057943e+02         -100.00
8.700000       8.300000     0.000000   0.075500     0.0190       -99.999000           -1.057943e+02         -100.00
8.700000       8.350000     0.000000   0.075100     0.0190       -99.999000           -1.057943e+02         -100.00
8.700000       8.400000     0.000000   0.074600     0.0190       -99.999000           -1.057943e+02         -100.00
8.700000       8.450000     0.000000   0.074100     0.0190       -99.999000           -1.057943e+02         -100.00
8.700000       8.500000     0.000000   0.073600     0.0190       -99.999000           -1.047636e+02         -100.00
8.700000       8.550000     0.000000   0.073100     0.0190       -99.999000           -9.460849e+01         -100.00
8.700000       8.600000     0.000000   0.072500     0.0190       -99.999000           -8.553369e+01         -100.00
8.700000       8.650000     0.000000   0.071900     0.0190       -99.999000           -7.742139e+01         -100.00
8.700000       8.700000     0.000000   0.071200     0.0190       -99.999000           -7.016699e+01         -100.00
8.700000       8.750000     0.000000   0.070500     0.0190       -99.999000           -6.367679e+01         -100.00
8.700000       8.800000     0.000000   0.069800     0.0190       -99.999000           -5.786749e+01         -100.00
8.700000       8.850000     0.000000   0.069000     0.0190       -99.999000           -5.266469e+01         -100.00
8.700000       8.900000     0.000000   0.068200     0.0190       -99.999000           -4.800219e+01         -100.00
8.700000       8.950000     0.000000   0.067300     0.0190       -99.999000           -4.382089e+01         -100.00
8.700000       9.000000     0.000000   0.066400     0.0190       -99.999000           -4.006819e+01         -100.00
8.700000       9.050000     0.000000   0.065500     0.0190       -99.999000           -3.669689e+01         -100.00
8.700000       9.100000     0.000000   0.064500     0.0190       -99.999000           -3.366539e+01         -100.00
8.700000       9.150000     0.000000   0.063400     0.0190       -99.999000           -3.093609e+01         -100.00
8.700000       9.200000     0.000000   0.062300     0.0190       -99.999000           -2.847569e+01         -100.00
8.700000       9.250000     0.000000   0.061200     0.0190       -99.999000           -2.625449e+01         -100.00
8.700000       9.300000     0.000000   0.060000     0.0190       -99.999000           -2.424599e+01         -100.00
8.700000       9.350000     0.000000   0.058800     0.0190       -99.999000           -2.242659e+01         -100.00
8.700000       9.400000     0.000000   0.057500     0.0190       -99.999000           -2.077499e+01         -100.00
8.700000       9.450000     0.000000   0.056200     0.0190       -99.999000           -1.927249e+01         -100.00
8.700000       9.500000     0.000000   0.054800     0.0190       -99.999000           -1.790219e+01         -100.00
8.700000       9.550000     0.000000   0.053400     0.0190       -99.999000           -1.664919e+01         -100.00
8.700000       9.600000     0.000000   0.054600     0.0190       -99.999000           -1.549749e+01         -100.00
8.700000       9.650000     0.000000   0.053400     0.0190       -99.999000           -1.444009e+01         -100.00
8.720000       8.000000     0.000000   0.078800     0.0193       -99.999000           -1.057943e+02         -100.00
8.720000       8.050000     0.000000   0.078500     0.0193       -99.999000           -1.057943e+02         -100.00
8.720000       8.100000     0.000000   0.078200     0.0193       -99.999000           -1.057943e+02         -100.00
8.720000       8.150000     0.000000   0.077800     0.0193       -99.999000           -1.057943e+02         -100.00
8.720000       8.200000     0.000000   0.077500     0.0193       -99.999000           -1.057943e+02         -100.00
8.720000       8.250000     0.000000   0.077100     0.0193       -99.999000           -1.057943e+02         -100.00
8.720000       8.300000     0.000000   0.076700     0.0193       -99.999000           -1.057943e+02         -100.00
8.720000       8.350000     0.000000   0.076300     0.0193       -99.999000           -1.057943e+02         -100.00
8.720000       8.400000     0.000000   0.075800     0.0193       -99.999000           -1.057943e+02         -100.00
8.720000       8.450000     0.000000   0.075300     0.0193       -99.999000           -1.057943e+02         -100.00
8.720000       8.500000     0.000000   0.074800     0.0193       -99.999000           -1.057418e+02         -100.00
8.720000       8.550000     0.000000   0.074300     0.0193       -99.999000           -9.548099e+01         -100.00
8.720000       8.600000     0.000000   0.073700     0.0193       -99.999000           -8.631139e+01         -100.00
8.720000       8.650000     0.000000   0.073100     0.0193       -99.999000           -7.811469e+01         -100.00
8.720000       8.700000     0.000000   0.072400     0.0193       -99.999000           -7.078509e+01         -100.00
8.720000       8.750000     0.000000   0.071700     0.0193       -99.999000           -6.422779e+01         -100.00
8.720000       8.800000     0.000000   0.071000     0.0193       -99.999000           -5.835869e+01         -100.00
8.720000       8.850000     0.000000   0.070200     0.0193       -99.999000           -5.310269e+01         -100.00
8.720000       8.900000     0.000000   0.069400     0.0193       -99.999000           -4.839269e+01         -100.00
8.720000       8.950000     0.000000   0.068500     0.0193       -99.999000           -4.416909e+01         -100.00
8.720000       9.000000     0.000000   0.067600     0.0193       -99.999000           -4.037869e+01         -100.00
8.720000       9.050000     0.000000   0.066600     0.0193       -99.999000           -3.697389e+01         -100.00
8.720000       9.100000     0.000000   0.065600     0.0193       -99.999000           -3.391239e+01         -100.00
8.720000       9.150000     0.000000   0.064500     0.0193       -99.999000           -3.115639e+01         -100.00
8.720000       9.200000     0.000000   0.063400     0.0193       -99.999000           -2.867229e+01         -100.00
8.720000       9.250000     0.000000   0.062300     0.0193       -99.999000           -2.642999e+01         -100.00
8.720000       9.300000     0.000000   0.061100     0.0193       -99.999000           -2.440269e+01         -100.00
8.720000       9.350000     0.000000   0.059900     0.0193       -99.999000           -2.256639e+01         -100.00
8.720000       9.400000     0.000000   0.058600     0.0193       -99.999000           -2.089989e+01         -100.00
8.720000       9.450000     0.000000   0.057200     0.0193       -99.999000           -1.938409e+01         -100.00
8.720000       9.500000     0.000000   0.055800     0.0193       -99.999000           -1.800209e+01         -100.00
8.720000       9.550000     0.000000   0.054400     0.0193       -99.999000           -1.673859e+01         -100.00
8.720000       9.600000     0.000000   0.055600     0.0193       -99.999000           -1.557749e+01         -100.00
8.720000       9.650000     0.000000   0.054400     0.0193       -99.999000           -1.451189e+01         -100.00
8.740000       8.000000     0.000000   0.080000     0.0196       -99.999000           -1.057943e+02         -100.00
8.740000       8.050000     0.000000   0.079700     0.0196       -99.999000           -1.057943e+02         -100.00
8.740000       8.100000     0.000000   0.079400     0.0196       -99.999000           -1.057943e+02         -100.00
8.740000       8.150000     0.000000   0.079100     0.0196       -99.999000           -1.057943e+02         -100.00
8.740000       8.200000     0.000000   0.078700     0.0196       -99.999000           -1.057943e+02         -100.00
8.740000       8.250000     0.000000   0.078400     0.0196       -99.999000           -1.057943e+02         -100.00
8.740000       8.300000     0.000000   0.078000     0.0196       -99.999000           -1.057943e+02         -100.00
8.740000       8.350000     0.000000   0.077500     0.0196       -99.999000           -1.057943e+02         -100.00
8.740000       8.400000     0.000000   0.077100     0.0196       -99.999000           -1.057943e+02         -100.00
8.740000       8.450000     0.000000   0.076600     0.0196       -99.999000           -1.057943e+02         -100.00
8.740000       8.500000     0.000000   0.076000     0.0196       -99.999000           -1.057943e+02         -100.00
8.740000       8.550000     0.000000   0.075500     0.0196       -99.999000           -9.636709e+01         -100.00
8.740000       8.600000     0.000000   0.074900     0.0196       -99.999000           -8.710129e+01         -100.00
8.740000       8.650000     0.000000   0.074300     0.0196       -99.999000           -7.881889e+01         -100.00
8.740000       8.700000     0.000000   0.073600     0.0196       -99.999000           -7.141279e+01         -100.00
8.740000       8.750000     0.000000   0.072900     0.0196       -99.999000           -6.478739e+01         -100.00
8.740000       8.800000     0.000000   0.072200     0.0196       -99.999000           -5.885759e+01         -100.00
8.740000       8.850000     0.000000   0.071400     0.0196       -99.999000           -5.354749e+01         -100.00
8.740000       8.900000     0.000000   0.070500     0.0196       -99.999000           -4.878929e+01         -100.00
8.740000       8.950000     0.000000   0.069700     0.0196       -99.999000           -4.452279e+01         -100.00
8.740000       9.000000     0.000000   0.068700     0.0196       -99.999000           -4.069409e+01         -100.00
8.740000       9.050000     0.000000   0.067800     0.0196       -99.999000           -3.725519e+01         -100.00
8.740000       9.100000     0.000000   0.066800     0.0196       -99.999000           -3.416329e+01         -100.00
8.740000       9.150000     0.000000   0.065700     0.0196       -99.999000           -3.138019e+01         -100.00
8.740000       9.200000     0.000000   0.064600     0.0196       -99.999000           -2.887199e+01         -100.00
8.740000       9.250000     0.000000   0.063400     0.0196       -99.999000           -2.660819e+01         -100.00
8.740000       9.300000     0.000000   0.062200     0.0196       -99.999000           -2.456169e+01         -100.00
8.740000       9.350000     0.000000   0.060900     0.0196       -99.999000           -2.270839e+01         -100.00
8.740000       9.400000     0.000000   0.059600     0.0196       -99.999000           -2.102679e+01         -100.00
8.740000       9.450000     0.000000   0.058300     0.0196       -99.999000           -1.949749e+01         -100.00
8.740000       9.500000     0.000000   0.056900     0.0196       -99.999000           -1.810339e+01         -100.00
8.740000       9.550000     0.000000   0.055500     0.0196       -99.999000           -1.682929e+01         -100.00
8.740000       9.600000     0.000000   0.056600     0.0196       -99.999000           -1.565869e+01         -100.00
8.740000       9.650000     0.000000   0.055400     0.0196       -99.999000           -1.458479e+01         -100.00
8.760000       8.000000     0.000000   0.081300     0.0199       -99.999000           -1.057943e+02         -100.00
8.760000       8.050000     0.000000   0.081000     0.0199       -99.999000           -1.057943e+02         -100.00
8.760000       8.100000     0.000000   0.080700     0.0199       -99.999000           -1.057943e+02         -100.00
8.760000       8.150000     0.000000   0.080400     0.0199       -99.999000           -1.057943e+02         -100.00
8.760000       8.200000     0.000000   0.080000     0.0199       -99.999000           -1.057943e+02         -100.00
8.760000       8.250000     0.000000   0.079600     0.0199       -99.999000           -1.057943e+02         -100.00
8.760000       8.300000     0.000000   0.079200     0.0199       -99.999000           -1.057943e+02         -100.00
8.760000       8.350000     0.000000   0.078800     0.0199       -99.999000           -1.057943e+02         -100.00
8.760000       8.400000     0.000000   0.078300     0.0199       -99.999000           -1.057943e+02         -100.00
8.760000       8.450000     0.000000   0.077800     0.0199       -99.999000           -1.057943e+02         -100.00
8.760000       8.500000     0.000000   0.077300     0.0199       -99.999000           -1.057943e+02         -100.00
8.760000       8.550000     0.000000   0.076700     0.0199       -99.999000           -9.726709e+01         -100.00
8.760000       8.600000     0.000000   0.076100     0.0199       -99.999000           -8.790359e+01         -100.00
8.760000       8.650000     0.000000   0.075500     0.0199       -99.999000           -7.953409e+01         -100.00
8.760000       8.700000     0.000000   0.074800     0.0199       -99.999000           -7.205039e+01         -100.00
8.760000       8.750000     0.000000   0.074100     0.0199       -99.999000           -6.535579e+01         -100.00
8.760000       8.800000     0.000000   0.073400     0.0199       -99.999000           -5.936439e+01         -100.00
8.760000       8.850000     0.000000   0.072600     0.0199       -99.999000           -5.399929e+01         -100.00
8.760000       8.900000     0.000000   0.071700     0.0199       -99.999000           -4.919219e+01         -100.00
8.760000       8.950000     0.000000   0.070900     0.0199       -99.999000           -4.488199e+01         -100.00
8.760000       9.000000     0.000000   0.069900     0.0199       -99.999000           -4.101439e+01         -100.00
8.760000       9.050000     0.000000   0.069000     0.0199       -99.999000           -3.754079e+01         -100.00
8.760000       9.100000     0.000000   0.067900     0.0199       -99.999000           -3.441799e+01         -100.00
8.760000       9.150000     0.000000   0.066900     0.0199       -99.999000           -3.160749e+01         -100.00
8.760000       9.200000     0.000000   0.065700     0.0199       -99.999000           -2.907469e+01         -100.00
8.760000       9.250000     0.000000   0.064600     0.0199       -99.999000           -2.678909e+01         -100.00
8.760000       9.300000     0.000000   0.063300     0.0199       -99.999000           -2.472319e+01         -100.00
8.760000       9.350000     0.000000   0.062100     0.0199       -99.999000           -2.285259e+01         -100.00
8.760000       9.400000     0.000000   0.060700     0.0199       -99.999000           -2.115559e+01         -100.00
8.760000       9.450000     0.000000   0.059400     0.0199       -99.999000           -1.961259e+01         -100.00
8.760000       9.500000     0.000000   0.058000     0.0199       -99.999000           -1.820639e+01         -100.00
8.760000       9.550000     0.000000   0.056500     0.0199       -99.999000           -1.692139e+01         -100.00
8.760000       9.600000     0.000000   0.057600     0.0199       -99.999000           -1.574119e+01         -100.00
8.760000       9.650000     0.000000   0.056400     0.0199       -99.999000           -1.465869e+01         -100.00
8.780000       8.000000     0.000000   0.082600     0.0202       -99.999000           -1.057943e+02         -100.00
8.780000       8.050000     0.000000   0.082300     0.0202       -99.999000           -1.057943e+02         -100.00
8.780000       8.100000     0.000000   0.082000     0.0202       -99.999000           -1.057943e+02         -100.00
8.780000       8.150000     0.000000   0.081700     0.0202       -99.999000           -1.057943e+02         -100.00
8.780000       8.200000     0.000000   0.081300     0.0202       -99.999000           -1.057943e+02         -100.00
8.780000       8.250000     0.000000   0.080900     0.0202       -99.999000           -1.057943e+02         -100.00
8.780000       8.300000     0.000000   0.080500     0.0202       -99.999000           -1.057943e+02         -100.00
8.780000       8.350000     0.000000   0.080100     0.0202       -99.999000           -1.057943e+02         -100.00
8.780000       8.400000     0.000000   0.079600     0.0202       -99.999000           -1.057943e+02         -100.00
8.780000       8.450000     0.000000   0.079100     0.0202       -99.999000           -1.057943e+02         -100.00
8.780000       8.500000     0.000000   0.078600     0.0202       -99.999000           -1.057943e+02         -100.00
8.780000       8.550000     0.000000   0.078000     0.0202       -99.999000           -9.818129e+01         -100.00
8.780000       8.600000     0.000000   0.077400     0.0202       -99.999000           -8.871849e+01         -100.00
8.780000       8.650000     0.000000   0.076800     0.0202       -99.999000           -8.026059e+01         -100.00
8.780000       8.700000     0.000000   0.076100     0.0202       -99.999000           -7.269799e+01         -100.00
8.780000       8.750000     0.000000   0.075400     0.0202       -99.999000           -6.593319e+01         -100.00
8.780000       8.800000     0.000000   0.074600     0.0202       -99.999000           -5.987909e+01         -100.00
8.780000       8.850000     0.000000   0.073800     0.0202       -99.999000           -5.445819e+01         -100.00
8.780000       8.900000     0.000000   0.073000     0.0202       -99.999000           -4.960129e+01         -100.00
8.780000       8.950000     0.000000   0.072100     0.0202       -99.999000           -4.524679e+01         -100.00
8.780000       9.000000     0.000000   0.071100     0.0202       -99.999000           -4.133969e+01         -100.00
8.780000       9.050000     0.000000   0.070200     0.0202       -99.999000           -3.783089e+01         -100.00
8.780000       9.100000     0.000000   0.069100     0.0202       -99.999000           -3.467679e+01         -100.00
8.780000       9.150000     0.000000   0.068000     0.0202       -99.999000           -3.183829e+01         -100.00
8.780000       9.200000     0.000000   0.066900     0.0202       -99.999000           -2.928069e+01         -100.00
8.780000       9.250000     0.000000   0.065700     0.0202       -99.999000           -2.697289e+01         -100.00
8.780000       9.300000     0.000000   0.064500     0.0202       -99.999000           -2.488719e+01         -100.00
8.780000       9.350000     0.000000   0.063200     0.0202       -99.999000           -2.299909e+01         -100.00
8.780000       9.400000     0.000000   0.061900     0.0202       -99.999000           -2.128639e+01         -100.00
8.780000       9.450000     0.000000   0.060500     0.0202       -99.999000           -1.972949e+01         -100.00
8.780000       9.500000     0.000000   0.059100     0.0202       -99.999000           -1.831079e+01         -100.00
8.780000       9.550000     0.000000   0.057600     0.0202       -99.999000           -1.701479e+01         -100.00
8.780000       9.600000     0.000000   0.058700     0.0202       -99.999000           -1.582489e+01         -100.00
8.780000       9.650000     0.000000   0.057500     0.0202       -99.999000           -1.473369e+01         -100.00
8.800000       8.000000     0.000000   0.083900     0.0205       -99.999000           -1.057943e+02         -100.00
8.800000       8.050000     0.000000   0.083600     0.0205       -99.999000           -1.057943e+02         -100.00
8.800000       8.100000     0.000000   0.083300     0.0205       -99.999000           -1.057943e+02         -100.00
8.800000       8.150000     0.000000   0.083000     0.0205       -99.999000           -1.057943e+02         -100.00
8.800000       8.200000     0.000000   0.082600     0.0205       -99.999000           -1.057943e+02         -100.00
8.800000       8.250000     0.000000   0.082200     0.0205       -99.999000           -1.057943e+02         -100.00
8.800000       8.300000     0.000000   0.081800     0.0205       -99.999000           -1.057943e+02         -100.00
8.800000       8.350000     0.000000   0.081400     0.0205       -99.999000           -1.057943e+02         -100.00
8.800000       8.400000     0.000000   0.080900     0.0205       -99.999000           -1.057943e+02         -100.00
8.800000       8.450000     0.000000   0.080400     0.0205       -99.999000           -1.057943e+02         -100.00
8.800000       8.500000     0.000000   0.079900     0.0205       -99.999000           -1.057943e+02         -100.00
8.800000       8.550000     0.000000   0.079300     0.0205       -99.999000           -9.910979e+01         -100.00
8.800000       8.600000     0.000000   0.078700     0.0205       -99.999000           -8.954619e+01         -100.00
8.800000       8.650000     0.000000   0.078000     0.0205       -99.999000           -8.099839e+01         -100.00
8.800000       8.700000     0.000000   0.077400     0.0205       -99.999000           -7.335569e+01         -100.00
8.800000       8.750000     0.000000   0.076600     0.0205       -99.999000           -6.651949e+01         -100.00
8.800000       8.800000     0.000000   0.075900     0.0205       -99.999000           -6.040179e+01         -100.00
8.800000       8.850000     0.000000   0.075100     0.0205       -99.999000           -5.492429e+01         -100.00
8.800000       8.900000     0.000000   0.074200     0.0205       -99.999000           -5.001689e+01         -100.00
8.800000       8.950000     0.000000   0.073300     0.0205       -99.999000           -4.561729e+01         -100.00
8.800000       9.000000     0.000000   0.072400     0.0205       -99.999000           -4.167009e+01         -100.00
8.800000       9.050000     0.000000   0.071400     0.0205       -99.999000           -3.812559e+01         -100.00
8.800000       9.100000     0.000000   0.070300     0.0205       -99.999000           -3.493959e+01         -100.00
8.800000       9.150000     0.000000   0.069200     0.0205       -99.999000           -3.207269e+01         -100.00
8.800000       9.200000     0.000000   0.068100     0.0205       -99.999000           -2.948979e+01         -100.00
8.800000       9.250000     0.000000   0.066900     0.0205       -99.999000           -2.715949e+01         -100.00
8.800000       9.300000     0.000000   0.065600     0.0205       -99.999000           -2.505379e+01         -100.00
8.800000       9.350000     0.000000   0.064400     0.0205       -99.999000           -2.314779e+01         -100.00
8.800000       9.400000     0.000000   0.063000     0.0205       -99.999000           -2.141919e+01         -100.00
8.800000       9.450000     0.000000   0.061600     0.0205       -99.999000           -1.984809e+01         -100.00
8.800000       9.500000     0.000000   0.060200     0.0205       -99.999000           -1.841689e+01         -100.00
8.800000       9.550000     0.000000   0.058700     0.0205       -99.999000           -1.710969e+01         -100.00
8.800000       9.600000     0.000000   0.059800     0.0205       -99.999000           -1.590989e+01         -100.00
8.800000       9.650000     0.000000   0.058500     0.0205       -99.999000           -1.480989e+01         -100.00
8.820000       8.000000     0.000000   0.085200     0.0208       -99.999000           -1.057943e+02         -100.00
8.820000       8.050000     0.000000   0.085000     0.0208       -99.999000           -1.057943e+02         -100.00
8.820000       8.100000     0.000000   0.084600     0.0208       -99.999000           -1.057943e+02         -100.00
8.820000       8.150000     0.000000   0.084300     0.0208       -99.999000           -1.057943e+02         -100.00
8.820000       8.200000     0.000000   0.083900     0.0208       -99.999000           -1.057943e+02         -100.00
8.820000       8.250000     0.000000   0.083500     0.0208       -99.999000           -1.057943e+02         -100.00
8.820000       8.300000     0.000000   0.083100     0.0208       -99.999000           -1.057943e+02         -100.00
8.820000       8.350000     0.000000   0.082700     0.0208       -99.999000           -1.057943e+02         -100.00
8.820000       8.400000     0.000000   0.082200     0.0208       -99.999000           -1.057943e+02         -100.00
8.820000       8.450000     0.000000   0.081700     0.0208       -99.999000           -1.057943e+02         -100.00
8.820000       8.500000     0.000000   0.081200     0.0208       -99.999000           -1.057943e+02         -100.00
8.820000       8.550000     0.000000   0.080600     0.0208       -99.999000           -1.000528e+02         -100.00
8.820000       8.600000     0.000000   0.080000     0.0208       -99.999000           -9.038679e+01         -100.00
8.820000       8.650000     0.000000   0.079300     0.0208       -99.999000           -8.174769e+01         -100.00
8.820000       8.700000     0.000000   0.078700     0.0208       -99.999000           -7.402369e+01         -100.00
8.820000       8.750000     0.000000   0.077900     0.0208       -99.999000           -6.711499e+01         -100.00
8.820000       8.800000     0.000000   0.077200     0.0208       -99.999000           -6.093279e+01         -100.00
8.820000       8.850000     0.000000   0.076300     0.0208       -99.999000           -5.539759e+01         -100.00
8.820000       8.900000     0.000000   0.075500     0.0208       -99.999000           -5.043889e+01         -100.00
8.820000       8.950000     0.000000   0.074600     0.0208       -99.999000           -4.599369e+01         -100.00
8.820000       9.000000     0.000000   0.073600     0.0208       -99.999000           -4.200569e+01         -100.00
8.820000       9.050000     0.000000   0.072600     0.0208       -99.999000           -3.842489e+01         -100.00
8.820000       9.100000     0.000000   0.071600     0.0208       -99.999000           -3.520649e+01         -100.00
8.820000       9.150000     0.000000   0.070500     0.0208       -99.999000           -3.231079e+01         -100.00
8.820000       9.200000     0.000000   0.069300     0.0208       -99.999000           -2.970219e+01         -100.00
8.820000       9.250000     0.000000   0.068100     0.0208       -99.999000           -2.734899e+01         -100.00
8.820000       9.300000     0.000000   0.066800     0.0208       -99.999000           -2.522289e+01         -100.00
8.820000       9.350000     0.000000   0.065500     0.0208       -99.999000           -2.329879e+01         -100.00
8.820000       9.400000     0.000000   0.064200     0.0208       -99.999000           -2.155399e+01         -100.00
8.820000       9.450000     0.000000   0.062800     0.0208       -99.999000           -1.996859e+01         -100.00
8.820000       9.500000     0.000000   0.061300     0.0208       -99.999000           -1.852459e+01         -100.00
8.820000       9.550000     0.000000   0.059800     0.0208       -99.999000           -1.720609e+01         -100.00
8.820000       9.600000     0.000000   0.060900     0.0208       -99.999000           -1.599609e+01         -100.00
8.820000       9.650000     0.000000   0.059600     0.0208       -99.999000           -1.488709e+01         -100.00
8.840000       8.000000     0.000000   0.086600     0.0211       -99.999000           -1.057943e+02         -100.00
8.840000       8.050000     0.000000   0.086300     0.0211       -99.999000           -1.057943e+02         -100.00
8.840000       8.100000     0.000000   0.086000     0.0211       -99.999000           -1.057943e+02         -100.00
8.840000       8.150000     0.000000   0.085600     0.0211       -99.999000           -1.057943e+02         -100.00
8.840000       8.200000     0.000000   0.085300     0.0211       -99.999000           -1.057943e+02         -100.00
8.840000       8.250000     0.000000   0.084900     0.0211       -99.999000           -1.057943e+02         -100.00
8.840000       8.300000     0.000000   0.084500     0.0211       -99.999000           -1.057943e+02         -100.00
8.840000       8.350000     0.000000   0.084000     0.0211       -99.999000           -1.057943e+02         -100.00
8.840000       8.400000     0.000000   0.083500     0.0211       -99.999000           -1.057943e+02         -100.00
8.840000       8.450000     0.000000   0.083000     0.0211       -99.999000           -1.057943e+02         -100.00
8.840000       8.500000     0.000000   0.082500     0.0211       -99.999000           -1.057943e+02         -100.00
8.840000       8.550000     0.000000   0.081900     0.0211       -99.999000           -1.010106e+02         -100.00
8.840000       8.600000     0.000000   0.081300     0.0211       -99.999000           -9.124059e+01         -100.00
8.840000       8.650000     0.000000   0.080700     0.0211       -99.999000           -8.250879e+01         -100.00
8.840000       8.700000     0.000000   0.080000     0.0211       -99.999000           -7.470219e+01         -100.00
8.840000       8.750000     0.000000   0.079200     0.0211       -99.999000           -6.771989e+01         -100.00
8.840000       8.800000     0.000000   0.078500     0.0211       -99.999000           -6.147199e+01         -100.00
8.840000       8.850000     0.000000   0.077600     0.0211       -99.999000           -5.587839e+01         -100.00
8.840000       8.900000     0.000000   0.076800     0.0211       -99.999000           -5.086759e+01         -100.00
8.840000       8.950000     0.000000   0.075900     0.0211       -99.999000           -4.637589e+01         -100.00
8.840000       9.000000     0.000000   0.074900     0.0211       -99.999000           -4.234649e+01         -100.00
8.840000       9.050000     0.000000   0.073900     0.0211       -99.999000           -3.872879e+01         -100.00
8.840000       9.100000     0.000000   0.072800     0.0211       -99.999000           -3.547759e+01         -100.00
8.840000       9.150000     0.000000   0.071700     0.0211       -99.999000           -3.255259e+01         -100.00
8.840000       9.200000     0.000000   0.070500     0.0211       -99.999000           -2.991789e+01         -100.00
8.840000       9.250000     0.000000   0.069300     0.0211       -99.999000           -2.754149e+01         -100.00
8.840000       9.300000     0.000000   0.068000     0.0211       -99.999000           -2.539469e+01         -100.00
8.840000       9.350000     0.000000   0.066700     0.0211       -99.999000           -2.345209e+01         -100.00
8.840000       9.400000     0.000000   0.065300     0.0211       -99.999000           -2.169089e+01         -100.00
8.840000       9.450000     0.000000   0.063900     0.0211       -99.999000           -2.009089e+01         -100.00
8.840000       9.500000     0.000000   0.062400     0.0211       -99.999000           -1.863389e+01         -100.00
8.840000       9.550000     0.000000   0.060900     0.0211       -99.999000           -1.730379e+01         -100.00
8.840000       9.600000     0.000000   0.059400     0.0211       -99.999000           -1.608619e+01         -100.00
8.840000       9.650000     0.000000   0.060700     0.0211       -99.999000           -1.496559e+01         -100.00
8.860000       8.000000     0.000000   0.088000     0.0214       -99.999000           -1.057943e+02         -100.00
8.860000       8.050000     0.000000   0.087700     0.0214       -99.999000           -1.057943e+02         -100.00
8.860000       8.100000     0.000000   0.087400     0.0214       -99.999000           -1.057943e+02         -100.00
8.860000       8.150000     0.000000   0.087000     0.0214       -99.999000           -1.057943e+02         -100.00
8.860000       8.200000     0.000000   0.086600     0.0214       -99.999000           -1.057943e+02         -100.00
8.860000       8.250000     0.000000   0.086300     0.0214       -99.999000           -1.057943e+02         -100.00
8.860000       8.300000     0.000000   0.085800     0.0214       -99.999000           -1.057943e+02         -100.00
8.860000       8.350000     0.000000   0.085400     0.0214       -99.999000           -1.057943e+02         -100.00
8.860000       8.400000     0.000000   0.084900     0.0214       -99.999000           -1.057943e+02         -100.00
8.860000       8.450000     0.000000   0.084400     0.0214       -99.999000           -1.057943e+02         -100.00
8.860000       8.500000     0.000000   0.083800     0.0214       -99.999000           -1.057943e+02         -100.00
8.860000       8.550000     0.000000   0.083300     0.0214       -99.999000           -1.019834e+02         -100.00
8.860000       8.600000     0.000000   0.082600     0.0214       -99.999000           -9.210769e+01         -100.00
8.860000       8.650000     0.000000   0.082000     0.0214       -99.999000           -8.328179e+01         -100.00
8.860000       8.700000     0.000000   0.081300     0.0214       -99.999000           -7.539129e+01         -100.00
8.860000       8.750000     0.000000   0.080600     0.0214       -99.999000           -6.833419e+01         -100.00
8.860000       8.800000     0.000000   0.079800     0.0214       -99.999000           -6.201969e+01         -100.00
8.860000       8.850000     0.000000   0.079000     0.0214       -99.999000           -5.636669e+01         -100.00
8.860000       8.900000     0.000000   0.078100     0.0214       -99.999000           -5.130289e+01         -100.00
8.860000       8.950000     0.000000   0.077200     0.0214       -99.999000           -4.676399e+01         -100.00
8.860000       9.000000     0.000000   0.076200     0.0214       -99.999000           -4.269259e+01         -100.00
8.860000       9.050000     0.000000   0.075200     0.0214       -99.999000           -3.903749e+01         -100.00
8.860000       9.100000     0.000000   0.074100     0.0214       -99.999000           -3.575289e+01         -100.00
8.860000       9.150000     0.000000   0.073000     0.0214       -99.999000           -3.279809e+01         -100.00
8.860000       9.200000     0.000000   0.071800     0.0214       -99.999000           -3.013689e+01         -100.00
8.860000       9.250000     0.000000   0.070600     0.0214       -99.999000           -2.773689e+01         -100.00
8.860000       9.300000     0.000000   0.069300     0.0214       -99.999000           -2.556909e+01         -100.00
8.860000       9.350000     0.000000   0.067900     0.0214       -99.999000           -2.360779e+01         -100.00
8.860000       9.400000     0.000000   0.066500     0.0214       -99.999000           -2.182999e+01         -100.00
8.860000       9.450000     0.000000   0.065100     0.0214       -99.999000           -2.021509e+01         -100.00
8.860000       9.500000     0.000000   0.063600     0.0214       -99.999000           -1.874489e+01         -100.00
8.860000       9.550000     0.000000   0.062100     0.0214       -99.999000           -1.740309e+01         -100.00
8.860000       9.600000     0.000000   0.060500     0.0214       -99.999000           -1.617509e+01         -100.00
8.860000       9.650000     0.000000   0.061800     0.0214       -99.999000           -1.504509e+01         -100.00
8.880000       8.000000     0.000000   0.089400     0.0217       -99.999000           -1.057943e+02         -100.00
8.880000       8.050000     0.000000   0.089100     0.0217       -99.999000           -1.057943e+02         -100.00
8.880000       8.100000     0.000000   0.088800     0.0217       -99.999000           -1.057943e+02         -100.00
8.880000       8.150000     0.000000   0.088400     0.0217       -99.999000           -1.057943e+02         -100.00
8.880000       8.200000     0.000000   0.088000     0.0217       -99.999000           -1.057943e+02         -100.00
8.880000       8.250000     0.000000   0.087600     0.0217       -99.999000           -1.057943e+02         -100.00
8.880000       8.300000     0.000000   0.087200     0.0217       -99.999000           -1.057943e+02         -100.00
8.880000       8.350000     0.000000   0.086800     0.0217       -99.999000           -1.057943e+02         -100.00
8.880000       8.400000     0.000000   0.086300     0.0217       -99.999000           -1.057943e+02         -100.00
8.880000       8.450000     0.000000   0.085800     0.0217       -99.999000           -1.057943e+02         -100.00
8.880000       8.500000     0.000000   0.085200     0.0217       -99.999000           -1.057943e+02         -100.00
8.880000       8.550000     0.000000   0.084600     0.0217       -99.999000           -1.029714e+02         -100.00
8.880000       8.600000     0.000000   0.084000     0.0217       -99.999000           -9.298849e+01         -100.00
8.880000       8.650000     0.000000   0.083400     0.0217       -99.999000           -8.406689e+01         -100.00
8.880000       8.700000     0.000000   0.082700     0.0217       -99.999000           -7.609119e+01         -100.00
8.880000       8.750000     0.000000   0.081900     0.0217       -99.999000           -6.895819e+01         -100.00
8.880000       8.800000     0.000000   0.081100     0.0217       -99.999000           -6.257589e+01         -100.00
8.880000       8.850000     0.000000   0.080300     0.0217       -99.999000           -5.686259e+01         -100.00
8.880000       8.900000     0.000000   0.079400     0.0217       -99.999000           -5.174509e+01         -100.00
8.880000       8.950000     0.000000   0.078500     0.0217       -99.999000           -4.715829e+01         -100.00
8.880000       9.000000     0.000000   0.077500     0.0217       -99.999000           -4.304419e+01         -100.00
8.880000       9.050000     0.000000   0.076500     0.0217       -99.999000           -3.935089e+01         -100.00
8.880000       9.100000     0.000000   0.075400     0.0217       -99.999000           -3.603249e+01         -100.00
8.880000       9.150000     0.000000   0.074200     0.0217       -99.999000           -3.304749e+01         -100.00
8.880000       9.200000     0.000000   0.073100     0.0217       -99.999000           -3.035939e+01         -100.00
8.880000       9.250000     0.000000   0.071800     0.0217       -99.999000           -2.793539e+01         -100.00
8.880000       9.300000     0.000000   0.070500     0.0217       -99.999000           -2.574619e+01         -100.00
8.880000       9.350000     0.000000   0.069200     0.0217       -99.999000           -2.376589e+01         -100.00
8.880000       9.400000     0.000000   0.067800     0.0217       -99.999000           -2.197109e+01         -100.00
8.880000       9.450000     0.000000   0.066300     0.0217       -99.999000           -2.034119e+01         -100.00
8.880000       9.500000     0.000000   0.064800     0.0217       -99.999000           -1.885759e+01         -100.00
8.880000       9.550000     0.000000   0.063300     0.0217       -99.999000           -1.750389e+01         -100.00
8.880000       9.600000     0.000000   0.061700     0.0217       -99.999000           -1.626519e+01         -100.00
8.880000       9.650000     0.000000   0.062900     0.0217       -99.999000           -1.512589e+01         -100.00
8.900000       8.000000     0.000000   0.090800     0.0221       -99.999000           -1.057943e+02         -100.00
8.900000       8.050000     0.000000   0.090500     0.0221       -99.999000           -1.057943e+02         -100.00
8.900000       8.100000     0.000000   0.090200     0.0221       -99.999000           -1.057943e+02         -100.00
8.900000       8.150000     0.000000   0.089800     0.0221       -99.999000           -1.057943e+02         -100.00
8.900000       8.200000     0.000000   0.089500     0.0221       -99.999000           -1.057943e+02         -100.00
8.900000       8.250000     0.000000   0.089100     0.0221       -99.999000           -1.057943e+02         -100.00
8.900000       8.300000     0.000000   0.088600     0.0221       -99.999000           -1.057943e+02         -100.00
8.900000       8.350000     0.000000   0.088200     0.0221       -99.999000           -1.057943e+02         -100.00
8.900000       8.400000     0.000000   0.087700     0.0221       -99.999000           -1.057943e+02         -100.00
8.900000       8.450000     0.000000   0.087200     0.0221       -99.999000           -1.057943e+02         -100.00
8.900000       8.500000     0.000000   0.086600     0.0221       -99.999000           -1.057943e+02         -100.00
8.900000       8.550000     0.000000   0.086000     0.0221       -99.999000           -1.039748e+02         -100.00
8.900000       8.600000     0.000000   0.085400     0.0221       -99.999000           -9.388299e+01         -100.00
8.900000       8.650000     0.000000   0.084700     0.0221       -99.999000           -8.486429e+01         -100.00
8.900000       8.700000     0.000000   0.084000     0.0221       -99.999000           -7.680199e+01         -100.00
8.900000       8.750000     0.000000   0.083300     0.0221       -99.999000           -6.959179e+01         -100.00
8.900000       8.800000     0.000000   0.082500     0.0221       -99.999000           -6.314089e+01         -100.00
8.900000       8.850000     0.000000   0.081600     0.0221       -99.999000           -5.736619e+01         -100.00
8.900000       8.900000     0.000000   0.080800     0.0221       -99.999000           -5.219409e+01         -100.00
8.900000       8.950000     0.000000   0.079800     0.0221       -99.999000           -4.755869e+01         -100.00
8.900000       9.000000     0.000000   0.078800     0.0221       -99.999000           -4.340119e+01         -100.00
8.900000       9.050000     0.000000   0.077800     0.0221       -99.999000           -3.966929e+01         -100.00
8.900000       9.100000     0.000000   0.076700     0.0221       -99.999000           -3.631639e+01         -100.00
8.900000       9.150000     0.000000   0.075600     0.0221       -99.999000           -3.330079e+01         -100.00
8.900000       9.200000     0.000000   0.074400     0.0221       -99.999000           -3.058529e+01         -100.00
8.900000       9.250000     0.000000   0.073100     0.0221       -99.999000           -2.813689e+01         -100.00
8.900000       9.300000     0.000000   0.071800     0.0221       -99.999000           -2.592609e+01         -100.00
8.900000       9.350000     0.000000   0.070400     0.0221       -99.999000           -2.392639e+01         -100.00
8.900000       9.400000     0.000000   0.069000     0.0221       -99.999000           -2.211449e+01         -100.00
8.900000       9.450000     0.000000   0.067500     0.0221       -99.999000           -2.046919e+01         -100.00
8.900000       9.500000     0.000000   0.066000     0.0221       -99.999000           -1.897209e+01         -100.00
8.900000       9.550000     0.000000   0.064400     0.0221       -99.999000           -1.760619e+01         -100.00
8.900000       9.600000     0.000000   0.062800     0.0221       -99.999000           -1.635679e+01         -100.00
8.900000       9.650000     0.000000   0.064100     0.0221       -99.999000           -1.520789e+01         -100.00
8.920000       8.000000     0.000000   0.092200     0.0224       -99.999000           -1.057943e+02         -100.00
8.920000       8.050000     0.000000   0.091900     0.0224       -99.999000           -1.057943e+02         -100.00
8.920000       8.100000     0.000000   0.091600     0.0224       -99.999000           -1.057943e+02         -100.00
8.920000       8.150000     0.000000   0.091300     0.0224       -99.999000           -1.057943e+02         -100.00
8.920000       8.200000     0.000000   0.090900     0.0224       -99.999000           -1.057943e+02         -100.00
8.920000       8.250000     0.000000   0.090500     0.0224       -99.999000           -1.057943e+02         -100.00
8.920000       8.300000     0.000000   0.090100     0.0224       -99.999000           -1.057943e+02         -100.00
8.920000       8.350000     0.000000   0.089600     0.0224       -99.999000           -1.057943e+02         -100.00
8.920000       8.400000     0.000000   0.089100     0.0224       -99.999000           -1.057943e+02         -100.00
8.920000       8.450000     0.000000   0.088600     0.0224       -99.999000           -1.057943e+02         -100.00
8.920000       8.500000     0.000000   0.088000     0.0224       -99.999000           -1.057943e+02         -100.00
8.920000       8.550000     0.000000   0.087400     0.0224       -99.999000           -1.049939e+02         -100.00
8.920000       8.600000     0.000000   0.086800     0.0224       -99.999000           -9.479139e+01         -100.00
8.920000       8.650000     0.000000   0.086100     0.0224       -99.999000           -8.567419e+01         -100.00
8.920000       8.700000     0.000000   0.085400     0.0224       -99.999000           -7.752399e+01         -100.00
8.920000       8.750000     0.000000   0.084700     0.0224       -99.999000           -7.023539e+01         -100.00
8.920000       8.800000     0.000000   0.083900     0.0224       -99.999000           -6.371459e+01         -100.00
8.920000       8.850000     0.000000   0.083000     0.0224       -99.999000           -5.787779e+01         -100.00
8.920000       8.900000     0.000000   0.082100     0.0224       -99.999000           -5.265019e+01         -100.00
8.920000       8.950000     0.000000   0.081200     0.0224       -99.999000           -4.796529e+01         -100.00
8.920000       9.000000     0.000000   0.080200     0.0224       -99.999000           -4.376379e+01         -100.00
8.920000       9.050000     0.000000   0.079100     0.0224       -99.999000           -3.999269e+01         -100.00
8.920000       9.100000     0.000000   0.078000     0.0224       -99.999000           -3.660479e+01         -100.00
8.920000       9.150000     0.000000   0.076900     0.0224       -99.999000           -3.355799e+01         -100.00
8.920000       9.200000     0.000000   0.075700     0.0224       -99.999000           -3.081469e+01         -100.00
8.920000       9.250000     0.000000   0.074400     0.0224       -99.999000           -2.834159e+01         -100.00
8.920000       9.300000     0.000000   0.073100     0.0224       -99.999000           -2.610869e+01         -100.00
8.920000       9.350000     0.000000   0.071700     0.0224       -99.999000           -2.408949e+01         -100.00
8.920000       9.400000     0.000000   0.070300     0.0224       -99.999000           -2.225999e+01         -100.00
8.920000       9.450000     0.000000   0.068800     0.0224       -99.999000           -2.059929e+01         -100.00
8.920000       9.500000     0.000000   0.067200     0.0224       -99.999000           -1.908819e+01         -100.00
8.920000       9.550000     0.000000   0.065700     0.0224       -99.999000           -1.771009e+01         -100.00
8.920000       9.600000     0.000000   0.064000     0.0224       -99.999000           -1.644969e+01         -100.00
8.920000       9.650000     0.000000   0.065300     0.0224       -99.999000           -1.529109e+01         -100.00
8.940000       8.000000     0.000000   0.093700     0.0228       -99.999000           -1.057943e+02         -100.00
8.940000       8.050000     0.000000   0.093400     0.0228       -99.999000           -1.057943e+02         -100.00
8.940000       8.100000     0.000000   0.093100     0.0228       -99.999000           -1.057943e+02         -100.00
8.940000       8.150000     0.000000   0.092700     0.0228       -99.999000           -1.057943e+02         -100.00
8.940000       8.200000     0.000000   0.092300     0.0228       -99.999000           -1.057943e+02         -100.00
8.940000       8.250000     0.000000   0.091900     0.0228       -99.999000           -1.057943e+02         -100.00
8.940000       8.300000     0.000000   0.091500     0.0228       -99.999000           -1.057943e+02         -100.00
8.940000       8.350000     0.000000   0.091100     0.0228       -99.999000           -1.057943e+02         -100.00
8.940000       8.400000     0.000000   0.090600     0.0228       -99.999000           -1.057943e+02         -100.00
8.940000       8.450000     0.000000   0.090000     0.0228       -99.999000           -1.057943e+02         -100.00
8.940000       8.500000     0.000000   0.089500     0.0228       -99.999000           -1.057943e+02         -100.00
8.940000       8.550000     0.000000   0.088900     0.0228       -99.999000           -1.057943e+02         -100.00
8.940000       8.600000     0.000000   0.088200     0.0228       -99.999000           -9.571409e+01         -100.00
8.940000       8.650000     0.000000   0.087600     0.0228       -99.999000           -8.649669e+01         -100.00
8.940000       8.700000     0.000000   0.086800     0.0228       -99.999000           -7.825719e+01         -100.00
8.940000       8.750000     0.000000   0.086100     0.0228       -99.999000           -7.088909e+01         -100.00
8.940000       8.800000     0.000000   0.085300     0.0228       -99.999000           -6.429729e+01         -100.00
8.940000       8.850000     0.000000   0.084400     0.0228       -99.999000           -5.839729e+01         -100.00
8.940000       8.900000     0.000000   0.083500     0.0228       -99.999000           -5.311339e+01         -100.00
8.940000       8.950000     0.000000   0.082600     0.0228       -99.999000           -4.837829e+01         -100.00
8.940000       9.000000     0.000000   0.081600     0.0228       -99.999000           -4.413199e+01         -100.00
8.940000       9.050000     0.000000   0.080500     0.0228       -99.999000           -4.032099e+01         -100.00
8.940000       9.100000     0.000000   0.079400     0.0228       -99.999000           -3.689759e+01         -100.00
8.940000       9.150000     0.000000   0.078200     0.0228       -99.999000           -3.381919e+01         -100.00
8.940000       9.200000     0.000000   0.077000     0.0228       -99.999000           -3.104769e+01         -100.00
8.940000       9.250000     0.000000   0.075700     0.0228       -99.999000           -2.854949e+01         -100.00
8.940000       9.300000     0.000000   0.074400     0.0228       -99.999000           -2.629419e+01         -100.00
8.940000       9.350000     0.000000   0.073000     0.0228       -99.999000           -2.425499e+01         -100.00
8.940000       9.400000     0.000000   0.071600     0.0228       -99.999000           -2.240779e+01         -100.00
8.940000       9.450000     0.000000   0.070100     0.0228       -99.999000           -2.073129e+01         -100.00
8.940000       9.500000     0.000000   0.068500     0.0228       -99.999000           -1.920619e+01         -100.00
8.940000       9.550000     0.000000   0.066900     0.0228       -99.999000           -1.781549e+01         -100.00
8.940000       9.600000     0.000000   0.065200     0.0228       -99.999000           -1.654399e+01         -100.00
8.940000       9.650000     0.000000   0.066500     0.0228       -99.999000           -1.537559e+01         -100.00
8.960000       8.000000     0.000000   0.095200     0.0231       -99.999000           -1.057943e+02         -100.00
8.960000       8.050000     0.000000   0.094900     0.0231       -99.999000           -1.057943e+02         -100.00
8.960000       8.100000     0.000000   0.094600     0.0231       -99.999000           -1.057943e+02         -100.00
8.960000       8.150000     0.000000   0.094200     0.0231       -99.999000           -1.057943e+02         -100.00
8.960000       8.200000     0.000000   0.093800     0.0231       -99.999000           -1.057943e+02         -100.00
8.960000       8.250000     0.000000   0.093400     0.0231       -99.999000           -1.057943e+02         -100.00
8.960000       8.300000     0.000000   0.093000     0.0231       -99.999000           -1.057943e+02         -100.00
8.960000       8.350000     0.000000   0.092500     0.0231       -99.999000           -1.057943e+02         -100.00
8.960000       8.400000     0.000000   0.092000     0.0231       -99.999000           -1.057943e+02         -100.00
8.960000       8.450000     0.000000   0.091500     0.0231       -99.999000           -1.057943e+02         -100.00
8.960000       8.500000     0.000000   0.090900     0.0231       -99.999000           -1.057943e+02         -100.00
8.960000       8.550000     0.000000   0.090300     0.0231       -99.999000           -1.057943e+02         -100.00
8.960000       8.600000     0.000000   0.089700     0.0231       -99.999000           -9.665119e+01         -100.00
8.960000       8.650000     0.000000   0.089000     0.0231       -99.999000           -8.733199e+01         -100.00
8.960000       8.700000     0.000000   0.088300     0.0231       -99.999000           -7.900189e+01         -100.00
8.960000       8.750000     0.000000   0.087500     0.0231       -99.999000           -7.155289e+01         -100.00
8.960000       8.800000     0.000000   0.086700     0.0231       -99.999000           -6.488919e+01         -100.00
8.960000       8.850000     0.000000   0.085800     0.0231       -99.999000           -5.892489e+01         -100.00
8.960000       8.900000     0.000000   0.084900     0.0231       -99.999000           -5.358379e+01         -100.00
8.960000       8.950000     0.000000   0.084000     0.0231       -99.999000           -4.879769e+01         -100.00
8.960000       9.000000     0.000000   0.083000     0.0231       -99.999000           -4.450599e+01         -100.00
8.960000       9.050000     0.000000   0.081900     0.0231       -99.999000           -4.065449e+01         -100.00
8.960000       9.100000     0.000000   0.080800     0.0231       -99.999000           -3.719499e+01         -100.00
8.960000       9.150000     0.000000   0.079600     0.0231       -99.999000           -3.408439e+01         -100.00
8.960000       9.200000     0.000000   0.078400     0.0231       -99.999000           -3.128439e+01         -100.00
8.960000       9.250000     0.000000   0.077100     0.0231       -99.999000           -2.876059e+01         -100.00
8.960000       9.300000     0.000000   0.075700     0.0231       -99.999000           -2.648259e+01         -100.00
8.960000       9.350000     0.000000   0.074300     0.0231       -99.999000           -2.442309e+01         -100.00
8.960000       9.400000     0.000000   0.072900     0.0231       -99.999000           -2.255789e+01         -100.00
8.960000       9.450000     0.000000   0.071300     0.0231       -99.999000           -2.086529e+01         -100.00
8.960000       9.500000     0.000000   0.069800     0.0231       -99.999000           -1.932589e+01         -100.00
8.960000       9.550000     0.000000   0.068100     0.0231       -99.999000           -1.792259e+01         -100.00
8.960000       9.600000     0.000000   0.066500     0.0231       -99.999000           -1.663979e+01         -100.00
8.960000       9.650000     0.000000   0.067700     0.0231       -99.999000           -1.546129e+01         -100.00
8.980000       8.000000     0.000000   0.096700     0.0235       -99.999000           -1.057943e+02         -100.00
8.980000       8.050000     0.000000   0.096400     0.0235       -99.999000           -1.057943e+02         -100.00
8.980000       8.100000     0.000000   0.096100     0.0235       -99.999000           -1.057943e+02         -100.00
8.980000       8.150000     0.000000   0.095700     0.0235       -99.999000           -1.057943e+02         -100.00
8.980000       8.200000     0.000000   0.095300     0.0235       -99.999000           -1.057943e+02         -100.00
8.980000       8.250000     0.000000   0.094900     0.0235       -99.999000           -1.057943e+02         -100.00
8.980000       8.300000     0.000000   0.094500     0.0235       -99.999000           -1.057943e+02         -100.00
8.980000       8.350000     0.000000   0.094000     0.0235       -99.999000           -1.057943e+02         -100.00
8.980000       8.400000     0.000000   0.093500     0.0235       -99.999000           -1.057943e+02         -100.00
8.980000       8.450000     0.000000   0.093000     0.0235       -99.999000           -1.057943e+02         -100.00
8.980000       8.500000     0.000000   0.092400     0.0235       -99.999000           -1.057943e+02         -100.00
8.980000       8.550000     0.000000   0.091800     0.0235       -99.999000           -1.057943e+02         -100.00
8.980000       8.600000     0.000000   0.091200     0.0235       -99.999000           -9.760299e+01         -100.00
8.980000       8.650000     0.000000   0.090500     0.0235       -99.999000           -8.818039e+01         -100.00
8.980000       8.700000     0.000000   0.089800     0.0235       -99.999000           -7.975819e+01         -100.00
8.980000       8.750000     0.000000   0.089000     0.0235       -99.999000           -7.222709e+01         -100.00
8.980000       8.800000     0.000000   0.088200     0.0235       -99.999000           -6.549019e+01         -100.00
8.980000       8.850000     0.000000   0.087300     0.0235       -99.999000           -5.946079e+01         -100.00
8.980000       8.900000     0.000000   0.086400     0.0235       -99.999000           -5.406149e+01         -100.00
8.980000       8.950000     0.000000   0.085400     0.0235       -99.999000           -4.922369e+01         -100.00
8.980000       9.000000     0.000000   0.084400     0.0235       -99.999000           -4.488579e+01         -100.00
8.980000       9.050000     0.000000   0.083300     0.0235       -99.999000           -4.099319e+01         -100.00
8.980000       9.100000     0.000000   0.082200     0.0235       -99.999000           -3.749709e+01         -100.00
8.980000       9.150000     0.000000   0.081000     0.0235       -99.999000           -3.435379e+01         -100.00
8.980000       9.200000     0.000000   0.079800     0.0235       -99.999000           -3.152459e+01         -100.00
8.980000       9.250000     0.000000   0.078400     0.0235       -99.999000           -2.897499e+01         -100.00
8.980000       9.300000     0.000000   0.077100     0.0235       -99.999000           -2.667389e+01         -100.00
8.980000       9.350000     0.000000   0.075700     0.0235       -99.999000           -2.459379e+01         -100.00
8.980000       9.400000     0.000000   0.074200     0.0235       -99.999000           -2.271029e+01         -100.00
8.980000       9.450000     0.000000   0.072700     0.0235       -99.999000           -2.100139e+01         -100.00
8.980000       9.500000     0.000000   0.071100     0.0235       -99.999000           -1.944749e+01         -100.00
8.980000       9.550000     0.000000   0.069400     0.0235       -99.999000           -1.803119e+01         -100.00
8.980000       9.600000     0.000000   0.067700     0.0235       -99.999000           -1.673699e+01         -100.00
8.980000       9.650000     0.000000   0.068900     0.0235       -99.999000           -1.554829e+01         -100.00
9.000000       8.000000     0.000000   0.098300     0.0238       -99.999000           -1.057943e+02         -100.00
9.000000       8.050000     0.000000   0.097900     0.0238       -99.999000           -1.057943e+02         -100.00
9.000000       8.100000     0.000000   0.097600     0.0238       -99.999000           -1.057943e+02         -100.00
9.000000       8.150000     0.000000   0.097200     0.0238       -99.999000           -1.057943e+02         -100.00
9.000000       8.200000     0.000000   0.096900     0.0238       -99.999000           -1.057943e+02         -100.00
9.000000       8.250000     0.000000   0.096500     0.0238       -99.999000           -1.057943e+02         -100.00
9.000000       8.300000     0.000000   0.096000     0.0238       -99.999000           -1.057943e+02         -100.00
9.000000       8.350000     0.000000   0.095500     0.0238       -99.999000           -1.057943e+02         -100.00
9.000000       8.400000     0.000000   0.095000     0.0238       -99.999000           -1.057943e+02         -100.00
9.000000       8.450000     0.000000   0.094500     0.0238       -99.999000           -1.057943e+02         -100.00
9.000000       8.500000     0.000000   0.093900     0.0238       -99.999000           -1.057943e+02         -100.00
9.000000       8.550000     0.000000   0.093300     0.0238       -99.999000           -1.057943e+02         -100.00
9.000000       8.600000     0.000000   0.092700     0.0238       -99.999000           -9.856959e+01         -100.00
9.000000       8.650000     0.000000   0.092000     0.0238       -99.999000           -8.904209e+01         -100.00
9.000000       8.700000     0.000000   0.091200     0.0238       -99.999000           -8.052629e+01         -100.00
9.000000       8.750000     0.000000   0.090500     0.0238       -99.999000           -7.291189e+01         -100.00
9.000000       8.800000     0.000000   0.089600     0.0238       -99.999000           -6.610069e+01         -100.00
9.000000       8.850000     0.000000   0.088800     0.0238       -99.999000           -6.000499e+01         -100.00
9.000000       8.900000     0.000000   0.087800     0.0238       -99.999000           -5.454669e+01         -100.00
9.000000       8.950000     0.000000   0.086900     0.0238       -99.999000           -4.965629e+01         -100.00
9.000000       9.000000     0.000000   0.085800     0.0238       -99.999000           -4.527159e+01         -100.00
9.000000       9.050000     0.000000   0.084800     0.0238       -99.999000           -4.133719e+01         -100.00
9.000000       9.100000     0.000000   0.083600     0.0238       -99.999000           -3.780379e+01         -100.00
9.000000       9.150000     0.000000   0.082400     0.0238       -99.999000           -3.462739e+01         -100.00
9.000000       9.200000     0.000000   0.081200     0.0238       -99.999000           -3.176869e+01         -100.00
9.000000       9.250000     0.000000   0.079800     0.0238       -99.999000           -2.919259e+01         -100.00
9.000000       9.300000     0.000000   0.078500     0.0238       -99.999000           -2.686809e+01         -100.00
9.000000       9.350000     0.000000   0.077000     0.0238       -99.999000           -2.476719e+01         -100.00
9.000000       9.400000     0.000000   0.075500     0.0238       -99.999000           -2.286509e+01         -100.00
9.000000       9.450000     0.000000   0.074000     0.0238       -99.999000           -2.113959e+01         -100.00
9.000000       9.500000     0.000000   0.072400     0.0238       -99.999000           -1.957089e+01         -100.00
9.000000       9.550000     0.000000   0.070700     0.0238       -99.999000           -1.814159e+01         -100.00
9.000000       9.600000     0.000000   0.069000     0.0238       -99.999000           -1.683569e+01         -100.00
9.000000       9.650000     0.000000   0.067200     0.0238       -99.999000           -1.563919e+01         -100.00
9.020000       8.000000     0.000000   0.099800     0.0242       -99.999000           -1.057943e+02         -100.00
9.020000       8.050000     0.000000   0.099500     0.0242       -99.999000           -1.057943e+02         -100.00
9.020000       8.100000     0.000000   0.099200     0.0242       -99.999000           -1.057943e+02         -100.00
9.020000       8.150000     0.000000   0.098800     0.0242       -99.999000           -1.057943e+02         -100.00
9.020000       8.200000     0.000000   0.098400     0.0242       -99.999000           -1.057943e+02         -100.00
9.020000       8.250000     0.000000   0.098000     0.0242       -99.999000           -1.057943e+02         -100.00
9.020000       8.300000     0.000000   0.097600     0.0242       -99.999000           -1.057943e+02         -100.00
9.020000       8.350000     0.000000   0.097100     0.0242       -99.999000           -1.057943e+02         -100.00
9.020000       8.400000     0.000000   0.096600     0.0242       -99.999000           -1.057943e+02         -100.00
9.020000       8.450000     0.000000   0.096000     0.0242       -99.999000           -1.057943e+02         -100.00
9.020000       8.500000     0.000000   0.095500     0.0242       -99.999000           -1.057943e+02         -100.00
9.020000       8.550000     0.000000   0.094800     0.0242       -99.999000           -1.057943e+02         -100.00
9.020000       8.600000     0.000000   0.094200     0.0242       -99.999000           -9.955129e+01         -100.00
9.020000       8.650000     0.000000   0.093500     0.0242       -99.999000           -8.991719e+01         -100.00
9.020000       8.700000     0.000000   0.092800     0.0242       -99.999000           -8.130639e+01         -100.00
9.020000       8.750000     0.000000   0.092000     0.0242       -99.999000           -7.360729e+01         -100.00
9.020000       8.800000     0.000000   0.091100     0.0242       -99.999000           -6.672059e+01         -100.00
9.020000       8.850000     0.000000   0.090300     0.0242       -99.999000           -6.055769e+01         -100.00
9.020000       8.900000     0.000000   0.089300     0.0242       -99.999000           -5.503949e+01         -100.00
9.020000       8.950000     0.000000   0.088300     0.0242       -99.999000           -5.009569e+01         -100.00
9.020000       9.000000     0.000000   0.087300     0.0242       -99.999000           -4.566329e+01         -100.00
9.020000       9.050000     0.000000   0.086200     0.0242       -99.999000           -4.168649e+01         -100.00
9.020000       9.100000     0.000000   0.085100     0.0242       -99.999000           -3.811529e+01         -100.00
9.020000       9.150000     0.000000   0.083900     0.0242       -99.999000           -3.490519e+01         -100.00
9.020000       9.200000     0.000000   0.082600     0.0242       -99.999000           -3.201649e+01         -100.00
9.020000       9.250000     0.000000   0.081300     0.0242       -99.999000           -2.941369e+01         -100.00
9.020000       9.300000     0.000000   0.079900     0.0242       -99.999000           -2.706529e+01         -100.00
9.020000       9.350000     0.000000   0.078400     0.0242       -99.999000           -2.494319e+01         -100.00
9.020000       9.400000     0.000000   0.076900     0.0242       -99.999000           -2.302219e+01         -100.00
9.020000       9.450000     0.000000   0.075300     0.0242       -99.999000           -2.127989e+01         -100.00
9.020000       9.500000     0.000000   0.073700     0.0242       -99.999000           -1.969629e+01         -100.00
9.020000       9.550000     0.000000   0.072000     0.0242       -99.999000           -1.825359e+01         -100.00
9.020000       9.600000     0.000000   0.070300     0.0242       -99.999000           -1.693579e+01         -100.00
9.020000       9.650000     0.000000   0.068500     0.0242       -99.999000           -1.572879e+01         -100.00
9.040000       8.000000     0.000000   0.101400     0.0246       -99.999000           -1.057943e+02         -100.00
9.040000       8.050000     0.000000   0.101100     0.0246       -99.999000           -1.057943e+02         -100.00
9.040000       8.100000     0.000000   0.100700     0.0246       -99.999000           -1.057943e+02         -100.00
9.040000       8.150000     0.000000   0.100400     0.0246       -99.999000           -1.057943e+02         -100.00
9.040000       8.200000     0.000000   0.100000     0.0246       -99.999000           -1.057943e+02         -100.00
9.040000       8.250000     0.000000   0.099600     0.0246       -99.999000           -1.057943e+02         -100.00
9.040000       8.300000     0.000000   0.099100     0.0246       -99.999000           -1.057943e+02         -100.00
9.040000       8.350000     0.000000   0.098700     0.0246       -99.999000           -1.057943e+02         -100.00
9.040000       8.400000     0.000000   0.098100     0.0246       -99.999000           -1.057943e+02         -100.00
9.040000       8.450000     0.000000   0.097600     0.0246       -99.999000           -1.057943e+02         -100.00
9.040000       8.500000     0.000000   0.097000     0.0246       -99.999000           -1.057943e+02         -100.00
9.040000       8.550000     0.000000   0.096400     0.0246       -99.999000           -1.057943e+02         -100.00
9.040000       8.600000     0.000000   0.095700     0.0246       -99.999000           -1.005483e+02         -100.00
9.040000       8.650000     0.000000   0.095000     0.0246       -99.999000           -9.080589e+01         -100.00
9.040000       8.700000     0.000000   0.094300     0.0246       -99.999000           -8.209859e+01         -100.00
9.040000       8.750000     0.000000   0.093500     0.0246       -99.999000           -7.431359e+01         -100.00
9.040000       8.800000     0.000000   0.092700     0.0246       -99.999000           -6.735029e+01         -100.00
9.040000       8.850000     0.000000   0.091800     0.0246       -99.999000           -6.111899e+01         -100.00
9.040000       8.900000     0.000000   0.090800     0.0246       -99.999000           -5.553999e+01         -100.00
9.040000       8.950000     0.000000   0.089800     0.0246       -99.999000           -5.054189e+01         -100.00
9.040000       9.000000     0.000000   0.088800     0.0246       -99.999000           -4.606119e+01         -100.00
9.040000       9.050000     0.000000   0.087700     0.0246       -99.999000           -4.204129e+01         -100.00
9.040000       9.100000     0.000000   0.086500     0.0246       -99.999000           -3.843169e+01         -100.00
9.040000       9.150000     0.000000   0.085300     0.0246       -99.999000           -3.518739e+01         -100.00
9.040000       9.200000     0.000000   0.084000     0.0246       -99.999000           -3.226809e+01         -100.00
9.040000       9.250000     0.000000   0.082700     0.0246       -99.999000           -2.963819e+01         -100.00
9.040000       9.300000     0.000000   0.081300     0.0246       -99.999000           -2.726559e+01         -100.00
9.040000       9.350000     0.000000   0.079800     0.0246       -99.999000           -2.512199e+01         -100.00
9.040000       9.400000     0.000000   0.078300     0.0246       -99.999000           -2.318169e+01         -100.00
9.040000       9.450000     0.000000   0.076700     0.0246       -99.999000           -2.142229e+01         -100.00
9.040000       9.500000     0.000000   0.075100     0.0246       -99.999000           -1.982349e+01         -100.00
9.040000       9.550000     0.000000   0.073400     0.0246       -99.999000           -1.836729e+01         -100.00
9.040000       9.600000     0.000000   0.071600     0.0246       -99.999000           -1.703749e+01         -100.00
9.040000       9.650000     0.000000   0.069800     0.0246       -99.999000           -1.581979e+01         -100.00
9.060000       8.000000     0.000000   0.103000     0.0249       -99.999000           -1.057943e+02         -100.00
9.060000       8.050000     0.000000   0.102700     0.0249       -99.999000           -1.057943e+02         -100.00
9.060000       8.100000     0.000000   0.102400     0.0249       -99.999000           -1.057943e+02         -100.00
9.060000       8.150000     0.000000   0.102000     0.0249       -99.999000           -1.057943e+02         -100.00
9.060000       8.200000     0.000000   0.101600     0.0249       -99.999000           -1.057943e+02         -100.00
9.060000       8.250000     0.000000   0.101200     0.0249       -99.999000           -1.057943e+02         -100.00
9.060000       8.300000     0.000000   0.100700     0.0249       -99.999000           -1.057943e+02         -100.00
9.060000       8.350000     0.000000   0.100200     0.0249       -99.999000           -1.057943e+02         -100.00
9.060000       8.400000     0.000000   0.099700     0.0249       -99.999000           -1.057943e+02         -100.00
9.060000       8.450000     0.000000   0.099200     0.0249       -99.999000           -1.057943e+02         -100.00
9.060000       8.500000     0.000000   0.098600     0.0249       -99.999000           -1.057943e+02         -100.00
9.060000       8.550000     0.000000   0.098000     0.0249       -99.999000           -1.057943e+02         -100.00
9.060000       8.600000     0.000000   0.097300     0.0249       -99.999000           -1.015609e+02         -100.00
9.060000       8.650000     0.000000   0.096600     0.0249       -99.999000           -9.170859e+01         -100.00
9.060000       8.700000     0.000000   0.095900     0.0249       -99.999000           -8.290329e+01         -100.00
9.060000       8.750000     0.000000   0.095100     0.0249       -99.999000           -7.503089e+01         -100.00
9.060000       8.800000     0.000000   0.094200     0.0249       -99.999000           -6.798969e+01         -100.00
9.060000       8.850000     0.000000   0.093300     0.0249       -99.999000           -6.168909e+01         -100.00
9.060000       8.900000     0.000000   0.092400     0.0249       -99.999000           -5.604819e+01         -100.00
9.060000       8.950000     0.000000   0.091400     0.0249       -99.999000           -5.099499e+01         -100.00
9.060000       9.000000     0.000000   0.090300     0.0249       -99.999000           -4.646519e+01         -100.00
9.060000       9.050000     0.000000   0.089200     0.0249       -99.999000           -4.240159e+01         -100.00
9.060000       9.100000     0.000000   0.088000     0.0249       -99.999000           -3.875299e+01         -100.00
9.060000       9.150000     0.000000   0.086800     0.0249       -99.999000           -3.547389e+01         -100.00
9.060000       9.200000     0.000000   0.085500     0.0249       -99.999000           -3.252369e+01         -100.00
9.060000       9.250000     0.000000   0.084200     0.0249       -99.999000           -2.986619e+01         -100.00
9.060000       9.300000     0.000000   0.082700     0.0249       -99.999000           -2.746909e+01         -100.00
9.060000       9.350000     0.000000   0.081300     0.0249       -99.999000           -2.530349e+01         -100.00
9.060000       9.400000     0.000000   0.079700     0.0249       -99.999000           -2.334369e+01         -100.00
9.060000       9.450000     0.000000   0.078100     0.0249       -99.999000           -2.156699e+01         -100.00
9.060000       9.500000     0.000000   0.076500     0.0249       -99.999000           -1.995269e+01         -100.00
9.060000       9.550000     0.000000   0.074800     0.0249       -99.999000           -1.848269e+01         -100.00
9.060000       9.600000     0.000000   0.073000     0.0249       -99.999000           -1.714079e+01         -100.00
9.060000       9.650000     0.000000   0.071200     0.0249       -99.999000           -1.591219e+01         -100.00
9.080000       8.000000     0.000000   0.104600     0.0253       -99.999000           -1.057943e+02         -100.00
9.080000       8.050000     0.000000   0.104300     0.0253       -99.999000           -1.057943e+02         -100.00
9.080000       8.100000     0.000000   0.104000     0.0253       -99.999000           -1.057943e+02         -100.00
9.080000       8.150000     0.000000   0.103600     0.0253       -99.999000           -1.057943e+02         -100.00
9.080000       8.200000     0.000000   0.103200     0.0253       -99.999000           -1.057943e+02         -100.00
9.080000       8.250000     0.000000   0.102800     0.0253       -99.999000           -1.057943e+02         -100.00
9.080000       8.300000     0.000000   0.102300     0.0253       -99.999000           -1.057943e+02         -100.00
9.080000       8.350000     0.000000   0.101900     0.0253       -99.999000           -1.057943e+02         -100.00
9.080000       8.400000     0.000000   0.101300     0.0253       -99.999000           -1.057943e+02         -100.00
9.080000       8.450000     0.000000   0.100800     0.0253       -99.999000           -1.057943e+02         -100.00
9.080000       8.500000     0.000000   0.100200     0.0253       -99.999000           -1.057943e+02         -100.00
9.080000       8.550000     0.000000   0.099600     0.0253       -99.999000           -1.057943e+02         -100.00
9.080000       8.600000     0.000000   0.098900     0.0253       -99.999000           -1.025892e+02         -100.00
9.080000       8.650000     0.000000   0.098200     0.0253       -99.999000           -9.262529e+01         -100.00
9.080000       8.700000     0.000000   0.097400     0.0253       -99.999000           -8.372039e+01         -100.00
9.080000       8.750000     0.000000   0.096600     0.0253       -99.999000           -7.575939e+01         -100.00
9.080000       8.800000     0.000000   0.095800     0.0253       -99.999000           -6.863909e+01         -100.00
9.080000       8.850000     0.000000   0.094900     0.0253       -99.999000           -6.226809e+01         -100.00
9.080000       8.900000     0.000000   0.093900     0.0253       -99.999000           -5.656439e+01         -100.00
9.080000       8.950000     0.000000   0.092900     0.0253       -99.999000           -5.145519e+01         -100.00
9.080000       9.000000     0.000000   0.091900     0.0253       -99.999000           -4.687559e+01         -100.00
9.080000       9.050000     0.000000   0.090700     0.0253       -99.999000           -4.276749e+01         -100.00
9.080000       9.100000     0.000000   0.089600     0.0253       -99.999000           -3.907929e+01         -100.00
9.080000       9.150000     0.000000   0.088300     0.0253       -99.999000           -3.576489e+01         -100.00
9.080000       9.200000     0.000000   0.087000     0.0253       -99.999000           -3.278319e+01         -100.00
9.080000       9.250000     0.000000   0.085700     0.0253       -99.999000           -3.009769e+01         -100.00
9.080000       9.300000     0.000000   0.084200     0.0253       -99.999000           -2.767559e+01         -100.00
9.080000       9.350000     0.000000   0.082700     0.0253       -99.999000           -2.548779e+01         -100.00
9.080000       9.400000     0.000000   0.081200     0.0253       -99.999000           -2.350829e+01         -100.00
9.080000       9.450000     0.000000   0.079600     0.0253       -99.999000           -2.171379e+01         -100.00
9.080000       9.500000     0.000000   0.077900     0.0253       -99.999000           -2.008389e+01         -100.00
9.080000       9.550000     0.000000   0.076100     0.0253       -99.999000           -1.859999e+01         -100.00
9.080000       9.600000     0.000000   0.074400     0.0253       -99.999000           -1.724549e+01         -100.00
9.080000       9.650000     0.000000   0.072500     0.0253       -99.999000           -1.600589e+01         -100.00
9.100000       8.000000     0.000000   0.106300     0.0257       -99.999000           -1.057943e+02         -100.00
9.100000       8.050000     0.000000   0.106000     0.0257       -99.999000           -1.057943e+02         -100.00
9.100000       8.100000     0.000000   0.105600     0.0257       -99.999000           -1.057943e+02         -100.00
9.100000       8.150000     0.000000   0.105300     0.0257       -99.999000           -1.057943e+02         -100.00
9.100000       8.200000     0.000000   0.104900     0.0257       -99.999000           -1.057943e+02         -100.00
9.100000       8.250000     0.000000   0.104400     0.0257       -99.999000           -1.057943e+02         -100.00
9.100000       8.300000     0.000000   0.104000     0.0257       -99.999000           -1.057943e+02         -100.00
9.100000       8.350000     0.000000   0.103500     0.0257       -99.999000           -1.057943e+02         -100.00
9.100000       8.400000     0.000000   0.103000     0.0257       -99.999000           -1.057943e+02         -100.00
9.100000       8.450000     0.000000   0.102400     0.0257       -99.999000           -1.057943e+02         -100.00
9.100000       8.500000     0.000000   0.101800     0.0257       -99.999000           -1.057943e+02         -100.00
9.100000       8.550000     0.000000   0.101200     0.0257       -99.999000           -1.057943e+02         -100.00
9.100000       8.600000     0.000000   0.100500     0.0257       -99.999000           -1.036336e+02         -100.00
9.100000       8.650000     0.000000   0.099800     0.0257       -99.999000           -9.355629e+01         -100.00
9.100000       8.700000     0.000000   0.099100     0.0257       -99.999000           -8.455039e+01         -100.00
9.100000       8.750000     0.000000   0.098200     0.0257       -99.999000           -7.649919e+01         -100.00
9.100000       8.800000     0.000000   0.097400     0.0257       -99.999000           -6.929869e+01         -100.00
9.100000       8.850000     0.000000   0.096500     0.0257       -99.999000           -6.285609e+01         -100.00
9.100000       8.900000     0.000000   0.095500     0.0257       -99.999000           -5.708859e+01         -100.00
9.100000       8.950000     0.000000   0.094500     0.0257       -99.999000           -5.192259e+01         -100.00
9.100000       9.000000     0.000000   0.093400     0.0257       -99.999000           -4.729229e+01         -100.00
9.100000       9.050000     0.000000   0.092300     0.0257       -99.999000           -4.313899e+01         -100.00
9.100000       9.100000     0.000000   0.091100     0.0257       -99.999000           -3.941059e+01         -100.00
9.100000       9.150000     0.000000   0.089900     0.0257       -99.999000           -3.606039e+01         -100.00
9.100000       9.200000     0.000000   0.088500     0.0257       -99.999000           -3.304679e+01         -100.00
9.100000       9.250000     0.000000   0.087200     0.0257       -99.999000           -3.033279e+01         -100.00
9.100000       9.300000     0.000000   0.085700     0.0257       -99.999000           -2.788539e+01         -100.00
9.100000       9.350000     0.000000   0.084200     0.0257       -99.999000           -2.567489e+01         -100.00
9.100000       9.400000     0.000000   0.082600     0.0257       -99.999000           -2.367529e+01         -100.00
9.100000       9.450000     0.000000   0.081000     0.0257       -99.999000           -2.186299e+01         -100.00
9.100000       9.500000     0.000000   0.079300     0.0257       -99.999000           -2.021709e+01         -100.00
9.100000       9.550000     0.000000   0.077600     0.0257       -99.999000           -1.871899e+01         -100.00
9.100000       9.600000     0.000000   0.075800     0.0257       -99.999000           -1.735189e+01         -100.00
9.100000       9.650000     0.000000   0.073900     0.0257       -99.999000           -1.610109e+01         -100.00
9.120000       8.000000     0.000000   0.108000     0.0261       -99.999000           -1.057943e+02         -100.00
9.120000       8.050000     0.000000   0.107700     0.0261       -99.999000           -1.057943e+02         -100.00
9.120000       8.100000     0.000000   0.107300     0.0261       -99.999000           -1.057943e+02         -100.00
9.120000       8.150000     0.000000   0.106900     0.0261       -99.999000           -1.057943e+02         -100.00
9.120000       8.200000     0.000000   0.106500     0.0261       -99.999000           -1.057943e+02         -100.00
9.120000       8.250000     0.000000   0.106100     0.0261       -99.999000           -1.057943e+02         -100.00
9.120000       8.300000     0.000000   0.105700     0.0261       -99.999000           -1.057943e+02         -100.00
9.120000       8.350000     0.000000   0.105200     0.0261       -99.999000           -1.057943e+02         -100.00
9.120000       8.400000     0.000000   0.104600     0.0261       -99.999000           -1.057943e+02         -100.00
9.120000       8.450000     0.000000   0.104100     0.0261       -99.999000           -1.057943e+02         -100.00
9.120000       8.500000     0.000000   0.103500     0.0261       -99.999000           -1.057943e+02         -100.00
9.120000       8.550000     0.000000   0.102900     0.0261       -99.999000           -1.057943e+02         -100.00
9.120000       8.600000     0.000000   0.102200     0.0261       -99.999000           -1.046943e+02         -100.00
9.120000       8.650000     0.000000   0.101500     0.0261       -99.999000           -9.450179e+01         -100.00
9.120000       8.700000     0.000000   0.100700     0.0261       -99.999000           -8.539319e+01         -100.00
9.120000       8.750000     0.000000   0.099900     0.0261       -99.999000           -7.725059e+01         -100.00
9.120000       8.800000     0.000000   0.099000     0.0261       -99.999000           -6.996849e+01         -100.00
9.120000       8.850000     0.000000   0.098100     0.0261       -99.999000           -6.345319e+01         -100.00
9.120000       8.900000     0.000000   0.097100     0.0261       -99.999000           -5.762099e+01         -100.00
9.120000       8.950000     0.000000   0.096100     0.0261       -99.999000           -5.239729e+01         -100.00
9.120000       9.000000     0.000000   0.095000     0.0261       -99.999000           -4.771549e+01         -100.00
9.120000       9.050000     0.000000   0.093900     0.0261       -99.999000           -4.351639e+01         -100.00
9.120000       9.100000     0.000000   0.092700     0.0261       -99.999000           -3.974709e+01         -100.00
9.120000       9.150000     0.000000   0.091400     0.0261       -99.999000           -3.636049e+01         -100.00
9.120000       9.200000     0.000000   0.090100     0.0261       -99.999000           -3.331449e+01         -100.00
9.120000       9.250000     0.000000   0.088700     0.0261       -99.999000           -3.057159e+01         -100.00
9.120000       9.300000     0.000000   0.087200     0.0261       -99.999000           -2.809839e+01         -100.00
9.120000       9.350000     0.000000   0.085700     0.0261       -99.999000           -2.586499e+01         -100.00
9.120000       9.400000     0.000000   0.084100     0.0261       -99.999000           -2.384489e+01         -100.00
9.120000       9.450000     0.000000   0.082500     0.0261       -99.999000           -2.201439e+01         -100.00
9.120000       9.500000     0.000000   0.080800     0.0261       -99.999000           -2.035229e+01         -100.00
9.120000       9.550000     0.000000   0.079000     0.0261       -99.999000           -1.883979e+01         -100.00
9.120000       9.600000     0.000000   0.077200     0.0261       -99.999000           -1.745989e+01         -100.00
9.120000       9.650000     0.000000   0.075300     0.0261       -99.999000           -1.619769e+01         -100.00
9.140000       8.000000     0.000000   0.109700     0.0265       -99.999000           -1.057943e+02         -100.00
9.140000       8.050000     0.000000   0.109400     0.0265       -99.999000           -1.057943e+02         -100.00
9.140000       8.100000     0.000000   0.109000     0.0265       -99.999000           -1.057943e+02         -100.00
9.140000       8.150000     0.000000   0.108700     0.0265       -99.999000           -1.057943e+02         -100.00
9.140000       8.200000     0.000000   0.108300     0.0265       -99.999000           -1.057943e+02         -100.00
9.140000       8.250000     0.000000   0.107800     0.0265       -99.999000           -1.057943e+02         -100.00
9.140000       8.300000     0.000000   0.107400     0.0265       -99.999000           -1.057943e+02         -100.00
9.140000       8.350000     0.000000   0.106900     0.0265       -99.999000           -1.057943e+02         -100.00
9.140000       8.400000     0.000000   0.106300     0.0265       -99.999000           -1.057943e+02         -100.00
9.140000       8.450000     0.000000   0.105800     0.0265       -99.999000           -1.057943e+02         -100.00
9.140000       8.500000     0.000000   0.105200     0.0265       -99.999000           -1.057943e+02         -100.00
9.140000       8.550000     0.000000   0.104500     0.0265       -99.999000           -1.057943e+02         -100.00
9.140000       8.600000     0.000000   0.103900     0.0265       -99.999000           -1.057709e+02         -100.00
9.140000       8.650000     0.000000   0.103100     0.0265       -99.999000           -9.546199e+01         -100.00
9.140000       8.700000     0.000000   0.102400     0.0265       -99.999000           -8.624919e+01         -100.00
9.140000       8.750000     0.000000   0.101500     0.0265       -99.999000           -7.801359e+01         -100.00
9.140000       8.800000     0.000000   0.100700     0.0265       -99.999000           -7.064879e+01         -100.00
9.140000       8.850000     0.000000   0.099700     0.0265       -99.999000           -6.405969e+01         -100.00
9.140000       8.900000     0.000000   0.098800     0.0265       -99.999000           -5.816169e+01         -100.00
9.140000       8.950000     0.000000   0.097700     0.0265       -99.999000           -5.287929e+01         -100.00
9.140000       9.000000     0.000000   0.096600     0.0265       -99.999000           -4.814529e+01         -100.00
9.140000       9.050000     0.000000   0.095500     0.0265       -99.999000           -4.389959e+01         -100.00
9.140000       9.100000     0.000000   0.094300     0.0265       -99.999000           -4.008889e+01         -100.00
9.140000       9.150000     0.000000   0.093000     0.0265       -99.999000           -3.666529e+01         -100.00
9.140000       9.200000     0.000000   0.091700     0.0265       -99.999000           -3.358629e+01         -100.00
9.140000       9.250000     0.000000   0.090300     0.0265       -99.999000           -3.081399e+01         -100.00
9.140000       9.300000     0.000000   0.088800     0.0265       -99.999000           -2.831459e+01         -100.00
9.140000       9.350000     0.000000   0.087300     0.0265       -99.999000           -2.605799e+01         -100.00
9.140000       9.400000     0.000000   0.085700     0.0265       -99.999000           -2.401719e+01         -100.00
9.140000       9.450000     0.000000   0.084000     0.0265       -99.999000           -2.216819e+01         -100.00
9.140000       9.500000     0.000000   0.082300     0.0265       -99.999000           -2.048959e+01         -100.00
9.140000       9.550000     0.000000   0.080500     0.0265       -99.999000           -1.896239e+01         -100.00
9.140000       9.600000     0.000000   0.078600     0.0265       -99.999000           -1.756959e+01         -100.00
9.140000       9.650000     0.000000   0.076700     0.0265       -99.999000           -1.629569e+01         -100.00
9.160000       8.000000     0.000000   0.111400     0.0269       -99.999000           -1.057943e+02         -100.00
9.160000       8.050000     0.000000   0.111100     0.0269       -99.999000           -1.057943e+02         -100.00
9.160000       8.100000     0.000000   0.110800     0.0269       -99.999000           -1.057943e+02         -100.00
9.160000       8.150000     0.000000   0.110400     0.0269       -99.999000           -1.057943e+02         -100.00
9.160000       8.200000     0.000000   0.110000     0.0269       -99.999000           -1.057943e+02         -100.00
9.160000       8.250000     0.000000   0.109500     0.0269       -99.999000           -1.057943e+02         -100.00
9.160000       8.300000     0.000000   0.109100     0.0269       -99.999000           -1.057943e+02         -100.00
9.160000       8.350000     0.000000   0.108600     0.0269       -99.999000           -1.057943e+02         -100.00
9.160000       8.400000     0.000000   0.108100     0.0269       -99.999000           -1.057943e+02         -100.00
9.160000       8.450000     0.000000   0.107500     0.0269       -99.999000           -1.057943e+02         -100.00
9.160000       8.500000     0.000000   0.106900     0.0269       -99.999000           -1.057943e+02         -100.00
9.160000       8.550000     0.000000   0.106200     0.0269       -99.999000           -1.057943e+02         -100.00
9.160000       8.600000     0.000000   0.105600     0.0269       -99.999000           -1.057943e+02         -100.00
9.160000       8.650000     0.000000   0.104800     0.0269       -99.999000           -9.643719e+01         -100.00
9.160000       8.700000     0.000000   0.104000     0.0269       -99.999000           -8.711859e+01         -100.00
9.160000       8.750000     0.000000   0.103200     0.0269       -99.999000           -7.878859e+01         -100.00
9.160000       8.800000     0.000000   0.102300     0.0269       -99.999000           -7.133959e+01         -100.00
9.160000       8.850000     0.000000   0.101400     0.0269       -99.999000           -6.467559e+01         -100.00
9.160000       8.900000     0.000000   0.100400     0.0269       -99.999000           -5.871079e+01         -100.00
9.160000       8.950000     0.000000   0.099400     0.0269       -99.999000           -5.336889e+01         -100.00
9.160000       9.000000     0.000000   0.098300     0.0269       -99.999000           -4.858179e+01         -100.00
9.160000       9.050000     0.000000   0.097100     0.0269       -99.999000           -4.428879e+01         -100.00
9.160000       9.100000     0.000000   0.095900     0.0269       -99.999000           -4.043589e+01         -100.00
9.160000       9.150000     0.000000   0.094600     0.0269       -99.999000           -3.697479e+01         -100.00
9.160000       9.200000     0.000000   0.093300     0.0269       -99.999000           -3.386229e+01         -100.00
9.160000       9.250000     0.000000   0.091900     0.0269       -99.999000           -3.106019e+01         -100.00
9.160000       9.300000     0.000000   0.090400     0.0269       -99.999000           -2.853429e+01         -100.00
9.160000       9.350000     0.000000   0.088800     0.0269       -99.999000           -2.625399e+01         -100.00
9.160000       9.400000     0.000000   0.087200     0.0269       -99.999000           -2.419209e+01         -100.00
9.160000       9.450000     0.000000   0.085500     0.0269       -99.999000           -2.232429e+01         -100.00
9.160000       9.500000     0.000000   0.083800     0.0269       -99.999000           -2.062899e+01         -100.00
9.160000       9.550000     0.000000   0.082000     0.0269       -99.999000           -1.908699e+01         -100.00
9.160000       9.600000     0.000000   0.080100     0.0269       -99.999000           -1.768089e+01         -100.00
9.160000       9.650000     0.000000   0.078200     0.0269       -99.999000           -1.639529e+01         -100.00
9.180000       8.000000     0.000000   0.113200     0.0273       -99.999000           -1.057943e+02         -100.00
9.180000       8.050000     0.000000   0.112900     0.0273       -99.999000           -1.057943e+02         -100.00
9.180000       8.100000     0.000000   0.112500     0.0273       -99.999000           -1.057943e+02         -100.00
9.180000       8.150000     0.000000   0.112100     0.0273       -99.999000           -1.057943e+02         -100.00
9.180000       8.200000     0.000000   0.111700     0.0273       -99.999000           -1.057943e+02         -100.00
9.180000       8.250000     0.000000   0.111300     0.0273       -99.999000           -1.057943e+02         -100.00
9.180000       8.300000     0.000000   0.110800     0.0273       -99.999000           -1.057943e+02         -100.00
9.180000       8.350000     0.000000   0.110300     0.0273       -99.999000           -1.057943e+02         -100.00
9.180000       8.400000     0.000000   0.109800     0.0273       -99.999000           -1.057943e+02         -100.00
9.180000       8.450000     0.000000   0.109200     0.0273       -99.999000           -1.057943e+02         -100.00
9.180000       8.500000     0.000000   0.108600     0.0273       -99.999000           -1.057943e+02         -100.00
9.180000       8.550000     0.000000   0.108000     0.0273       -99.999000           -1.057943e+02         -100.00
9.180000       8.600000     0.000000   0.107300     0.0273       -99.999000           -1.057943e+02         -100.00
9.180000       8.650000     0.000000   0.106600     0.0273       -99.999000           -9.742759e+01         -100.00
9.180000       8.700000     0.000000   0.105800     0.0273       -99.999000           -8.800139e+01         -100.00
9.180000       8.750000     0.000000   0.104900     0.0273       -99.999000           -7.957559e+01         -100.00
9.180000       8.800000     0.000000   0.104100     0.0273       -99.999000           -7.204119e+01         -100.00
9.180000       8.850000     0.000000   0.103100     0.0273       -99.999000           -6.530109e+01         -100.00
9.180000       8.900000     0.000000   0.102100     0.0273       -99.999000           -5.926839e+01         -100.00
9.180000       8.950000     0.000000   0.101100     0.0273       -99.999000           -5.386599e+01         -100.00
9.180000       9.000000     0.000000   0.100000     0.0273       -99.999000           -4.902509e+01         -100.00
9.180000       9.050000     0.000000   0.098800     0.0273       -99.999000           -4.468409e+01         -100.00
9.180000       9.100000     0.000000   0.097600     0.0273       -99.999000           -4.078839e+01         -100.00
9.180000       9.150000     0.000000   0.096300     0.0273       -99.999000           -3.728909e+01         -100.00
9.180000       9.200000     0.000000   0.094900     0.0273       -99.999000           -3.414259e+01         -100.00
9.180000       9.250000     0.000000   0.093500     0.0273       -99.999000           -3.131029e+01         -100.00
9.180000       9.300000     0.000000   0.092000     0.0273       -99.999000           -2.875729e+01         -100.00
9.180000       9.350000     0.000000   0.090400     0.0273       -99.999000           -2.645299e+01         -100.00
9.180000       9.400000     0.000000   0.088800     0.0273       -99.999000           -2.436969e+01         -100.00
9.180000       9.450000     0.000000   0.087100     0.0273       -99.999000           -2.248279e+01         -100.00
9.180000       9.500000     0.000000   0.085300     0.0273       -99.999000           -2.077059e+01         -100.00
9.180000       9.550000     0.000000   0.083500     0.0273       -99.999000           -1.921339e+01         -100.00
9.180000       9.600000     0.000000   0.081600     0.0273       -99.999000           -1.779389e+01         -100.00
9.180000       9.650000     0.000000   0.079600     0.0273       -99.999000           -1.649629e+01         -100.00
9.200000       8.000000     0.000000   0.115000     0.0278       -99.999000           -1.057943e+02         -100.00
9.200000       8.050000     0.000000   0.114700     0.0278       -99.999000           -1.057943e+02         -100.00
9.200000       8.100000     0.000000   0.114300     0.0278       -99.999000           -1.057943e+02         -100.00
9.200000       8.150000     0.000000   0.113900     0.0278       -99.999000           -1.057943e+02         -100.00
9.200000       8.200000     0.000000   0.113500     0.0278       -99.999000           -1.057943e+02         -100.00
9.200000       8.250000     0.000000   0.113100     0.0278       -99.999000           -1.057943e+02         -100.00
9.200000       8.300000     0.000000   0.112600     0.0278       -99.999000           -1.057943e+02         -100.00
9.200000       8.350000     0.000000   0.112100     0.0278       -99.999000           -1.057943e+02         -100.00
9.200000       8.400000     0.000000   0.111600     0.0278       -99.999000           -1.057943e+02         -100.00
9.200000       8.450000     0.000000   0.111000     0.0278       -99.999000           -1.057943e+02         -100.00
9.200000       8.500000     0.000000   0.110400     0.0278       -99.999000           -1.057943e+02         -100.00
9.200000       8.550000     0.000000   0.109700     0.0278       -99.999000           -1.057943e+02         -100.00
9.200000       8.600000     0.000000   0.109000     0.0278       -99.999000           -1.057943e+02         -100.00
9.200000       8.650000     0.000000   0.108300     0.0278       -99.999000           -9.843349e+01         -100.00
9.200000       8.700000     0.000000   0.107500     0.0278       -99.999000           -8.889799e+01         -100.00
9.200000       8.750000     0.000000   0.106700     0.0278       -99.999000           -8.037489e+01         -100.00
9.200000       8.800000     0.000000   0.105800     0.0278       -99.999000           -7.275379e+01         -100.00
9.200000       8.850000     0.000000   0.104800     0.0278       -99.999000           -6.593629e+01         -100.00
9.200000       8.900000     0.000000   0.103800     0.0278       -99.999000           -5.983469e+01         -100.00
9.200000       8.950000     0.000000   0.102800     0.0278       -99.999000           -5.437089e+01         -100.00
9.200000       9.000000     0.000000   0.101700     0.0278       -99.999000           -4.947519e+01         -100.00
9.200000       9.050000     0.000000   0.100500     0.0278       -99.999000           -4.508549e+01         -100.00
9.200000       9.100000     0.000000   0.099200     0.0278       -99.999000           -4.114629e+01         -100.00
9.200000       9.150000     0.000000   0.097900     0.0278       -99.999000           -3.760819e+01         -100.00
9.200000       9.200000     0.000000   0.096600     0.0278       -99.999000           -3.442729e+01         -100.00
9.200000       9.250000     0.000000   0.095100     0.0278       -99.999000           -3.156419e+01         -100.00
9.200000       9.300000     0.000000   0.093600     0.0278       -99.999000           -2.898379e+01         -100.00
9.200000       9.350000     0.000000   0.092000     0.0278       -99.999000           -2.665509e+01         -100.00
9.200000       9.400000     0.000000   0.090400     0.0278       -99.999000           -2.454999e+01         -100.00
9.200000       9.450000     0.000000   0.088700     0.0278       -99.999000           -2.264379e+01         -100.00
9.200000       9.500000     0.000000   0.086900     0.0278       -99.999000           -2.091429e+01         -100.00
9.200000       9.550000     0.000000   0.085000     0.0278       -99.999000           -1.934179e+01         -100.00
9.200000       9.600000     0.000000   0.083100     0.0278       -99.999000           -1.790859e+01         -100.00
9.200000       9.650000     0.000000   0.081100     0.0278       -99.999000           -1.659889e+01         -100.00
9.220000       8.000000     0.000000   0.116800     0.0282       -99.999000           -1.057943e+02         -100.00
9.220000       8.050000     0.000000   0.116500     0.0282       -99.999000           -1.057943e+02         -100.00
9.220000       8.100000     0.000000   0.116100     0.0282       -99.999000           -1.057943e+02         -100.00
9.220000       8.150000     0.000000   0.115800     0.0282       -99.999000           -1.057943e+02         -100.00
9.220000       8.200000     0.000000   0.115300     0.0282       -99.999000           -1.057943e+02         -100.00
9.220000       8.250000     0.000000   0.114900     0.0282       -99.999000           -1.057943e+02         -100.00
9.220000       8.300000     0.000000   0.114400     0.0282       -99.999000           -1.057943e+02         -100.00
9.220000       8.350000     0.000000   0.113900     0.0282       -99.999000           -1.057943e+02         -100.00
9.220000       8.400000     0.000000   0.113400     0.0282       -99.999000           -1.057943e+02         -100.00
9.220000       8.450000     0.000000   0.112800     0.0282       -99.999000           -1.057943e+02         -100.00
9.220000       8.500000     0.000000   0.112200     0.0282       -99.999000           -1.057943e+02         -100.00
9.220000       8.550000     0.000000   0.111500     0.0282       -99.999000           -1.057943e+02         -100.00
9.220000       8.600000     0.000000   0.110800     0.0282       -99.999000           -1.057943e+02         -100.00
9.220000       8.650000     0.000000   0.110100     0.0282       -99.999000           -9.945499e+01         -100.00
9.220000       8.700000     0.000000   0.109300     0.0282       -99.999000           -8.980859e+01         -100.00
9.220000       8.750000     0.000000   0.108400     0.0282       -99.999000           -8.118669e+01         -100.00
9.220000       8.800000     0.000000   0.107500     0.0282       -99.999000           -7.347739e+01         -100.00
9.220000       8.850000     0.000000   0.106600     0.0282       -99.999000           -6.658139e+01         -100.00
9.220000       8.900000     0.000000   0.105600     0.0282       -99.999000           -6.040979e+01         -100.00
9.220000       8.950000     0.000000   0.104500     0.0282       -99.999000           -5.488369e+01         -100.00
9.220000       9.000000     0.000000   0.103400     0.0282       -99.999000           -4.993239e+01         -100.00
9.220000       9.050000     0.000000   0.102200     0.0282       -99.999000           -4.549309e+01         -100.00
9.220000       9.100000     0.000000   0.101000     0.0282       -99.999000           -4.150979e+01         -100.00
9.220000       9.150000     0.000000   0.099600     0.0282       -99.999000           -3.793239e+01         -100.00
9.220000       9.200000     0.000000   0.098200     0.0282       -99.999000           -3.471639e+01         -100.00
9.220000       9.250000     0.000000   0.096800     0.0282       -99.999000           -3.182199e+01         -100.00
9.220000       9.300000     0.000000   0.095300     0.0282       -99.999000           -2.921379e+01         -100.00
9.220000       9.350000     0.000000   0.093700     0.0282       -99.999000           -2.686029e+01         -100.00
9.220000       9.400000     0.000000   0.092000     0.0282       -99.999000           -2.473309e+01         -100.00
9.220000       9.450000     0.000000   0.090300     0.0282       -99.999000           -2.280719e+01         -100.00
9.220000       9.500000     0.000000   0.088500     0.0282       -99.999000           -2.106019e+01         -100.00
9.220000       9.550000     0.000000   0.086600     0.0282       -99.999000           -1.947209e+01         -100.00
9.220000       9.600000     0.000000   0.084700     0.0282       -99.999000           -1.802499e+01         -100.00
9.220000       9.650000     0.000000   0.082700     0.0282       -99.999000           -1.670299e+01         -100.00
9.240000       8.000000     0.000000   0.118700     0.0286       -99.999000           -1.057943e+02         -100.00
9.240000       8.050000     0.000000   0.118300     0.0286       -99.999000           -1.057943e+02         -100.00
9.240000       8.100000     0.000000   0.118000     0.0286       -99.999000           -1.057943e+02         -100.00
9.240000       8.150000     0.000000   0.117600     0.0286       -99.999000           -1.057943e+02         -100.00
9.240000       8.200000     0.000000   0.117200     0.0286       -99.999000           -1.057943e+02         -100.00
9.240000       8.250000     0.000000   0.116700     0.0286       -99.999000           -1.057943e+02         -100.00
9.240000       8.300000     0.000000   0.116300     0.0286       -99.999000           -1.057943e+02         -100.00
9.240000       8.350000     0.000000   0.115800     0.0286       -99.999000           -1.057943e+02         -100.00
9.240000       8.400000     0.000000   0.115200     0.0286       -99.999000           -1.057943e+02         -100.00
9.240000       8.450000     0.000000   0.114600     0.0286       -99.999000           -1.057943e+02         -100.00
9.240000       8.500000     0.000000   0.114000     0.0286       -99.999000           -1.057943e+02         -100.00
9.240000       8.550000     0.000000   0.113300     0.0286       -99.999000           -1.057943e+02         -100.00
9.240000       8.600000     0.000000   0.112600     0.0286       -99.999000           -1.057943e+02         -100.00
9.240000       8.650000     0.000000   0.111900     0.0286       -99.999000           -1.004924e+02         -100.00
9.240000       8.700000     0.000000   0.111100     0.0286       -99.999000           -9.073339e+01         -100.00
9.240000       8.750000     0.000000   0.110200     0.0286       -99.999000           -8.201099e+01         -100.00
9.240000       8.800000     0.000000   0.109300     0.0286       -99.999000           -7.421229e+01         -100.00
9.240000       8.850000     0.000000   0.108400     0.0286       -99.999000           -6.723649e+01         -100.00
9.240000       8.900000     0.000000   0.107400     0.0286       -99.999000           -6.099389e+01         -100.00
9.240000       8.950000     0.000000   0.106300     0.0286       -99.999000           -5.540439e+01         -100.00
9.240000       9.000000     0.000000   0.105100     0.0286       -99.999000           -5.039669e+01         -100.00
9.240000       9.050000     0.000000   0.104000     0.0286       -99.999000           -4.590709e+01         -100.00
9.240000       9.100000     0.000000   0.102700     0.0286       -99.999000           -4.187889e+01         -100.00
9.240000       9.150000     0.000000   0.101400     0.0286       -99.999000           -3.826159e+01         -100.00
9.240000       9.200000     0.000000   0.100000     0.0286       -99.999000           -3.500989e+01         -100.00
9.240000       9.250000     0.000000   0.098500     0.0286       -99.999000           -3.208379e+01         -100.00
9.240000       9.300000     0.000000   0.096900     0.0286       -99.999000           -2.944739e+01         -100.00
9.240000       9.350000     0.000000   0.095300     0.0286       -99.999000           -2.706859e+01         -100.00
9.240000       9.400000     0.000000   0.093700     0.0286       -99.999000           -2.491899e+01         -100.00
9.240000       9.450000     0.000000   0.091900     0.0286       -99.999000           -2.297319e+01         -100.00
9.240000       9.500000     0.000000   0.090100     0.0286       -99.999000           -2.120839e+01         -100.00
9.240000       9.550000     0.000000   0.088200     0.0286       -99.999000           -1.960439e+01         -100.00
9.240000       9.600000     0.000000   0.086200     0.0286       -99.999000           -1.814329e+01         -100.00
9.240000       9.650000     0.000000   0.084200     0.0286       -99.999000           -1.680869e+01         -100.00
9.260000       8.000000     0.000000   0.120600     0.0291       -99.999000           -1.057943e+02         -100.00
9.260000       8.050000     0.000000   0.120200     0.0291       -99.999000           -1.057943e+02         -100.00
9.260000       8.100000     0.000000   0.119900     0.0291       -99.999000           -1.057943e+02         -100.00
9.260000       8.150000     0.000000   0.119500     0.0291       -99.999000           -1.057943e+02         -100.00
9.260000       8.200000     0.000000   0.119100     0.0291       -99.999000           -1.057943e+02         -100.00
9.260000       8.250000     0.000000   0.118600     0.0291       -99.999000           -1.057943e+02         -100.00
9.260000       8.300000     0.000000   0.118100     0.0291       -99.999000           -1.057943e+02         -100.00
9.260000       8.350000     0.000000   0.117600     0.0291       -99.999000           -1.057943e+02         -100.00
9.260000       8.400000     0.000000   0.117100     0.0291       -99.999000           -1.057943e+02         -100.00
9.260000       8.450000     0.000000   0.116500     0.0291       -99.999000           -1.057943e+02         -100.00
9.260000       8.500000     0.000000   0.115900     0.0291       -99.999000           -1.057943e+02         -100.00
9.260000       8.550000     0.000000   0.115200     0.0291       -99.999000           -1.057943e+02         -100.00
9.260000       8.600000     0.000000   0.114500     0.0291       -99.999000           -1.057943e+02         -100.00
9.260000       8.650000     0.000000   0.113700     0.0291       -99.999000           -1.015459e+02         -100.00
9.260000       8.700000     0.000000   0.112900     0.0291       -99.999000           -9.167249e+01         -100.00
9.260000       8.750000     0.000000   0.112100     0.0291       -99.999000           -8.284819e+01         -100.00
9.260000       8.800000     0.000000   0.111100     0.0291       -99.999000           -7.495859e+01         -100.00
9.260000       8.850000     0.000000   0.110200     0.0291       -99.999000           -6.790189e+01         -100.00
9.260000       8.900000     0.000000   0.109200     0.0291       -99.999000           -6.158709e+01         -100.00
9.260000       8.950000     0.000000   0.108100     0.0291       -99.999000           -5.593329e+01         -100.00
9.260000       9.000000     0.000000   0.106900     0.0291       -99.999000           -5.086819e+01         -100.00
9.260000       9.050000     0.000000   0.105700     0.0291       -99.999000           -4.632749e+01         -100.00
9.260000       9.100000     0.000000   0.104400     0.0291       -99.999000           -4.225379e+01         -100.00
9.260000       9.150000     0.000000   0.103100     0.0291       -99.999000           -3.859579e+01         -100.00
9.260000       9.200000     0.000000   0.101700     0.0291       -99.999000           -3.530809e+01         -100.00
9.260000       9.250000     0.000000   0.100200     0.0291       -99.999000           -3.234969e+01         -100.00
9.260000       9.300000     0.000000   0.098700     0.0291       -99.999000           -2.968459e+01         -100.00
9.260000       9.350000     0.000000   0.097000     0.0291       -99.999000           -2.728019e+01         -100.00
9.260000       9.400000     0.000000   0.095300     0.0291       -99.999000           -2.510789e+01         -100.00
9.260000       9.450000     0.000000   0.093600     0.0291       -99.999000           -2.314169e+01         -100.00
9.260000       9.500000     0.000000   0.091700     0.0291       -99.999000           -2.135879e+01         -100.00
9.260000       9.550000     0.000000   0.089800     0.0291       -99.999000           -1.973879e+01         -100.00
9.260000       9.600000     0.000000   0.087800     0.0291       -99.999000           -1.826329e+01         -100.00
9.260000       9.650000     0.000000   0.085800     0.0291       -99.999000           -1.691599e+01         -100.00
9.280000       8.000000     0.000000   0.122500     0.0295       -99.999000           -1.057943e+02         -100.00
9.280000       8.050000     0.000000   0.122100     0.0295       -99.999000           -1.057943e+02         -100.00
9.280000       8.100000     0.000000   0.121800     0.0295       -99.999000           -1.057943e+02         -100.00
9.280000       8.150000     0.000000   0.121400     0.0295       -99.999000           -1.057943e+02         -100.00
9.280000       8.200000     0.000000   0.121000     0.0295       -99.999000           -1.057943e+02         -100.00
9.280000       8.250000     0.000000   0.120500     0.0295       -99.999000           -1.057943e+02         -100.00
9.280000       8.300000     0.000000   0.120000     0.0295       -99.999000           -1.057943e+02         -100.00
9.280000       8.350000     0.000000   0.119500     0.0295       -99.999000           -1.057943e+02         -100.00
9.280000       8.400000     0.000000   0.119000     0.0295       -99.999000           -1.057943e+02         -100.00
9.280000       8.450000     0.000000   0.118400     0.0295       -99.999000           -1.057943e+02         -100.00
9.280000       8.500000     0.000000   0.117700     0.0295       -99.999000           -1.057943e+02         -100.00
9.280000       8.550000     0.000000   0.117100     0.0295       -99.999000           -1.057943e+02         -100.00
9.280000       8.600000     0.000000   0.116300     0.0295       -99.999000           -1.057943e+02         -100.00
9.280000       8.650000     0.000000   0.115600     0.0295       -99.999000           -1.026159e+02         -100.00
9.280000       8.700000     0.000000   0.114800     0.0295       -99.999000           -9.262629e+01         -100.00
9.280000       8.750000     0.000000   0.113900     0.0295       -99.999000           -8.369839e+01         -100.00
9.280000       8.800000     0.000000   0.113000     0.0295       -99.999000           -7.571659e+01         -100.00
9.280000       8.850000     0.000000   0.112000     0.0295       -99.999000           -6.857759e+01         -100.00
9.280000       8.900000     0.000000   0.111000     0.0295       -99.999000           -6.218949e+01         -100.00
9.280000       8.950000     0.000000   0.109900     0.0295       -99.999000           -5.647029e+01         -100.00
9.280000       9.000000     0.000000   0.108700     0.0295       -99.999000           -5.134699e+01         -100.00
9.280000       9.050000     0.000000   0.107500     0.0295       -99.999000           -4.675439e+01         -100.00
9.280000       9.100000     0.000000   0.106200     0.0295       -99.999000           -4.263449e+01         -100.00
9.280000       9.150000     0.000000   0.104900     0.0295       -99.999000           -3.893529e+01         -100.00
9.280000       9.200000     0.000000   0.103500     0.0295       -99.999000           -3.561079e+01         -100.00
9.280000       9.250000     0.000000   0.102000     0.0295       -99.999000           -3.261979e+01         -100.00
9.280000       9.300000     0.000000   0.100400     0.0295       -99.999000           -2.992539e+01         -100.00
9.280000       9.350000     0.000000   0.098800     0.0295       -99.999000           -2.749509e+01         -100.00
9.280000       9.400000     0.000000   0.097000     0.0295       -99.999000           -2.529959e+01         -100.00
9.280000       9.450000     0.000000   0.095300     0.0295       -99.999000           -2.331279e+01         -100.00
9.280000       9.500000     0.000000   0.093400     0.0295       -99.999000           -2.151159e+01         -100.00
9.280000       9.550000     0.000000   0.091500     0.0295       -99.999000           -1.987519e+01         -100.00
9.280000       9.600000     0.000000   0.089500     0.0295       -99.999000           -1.838519e+01         -100.00
9.280000       9.650000     0.000000   0.087400     0.0295       -99.999000           -1.702489e+01         -100.00
9.300000       8.000000     0.000000   0.124400     0.0300       -99.999000           -1.057943e+02         -100.00
9.300000       8.050000     0.000000   0.124100     0.0300       -99.999000           -1.057943e+02         -100.00
9.300000       8.100000     0.000000   0.123700     0.0300       -99.999000           -1.057943e+02         -100.00
9.300000       8.150000     0.000000   0.123300     0.0300       -99.999000           -1.057943e+02         -100.00
9.300000       8.200000     0.000000   0.122900     0.0300       -99.999000           -1.057943e+02         -100.00
9.300000       8.250000     0.000000   0.122400     0.0300       -99.999000           -1.057943e+02         -100.00
9.300000       8.300000     0.000000   0.121900     0.0300       -99.999000           -1.057943e+02         -100.00
9.300000       8.350000     0.000000   0.121400     0.0300       -99.999000           -1.057943e+02         -100.00
9.300000       8.400000     0.000000   0.120900     0.0300       -99.999000           -1.057943e+02         -100.00
9.300000       8.450000     0.000000   0.120300     0.0300       -99.999000           -1.057943e+02         -100.00
9.300000       8.500000     0.000000   0.119600     0.0300       -99.999000           -1.057943e+02         -100.00
9.300000       8.550000     0.000000   0.119000     0.0300       -99.999000           -1.057943e+02         -100.00
9.300000       8.600000     0.000000   0.118200     0.0300       -99.999000           -1.057943e+02         -100.00
9.300000       8.650000     0.000000   0.117500     0.0300       -99.999000           -1.037024e+02         -100.00
9.300000       8.700000     0.000000   0.116700     0.0300       -99.999000           -9.359489e+01         -100.00
9.300000       8.750000     0.000000   0.115800     0.0300       -99.999000           -8.456189e+01         -100.00
9.300000       8.800000     0.000000   0.114900     0.0300       -99.999000           -7.648629e+01         -100.00
9.300000       8.850000     0.000000   0.113900     0.0300       -99.999000           -6.926379e+01         -100.00
9.300000       8.900000     0.000000   0.112900     0.0300       -99.999000           -6.280119e+01         -100.00
9.300000       8.950000     0.000000   0.111800     0.0300       -99.999000           -5.701569e+01         -100.00
9.300000       9.000000     0.000000   0.110600     0.0300       -99.999000           -5.183329e+01         -100.00
9.300000       9.050000     0.000000   0.109400     0.0300       -99.999000           -4.718799e+01         -100.00
9.300000       9.100000     0.000000   0.108100     0.0300       -99.999000           -4.302109e+01         -100.00
9.300000       9.150000     0.000000   0.106700     0.0300       -99.999000           -3.927999e+01         -100.00
9.300000       9.200000     0.000000   0.105300     0.0300       -99.999000           -3.591819e+01         -100.00
9.300000       9.250000     0.000000   0.103800     0.0300       -99.999000           -3.289399e+01         -100.00
9.300000       9.300000     0.000000   0.102200     0.0300       -99.999000           -3.016999e+01         -100.00
9.300000       9.350000     0.000000   0.100500     0.0300       -99.999000           -2.771329e+01         -100.00
9.300000       9.400000     0.000000   0.098800     0.0300       -99.999000           -2.549429e+01         -100.00
9.300000       9.450000     0.000000   0.097000     0.0300       -99.999000           -2.348659e+01         -100.00
9.300000       9.500000     0.000000   0.095100     0.0300       -99.999000           -2.166669e+01         -100.00
9.300000       9.550000     0.000000   0.093100     0.0300       -99.999000           -2.001369e+01         -100.00
9.300000       9.600000     0.000000   0.091100     0.0300       -99.999000           -1.850889e+01         -100.00
9.300000       9.650000     0.000000   0.089000     0.0300       -99.999000           -1.713549e+01         -100.00
9.320000       8.000000     0.000000   0.126400     0.0304       -99.999000           -1.057943e+02         -100.00
9.320000       8.050000     0.000000   0.126000     0.0304       -99.999000           -1.057943e+02         -100.00
9.320000       8.100000     0.000000   0.125700     0.0304       -99.999000           -1.057943e+02         -100.00
9.320000       8.150000     0.000000   0.125300     0.0304       -99.999000           -1.057943e+02         -100.00
9.320000       8.200000     0.000000   0.124800     0.0304       -99.999000           -1.057943e+02         -100.00
9.320000       8.250000     0.000000   0.124400     0.0304       -99.999000           -1.057943e+02         -100.00
9.320000       8.300000     0.000000   0.123900     0.0304       -99.999000           -1.057943e+02         -100.00
9.320000       8.350000     0.000000   0.123400     0.0304       -99.999000           -1.057943e+02         -100.00
9.320000       8.400000     0.000000   0.122800     0.0304       -99.999000           -1.057943e+02         -100.00
9.320000       8.450000     0.000000   0.122200     0.0304       -99.999000           -1.057943e+02         -100.00
9.320000       8.500000     0.000000   0.121600     0.0304       -99.999000           -1.057943e+02         -100.00
9.320000       8.550000     0.000000   0.120900     0.0304       -99.999000           -1.057943e+02         -100.00
9.320000       8.600000     0.000000   0.120200     0.0304       -99.999000           -1.057943e+02         -100.00
9.320000       8.650000     0.000000   0.119400     0.0304       -99.999000           -1.048059e+02         -100.00
9.320000       8.700000     0.000000   0.118600     0.0304       -99.999000           -9.457859e+01         -100.00
9.320000       8.750000     0.000000   0.117700     0.0304       -99.999000           -8.543879e+01         -100.00
9.320000       8.800000     0.000000   0.116800     0.0304       -99.999000           -7.726799e+01         -100.00
9.320000       8.850000     0.000000   0.115800     0.0304       -99.999000           -6.996059e+01         -100.00
9.320000       8.900000     0.000000   0.114700     0.0304       -99.999000           -6.342249e+01         -100.00
9.320000       8.950000     0.000000   0.113600     0.0304       -99.999000           -5.756959e+01         -100.00
9.320000       9.000000     0.000000   0.112500     0.0304       -99.999000           -5.232709e+01         -100.00
9.320000       9.050000     0.000000   0.111200     0.0304       -99.999000           -4.762829e+01         -100.00
9.320000       9.100000     0.000000   0.109900     0.0304       -99.999000           -4.341369e+01         -100.00
9.320000       9.150000     0.000000   0.108500     0.0304       -99.999000           -3.963009e+01         -100.00
9.320000       9.200000     0.000000   0.107100     0.0304       -99.999000           -3.623039e+01         -100.00
9.320000       9.250000     0.000000   0.105600     0.0304       -99.999000           -3.317239e+01         -100.00
9.320000       9.300000     0.000000   0.104000     0.0304       -99.999000           -3.041839e+01         -100.00
9.320000       9.350000     0.000000   0.102300     0.0304       -99.999000           -2.793489e+01         -100.00
9.320000       9.400000     0.000000   0.100600     0.0304       -99.999000           -2.569199e+01         -100.00
9.320000       9.450000     0.000000   0.098700     0.0304       -99.999000           -2.366299e+01         -100.00
9.320000       9.500000     0.000000   0.096800     0.0304       -99.999000           -2.182419e+01         -100.00
9.320000       9.550000     0.000000   0.094900     0.0304       -99.999000           -2.015429e+01         -100.00
9.320000       9.600000     0.000000   0.092800     0.0304       -99.999000           -1.863449e+01         -100.00
9.320000       9.650000     0.000000   0.090700     0.0304       -99.999000           -1.724779e+01         -100.00
9.340000       8.000000     0.000000   0.128400     0.0309       -99.999000           -1.057943e+02         -100.00
9.340000       8.050000     0.000000   0.128000     0.0309       -99.999000           -1.057943e+02         -100.00
9.340000       8.100000     0.000000   0.127700     0.0309       -99.999000           -1.057943e+02         -100.00
9.340000       8.150000     0.000000   0.127300     0.0309       -99.999000           -1.057943e+02         -100.00
9.340000       8.200000     0.000000   0.126800     0.0309       -99.999000           -1.057943e+02         -100.00
9.340000       8.250000     0.000000   0.126400     0.0309       -99.999000           -1.057943e+02         -100.00
9.340000       8.300000     0.000000   0.125900     0.0309       -99.999000           -1.057943e+02         -100.00
9.340000       8.350000     0.000000   0.125400     0.0309       -99.999000           -1.057943e+02         -100.00
9.340000       8.400000     0.000000   0.124800     0.0309       -99.999000           -1.057943e+02         -100.00
9.340000       8.450000     0.000000   0.124200     0.0309       -99.999000           -1.057943e+02         -100.00
9.340000       8.500000     0.000000   0.123600     0.0309       -99.999000           -1.057943e+02         -100.00
9.340000       8.550000     0.000000   0.122900     0.0309       -99.999000           -1.057943e+02         -100.00
9.340000       8.600000     0.000000   0.122100     0.0309       -99.999000           -1.057943e+02         -100.00
9.340000       8.650000     0.000000   0.121400     0.0309       -99.999000           -1.057943e+02         -100.00
9.340000       8.700000     0.000000   0.120500     0.0309       -99.999000           -9.557759e+01         -100.00
9.340000       8.750000     0.000000   0.119600     0.0309       -99.999000           -8.632929e+01         -100.00
9.340000       8.800000     0.000000   0.118700     0.0309       -99.999000           -7.806189e+01         -100.00
9.340000       8.850000     0.000000   0.117700     0.0309       -99.999000           -7.066829e+01         -100.00
9.340000       8.900000     0.000000   0.116700     0.0309       -99.999000           -6.405339e+01         -100.00
9.340000       8.950000     0.000000   0.115500     0.0309       -99.999000           -5.813209e+01         -100.00
9.340000       9.000000     0.000000   0.114400     0.0309       -99.999000           -5.282859e+01         -100.00
9.340000       9.050000     0.000000   0.113100     0.0309       -99.999000           -4.807539e+01         -100.00
9.340000       9.100000     0.000000   0.111800     0.0309       -99.999000           -4.381229e+01         -100.00
9.340000       9.150000     0.000000   0.110400     0.0309       -99.999000           -3.998569e+01         -100.00
9.340000       9.200000     0.000000   0.108900     0.0309       -99.999000           -3.654749e+01         -100.00
9.340000       9.250000     0.000000   0.107400     0.0309       -99.999000           -3.345519e+01         -100.00
9.340000       9.300000     0.000000   0.105800     0.0309       -99.999000           -3.067059e+01         -100.00
9.340000       9.350000     0.000000   0.104100     0.0309       -99.999000           -2.815989e+01         -100.00
9.340000       9.400000     0.000000   0.102300     0.0309       -99.999000           -2.589269e+01         -100.00
9.340000       9.450000     0.000000   0.100500     0.0309       -99.999000           -2.384209e+01         -100.00
9.340000       9.500000     0.000000   0.098600     0.0309       -99.999000           -2.198409e+01         -100.00
9.340000       9.550000     0.000000   0.096600     0.0309       -99.999000           -2.029709e+01         -100.00
9.340000       9.600000     0.000000   0.094500     0.0309       -99.999000           -1.876199e+01         -100.00
9.340000       9.650000     0.000000   0.092400     0.0309       -99.999000           -1.736169e+01         -100.00
9.360000       8.000000     0.000000   0.130400     0.0314       -99.999000           -1.057943e+02         -100.00
9.360000       8.050000     0.000000   0.130100     0.0314       -99.999000           -1.057943e+02         -100.00
9.360000       8.100000     0.000000   0.129700     0.0314       -99.999000           -1.057943e+02         -100.00
9.360000       8.150000     0.000000   0.129300     0.0314       -99.999000           -1.057943e+02         -100.00
9.360000       8.200000     0.000000   0.128900     0.0314       -99.999000           -1.057943e+02         -100.00
9.360000       8.250000     0.000000   0.128400     0.0314       -99.999000           -1.057943e+02         -100.00
9.360000       8.300000     0.000000   0.127900     0.0314       -99.999000           -1.057943e+02         -100.00
9.360000       8.350000     0.000000   0.127400     0.0314       -99.999000           -1.057943e+02         -100.00
9.360000       8.400000     0.000000   0.126800     0.0314       -99.999000           -1.057943e+02         -100.00
9.360000       8.450000     0.000000   0.126200     0.0314       -99.999000           -1.057943e+02         -100.00
9.360000       8.500000     0.000000   0.125600     0.0314       -99.999000           -1.057943e+02         -100.00
9.360000       8.550000     0.000000   0.124900     0.0314       -99.999000           -1.057943e+02         -100.00
9.360000       8.600000     0.000000   0.124100     0.0314       -99.999000           -1.057943e+02         -100.00
9.360000       8.650000     0.000000   0.123300     0.0314       -99.999000           -1.057943e+02         -100.00
9.360000       8.700000     0.000000   0.122500     0.0314       -99.999000           -9.659209e+01         -100.00
9.360000       8.750000     0.000000   0.121600     0.0314       -99.999000           -8.723369e+01         -100.00
9.360000       8.800000     0.000000   0.120700     0.0314       -99.999000           -7.886809e+01         -100.00
9.360000       8.850000     0.000000   0.119700     0.0314       -99.999000           -7.138699e+01         -100.00
9.360000       8.900000     0.000000   0.118600     0.0314       -99.999000           -6.469409e+01         -100.00
9.360000       8.950000     0.000000   0.117500     0.0314       -99.999000           -5.870329e+01         -100.00
9.360000       9.000000     0.000000   0.116300     0.0314       -99.999000           -5.333789e+01         -100.00
9.360000       9.050000     0.000000   0.115000     0.0314       -99.999000           -4.852949e+01         -100.00
9.360000       9.100000     0.000000   0.113700     0.0314       -99.999000           -4.421719e+01         -100.00
9.360000       9.150000     0.000000   0.112300     0.0314       -99.999000           -4.034669e+01         -100.00
9.360000       9.200000     0.000000   0.110800     0.0314       -99.999000           -3.686949e+01         -100.00
9.360000       9.250000     0.000000   0.109300     0.0314       -99.999000           -3.374229e+01         -100.00
9.360000       9.300000     0.000000   0.107700     0.0314       -99.999000           -3.092669e+01         -100.00
9.360000       9.350000     0.000000   0.106000     0.0314       -99.999000           -2.838829e+01         -100.00
9.360000       9.400000     0.000000   0.104200     0.0314       -99.999000           -2.609649e+01         -100.00
9.360000       9.450000     0.000000   0.102300     0.0314       -99.999000           -2.402399e+01         -100.00
9.360000       9.500000     0.000000   0.100400     0.0314       -99.999000           -2.214639e+01         -100.00
9.360000       9.550000     0.000000   0.098400     0.0314       -99.999000           -2.044199e+01         -100.00
9.360000       9.600000     0.000000   0.096300     0.0314       -99.999000           -1.889149e+01         -100.00
9.360000       9.650000     0.000000   0.094100     0.0314       -99.999000           -1.747739e+01         -100.00
9.380000       8.000000     0.000000   0.132500     0.0318       -99.999000           -1.057943e+02         -100.00
9.380000       8.050000     0.000000   0.132100     0.0318       -99.999000           -1.057943e+02         -100.00
9.380000       8.100000     0.000000   0.131700     0.0318       -99.999000           -1.057943e+02         -100.00
9.380000       8.150000     0.000000   0.131300     0.0318       -99.999000           -1.057943e+02         -100.00
9.380000       8.200000     0.000000   0.130900     0.0318       -99.999000           -1.057943e+02         -100.00
9.380000       8.250000     0.000000   0.130400     0.0318       -99.999000           -1.057943e+02         -100.00
9.380000       8.300000     0.000000   0.129900     0.0318       -99.999000           -1.057943e+02         -100.00
9.380000       8.350000     0.000000   0.129400     0.0318       -99.999000           -1.057943e+02         -100.00
9.380000       8.400000     0.000000   0.128800     0.0318       -99.999000           -1.057943e+02         -100.00
9.380000       8.450000     0.000000   0.128200     0.0318       -99.999000           -1.057943e+02         -100.00
9.380000       8.500000     0.000000   0.127600     0.0318       -99.999000           -1.057943e+02         -100.00
9.380000       8.550000     0.000000   0.126900     0.0318       -99.999000           -1.057943e+02         -100.00
9.380000       8.600000     0.000000   0.126200     0.0318       -99.999000           -1.057943e+02         -100.00
9.380000       8.650000     0.000000   0.125400     0.0318       -99.999000           -1.057943e+02         -100.00
9.380000       8.700000     0.000000   0.124500     0.0318       -99.999000           -9.762229e+01         -100.00
9.380000       8.750000     0.000000   0.123600     0.0318       -99.999000           -8.815209e+01         -100.00
9.380000       8.800000     0.000000   0.122700     0.0318       -99.999000           -7.968679e+01         -100.00
9.380000       8.850000     0.000000   0.121700     0.0318       -99.999000           -7.211689e+01         -100.00
9.380000       8.900000     0.000000   0.120600     0.0318       -99.999000           -6.534479e+01         -100.00
9.380000       8.950000     0.000000   0.119500     0.0318       -99.999000           -5.928339e+01         -100.00
9.380000       9.000000     0.000000   0.118300     0.0318       -99.999000           -5.385509e+01         -100.00
9.380000       9.050000     0.000000   0.117000     0.0318       -99.999000           -4.899059e+01         -100.00
9.380000       9.100000     0.000000   0.115700     0.0318       -99.999000           -4.462839e+01         -100.00
9.380000       9.150000     0.000000   0.114200     0.0318       -99.999000           -4.071329e+01         -100.00
9.380000       9.200000     0.000000   0.112800     0.0318       -99.999000           -3.719639e+01         -100.00
9.380000       9.250000     0.000000   0.111200     0.0318       -99.999000           -3.403389e+01         -100.00
9.380000       9.300000     0.000000   0.109500     0.0318       -99.999000           -3.118679e+01         -100.00
9.380000       9.350000     0.000000   0.107800     0.0318       -99.999000           -2.862029e+01         -100.00
9.380000       9.400000     0.000000   0.106000     0.0318       -99.999000           -2.630349e+01         -100.00
9.380000       9.450000     0.000000   0.104200     0.0318       -99.999000           -2.420869e+01         -100.00
9.380000       9.500000     0.000000   0.102200     0.0318       -99.999000           -2.231129e+01         -100.00
9.380000       9.550000     0.000000   0.100200     0.0318       -99.999000           -2.058919e+01         -100.00
9.380000       9.600000     0.000000   0.098100     0.0318       -99.999000           -1.902289e+01         -100.00
9.380000       9.650000     0.000000   0.095900     0.0318       -99.999000           -1.759489e+01         -100.00
9.400000       8.000000     0.000000   0.134600     0.0323       -99.999000           -1.057943e+02         -100.00
9.400000       8.050000     0.000000   0.134200     0.0323       -99.999000           -1.057943e+02         -100.00
9.400000       8.100000     0.000000   0.133800     0.0323       -99.999000           -1.057943e+02         -100.00
9.400000       8.150000     0.000000   0.133400     0.0323       -99.999000           -1.057943e+02         -100.00
9.400000       8.200000     0.000000   0.133000     0.0323       -99.999000           -1.057943e+02         -100.00
9.400000       8.250000     0.000000   0.132500     0.0323       -99.999000           -1.057943e+02         -100.00
9.400000       8.300000     0.000000   0.132000     0.0323       -99.999000           -1.057943e+02         -100.00
9.400000       8.350000     0.000000   0.131500     0.0323       -99.999000           -1.057943e+02         -100.00
9.400000       8.400000     0.000000   0.130900     0.0323       -99.999000           -1.057943e+02         -100.00
9.400000       8.450000     0.000000   0.130300     0.0323       -99.999000           -1.057943e+02         -100.00
9.400000       8.500000     0.000000   0.129600     0.0323       -99.999000           -1.057943e+02         -100.00
9.400000       8.550000     0.000000   0.129000     0.0323       -99.999000           -1.057943e+02         -100.00
9.400000       8.600000     0.000000   0.128200     0.0323       -99.999000           -1.057943e+02         -100.00
9.400000       8.650000     0.000000   0.127400     0.0323       -99.999000           -1.057943e+02         -100.00
9.400000       8.700000     0.000000   0.126600     0.0323       -99.999000           -9.866859e+01         -100.00
9.400000       8.750000     0.000000   0.125700     0.0323       -99.999000           -8.908479e+01         -100.00
9.400000       8.800000     0.000000   0.124700     0.0323       -99.999000           -8.051819e+01         -100.00
9.400000       8.850000     0.000000   0.123700     0.0323       -99.999000           -7.285809e+01         -100.00
9.400000       8.900000     0.000000   0.122600     0.0323       -99.999000           -6.600559e+01         -100.00
9.400000       8.950000     0.000000   0.121500     0.0323       -99.999000           -5.987249e+01         -100.00
9.400000       9.000000     0.000000   0.120300     0.0323       -99.999000           -5.438029e+01         -100.00
9.400000       9.050000     0.000000   0.119000     0.0323       -99.999000           -4.945889e+01         -100.00
9.400000       9.100000     0.000000   0.117600     0.0323       -99.999000           -4.504589e+01         -100.00
9.400000       9.150000     0.000000   0.116200     0.0323       -99.999000           -4.108569e+01         -100.00
9.400000       9.200000     0.000000   0.114700     0.0323       -99.999000           -3.752839e+01         -100.00
9.400000       9.250000     0.000000   0.113100     0.0323       -99.999000           -3.432999e+01         -100.00
9.400000       9.300000     0.000000   0.111500     0.0323       -99.999000           -3.145089e+01         -100.00
9.400000       9.350000     0.000000   0.109700     0.0323       -99.999000           -2.885589e+01         -100.00
9.400000       9.400000     0.000000   0.107900     0.0323       -99.999000           -2.651369e+01         -100.00
9.400000       9.450000     0.000000   0.106000     0.0323       -99.999000           -2.439629e+01         -100.00
9.400000       9.500000     0.000000   0.104000     0.0323       -99.999000           -2.247869e+01         -100.00
9.400000       9.550000     0.000000   0.102000     0.0323       -99.999000           -2.073869e+01         -100.00
9.400000       9.600000     0.000000   0.099900     0.0323       -99.999000           -1.915639e+01         -100.00
9.400000       9.650000     0.000000   0.097700     0.0323       -99.999000           -1.771409e+01         -100.00
9.420000       8.000000     0.000000   0.136700     0.0328       -99.999000           -1.057943e+02         -100.00
9.420000       8.050000     0.000000   0.136300     0.0328       -99.999000           -1.057943e+02         -100.00
9.420000       8.100000     0.000000   0.136000     0.0328       -99.999000           -1.057943e+02         -100.00
9.420000       8.150000     0.000000   0.135500     0.0328       -99.999000           -1.057943e+02         -100.00
9.420000       8.200000     0.000000   0.135100     0.0328       -99.999000           -1.057943e+02         -100.00
9.420000       8.250000     0.000000   0.134600     0.0328       -99.999000           -1.057943e+02         -100.00
9.420000       8.300000     0.000000   0.134100     0.0328       -99.999000           -1.057943e+02         -100.00
9.420000       8.350000     0.000000   0.133600     0.0328       -99.999000           -1.057943e+02         -100.00
9.420000       8.400000     0.000000   0.133000     0.0328       -99.999000           -1.057943e+02         -100.00
9.420000       8.450000     0.000000   0.132400     0.0328       -99.999000           -1.057943e+02         -100.00
9.420000       8.500000     0.000000   0.131700     0.0328       -99.999000           -1.057943e+02         -100.00
9.420000       8.550000     0.000000   0.131000     0.0328       -99.999000           -1.057943e+02         -100.00
9.420000       8.600000     0.000000   0.130300     0.0328       -99.999000           -1.057943e+02         -100.00
9.420000       8.650000     0.000000   0.129500     0.0328       -99.999000           -1.057943e+02         -100.00
9.420000       8.700000     0.000000   0.128600     0.0328       -99.999000           -9.973119e+01         -100.00
9.420000       8.750000     0.000000   0.127700     0.0328       -99.999000           -9.003199e+01         -100.00
9.420000       8.800000     0.000000   0.126800     0.0328       -99.999000           -8.136259e+01         -100.00
9.420000       8.850000     0.000000   0.125700     0.0328       -99.999000           -7.361089e+01         -100.00
9.420000       8.900000     0.000000   0.124700     0.0328       -99.999000           -6.667659e+01         -100.00
9.420000       8.950000     0.000000   0.123500     0.0328       -99.999000           -6.047079e+01         -100.00
9.420000       9.000000     0.000000   0.122300     0.0328       -99.999000           -5.491369e+01         -100.00
9.420000       9.050000     0.000000   0.121000     0.0328       -99.999000           -4.993449e+01         -100.00
9.420000       9.100000     0.000000   0.119600     0.0328       -99.999000           -4.546999e+01         -100.00
9.420000       9.150000     0.000000   0.118200     0.0328       -99.999000           -4.146369e+01         -100.00
9.420000       9.200000     0.000000   0.116700     0.0328       -99.999000           -3.786559e+01         -100.00
9.420000       9.250000     0.000000   0.115100     0.0328       -99.999000           -3.463069e+01         -100.00
9.420000       9.300000     0.000000   0.113400     0.0328       -99.999000           -3.171909e+01         -100.00
9.420000       9.350000     0.000000   0.111700     0.0328       -99.999000           -2.909509e+01         -100.00
9.420000       9.400000     0.000000   0.109800     0.0328       -99.999000           -2.672709e+01         -100.00
9.420000       9.450000     0.000000   0.107900     0.0328       -99.999000           -2.458669e+01         -100.00
9.420000       9.500000     0.000000   0.105900     0.0328       -99.999000           -2.264859e+01         -100.00
9.420000       9.550000     0.000000   0.103900     0.0328       -99.999000           -2.089039e+01         -100.00
9.420000       9.600000     0.000000   0.101700     0.0328       -99.999000           -1.929189e+01         -100.00
9.420000       9.650000     0.000000   0.099500     0.0328       -99.999000           -1.783519e+01         -100.00
9.440000       8.000000     0.000000   0.138800     0.0333       -99.999000           -1.057943e+02         -100.00
9.440000       8.050000     0.000000   0.138500     0.0333       -99.999000           -1.057943e+02         -100.00
9.440000       8.100000     0.000000   0.138100     0.0333       -99.999000           -1.057943e+02         -100.00
9.440000       8.150000     0.000000   0.137700     0.0333       -99.999000           -1.057943e+02         -100.00
9.440000       8.200000     0.000000   0.137300     0.0333       -99.999000           -1.057943e+02         -100.00
9.440000       8.250000     0.000000   0.136800     0.0333       -99.999000           -1.057943e+02         -100.00
9.440000       8.300000     0.000000   0.136300     0.0333       -99.999000           -1.057943e+02         -100.00
9.440000       8.350000     0.000000   0.135700     0.0333       -99.999000           -1.057943e+02         -100.00
9.440000       8.400000     0.000000   0.135200     0.0333       -99.999000           -1.057943e+02         -100.00
9.440000       8.450000     0.000000   0.134500     0.0333       -99.999000           -1.057943e+02         -100.00
9.440000       8.500000     0.000000   0.133900     0.0333       -99.999000           -1.057943e+02         -100.00
9.440000       8.550000     0.000000   0.133200     0.0333       -99.999000           -1.057943e+02         -100.00
9.440000       8.600000     0.000000   0.132400     0.0333       -99.999000           -1.057943e+02         -100.00
9.440000       8.650000     0.000000   0.131600     0.0333       -99.999000           -1.057943e+02         -100.00
9.440000       8.700000     0.000000   0.130700     0.0333       -99.999000           -1.008103e+02         -100.00
9.440000       8.750000     0.000000   0.129800     0.0333       -99.999000           -9.099389e+01         -100.00
9.440000       8.800000     0.000000   0.128900     0.0333       -99.999000           -8.222009e+01         -100.00
9.440000       8.850000     0.000000   0.127800     0.0333       -99.999000           -7.437529e+01         -100.00
9.440000       8.900000     0.000000   0.126700     0.0333       -99.999000           -6.735809e+01         -100.00
9.440000       8.950000     0.000000   0.125600     0.0333       -99.999000           -6.107829e+01         -100.00
9.440000       9.000000     0.000000   0.124300     0.0333       -99.999000           -5.545529e+01         -100.00
9.440000       9.050000     0.000000   0.123000     0.0333       -99.999000           -5.041739e+01         -100.00
9.440000       9.100000     0.000000   0.121700     0.0333       -99.999000           -4.590059e+01         -100.00
9.440000       9.150000     0.000000   0.120200     0.0333       -99.999000           -4.184769e+01         -100.00
9.440000       9.200000     0.000000   0.118700     0.0333       -99.999000           -3.820799e+01         -100.00
9.440000       9.250000     0.000000   0.117100     0.0333       -99.999000           -3.493599e+01         -100.00
9.440000       9.300000     0.000000   0.115400     0.0333       -99.999000           -3.199139e+01         -100.00
9.440000       9.350000     0.000000   0.113600     0.0333       -99.999000           -2.933809e+01         -100.00
9.440000       9.400000     0.000000   0.111800     0.0333       -99.999000           -2.694379e+01         -100.00
9.440000       9.450000     0.000000   0.109900     0.0333       -99.999000           -2.478009e+01         -100.00
9.440000       9.500000     0.000000   0.107800     0.0333       -99.999000           -2.282119e+01         -100.00
9.440000       9.550000     0.000000   0.105700     0.0333       -99.999000           -2.104449e+01         -100.00
9.440000       9.600000     0.000000   0.103600     0.0333       -99.999000           -1.942949e+01         -100.00
9.440000       9.650000     0.000000   0.101300     0.0333       -99.999000           -1.795809e+01         -100.00
9.460000       8.000000     0.000000   0.141000     0.0338       -99.999000           -1.057943e+02         -100.00
9.460000       8.050000     0.000000   0.140700     0.0338       -99.999000           -1.057943e+02         -100.00
9.460000       8.100000     0.000000   0.140300     0.0338       -99.999000           -1.057943e+02         -100.00
9.460000       8.150000     0.000000   0.139900     0.0338       -99.999000           -1.057943e+02         -100.00
9.460000       8.200000     0.000000   0.139400     0.0338       -99.999000           -1.057943e+02         -100.00
9.460000       8.250000     0.000000   0.139000     0.0338       -99.999000           -1.057943e+02         -100.00
9.460000       8.300000     0.000000   0.138500     0.0338       -99.999000           -1.057943e+02         -100.00
9.460000       8.350000     0.000000   0.137900     0.0338       -99.999000           -1.057943e+02         -100.00
9.460000       8.400000     0.000000   0.137300     0.0338       -99.999000           -1.057943e+02         -100.00
9.460000       8.450000     0.000000   0.136700     0.0338       -99.999000           -1.057943e+02         -100.00
9.460000       8.500000     0.000000   0.136000     0.0338       -99.999000           -1.057943e+02         -100.00
9.460000       8.550000     0.000000   0.135300     0.0338       -99.999000           -1.057943e+02         -100.00
9.460000       8.600000     0.000000   0.134600     0.0338       -99.999000           -1.057943e+02         -100.00
9.460000       8.650000     0.000000   0.133800     0.0338       -99.999000           -1.057943e+02         -100.00
9.460000       8.700000     0.000000   0.132900     0.0338       -99.999000           -1.019061e+02         -100.00
9.460000       8.750000     0.000000   0.132000     0.0338       -99.999000           -9.197069e+01         -100.00
9.460000       8.800000     0.000000   0.131000     0.0338       -99.999000           -8.309089e+01         -100.00
9.460000       8.850000     0.000000   0.130000     0.0338       -99.999000           -7.515159e+01         -100.00
9.460000       8.900000     0.000000   0.128800     0.0338       -99.999000           -6.805019e+01         -100.00
9.460000       8.950000     0.000000   0.127700     0.0338       -99.999000           -6.169529e+01         -100.00
9.460000       9.000000     0.000000   0.126400     0.0338       -99.999000           -5.600539e+01         -100.00
9.460000       9.050000     0.000000   0.125100     0.0338       -99.999000           -5.090789e+01         -100.00
9.460000       9.100000     0.000000   0.123700     0.0338       -99.999000           -4.633789e+01         -100.00
9.460000       9.150000     0.000000   0.122300     0.0338       -99.999000           -4.223759e+01         -100.00
9.460000       9.200000     0.000000   0.120700     0.0338       -99.999000           -3.855569e+01         -100.00
9.460000       9.250000     0.000000   0.119100     0.0338       -99.999000           -3.524609e+01         -100.00
9.460000       9.300000     0.000000   0.117400     0.0338       -99.999000           -3.226799e+01         -100.00
9.460000       9.350000     0.000000   0.115600     0.0338       -99.999000           -2.958469e+01         -100.00
9.460000       9.400000     0.000000   0.113800     0.0338       -99.999000           -2.716389e+01         -100.00
9.460000       9.450000     0.000000   0.111800     0.0338       -99.999000           -2.497639e+01         -100.00
9.460000       9.500000     0.000000   0.109800     0.0338       -99.999000           -2.299639e+01         -100.00
9.460000       9.550000     0.000000   0.107700     0.0338       -99.999000           -2.120089e+01         -100.00
9.460000       9.600000     0.000000   0.105500     0.0338       -99.999000           -1.956909e+01         -100.00
9.460000       9.650000     0.000000   0.103200     0.0338       -99.999000           -1.808279e+01         -100.00
9.480000       8.000000     0.000000   0.143300     0.0344       -99.999000           -1.057943e+02         -100.00
9.480000       8.050000     0.000000   0.142900     0.0344       -99.999000           -1.057943e+02         -100.00
9.480000       8.100000     0.000000   0.142500     0.0344       -99.999000           -1.057943e+02         -100.00
9.480000       8.150000     0.000000   0.142100     0.0344       -99.999000           -1.057943e+02         -100.00
9.480000       8.200000     0.000000   0.141700     0.0344       -99.999000           -1.057943e+02         -100.00
9.480000       8.250000     0.000000   0.141200     0.0344       -99.999000           -1.057943e+02         -100.00
9.480000       8.300000     0.000000   0.140700     0.0344       -99.999000           -1.057943e+02         -100.00
9.480000       8.350000     0.000000   0.140100     0.0344       -99.999000           -1.057943e+02         -100.00
9.480000       8.400000     0.000000   0.139500     0.0344       -99.999000           -1.057943e+02         -100.00
9.480000       8.450000     0.000000   0.138900     0.0344       -99.999000           -1.057943e+02         -100.00
9.480000       8.500000     0.000000   0.138200     0.0344       -99.999000           -1.057943e+02         -100.00
9.480000       8.550000     0.000000   0.137500     0.0344       -99.999000           -1.057943e+02         -100.00
9.480000       8.600000     0.000000   0.136800     0.0344       -99.999000           -1.057943e+02         -100.00
9.480000       8.650000     0.000000   0.135900     0.0344       -99.999000           -1.057943e+02         -100.00
9.480000       8.700000     0.000000   0.135100     0.0344       -99.999000           -1.030190e+02         -100.00
9.480000       8.750000     0.000000   0.134100     0.0344       -99.999000           -9.296279e+01         -100.00
9.480000       8.800000     0.000000   0.133200     0.0344       -99.999000           -8.397529e+01         -100.00
9.480000       8.850000     0.000000   0.132100     0.0344       -99.999000           -7.593989e+01         -100.00
9.480000       8.900000     0.000000   0.131000     0.0344       -99.999000           -6.875299e+01         -100.00
9.480000       8.950000     0.000000   0.129800     0.0344       -99.999000           -6.232189e+01         -100.00
9.480000       9.000000     0.000000   0.128600     0.0344       -99.999000           -5.656399e+01         -100.00
9.480000       9.050000     0.000000   0.127200     0.0344       -99.999000           -5.140589e+01         -100.00
9.480000       9.100000     0.000000   0.125800     0.0344       -99.999000           -4.678189e+01         -100.00
9.480000       9.150000     0.000000   0.124400     0.0344       -99.999000           -4.263359e+01         -100.00
9.480000       9.200000     0.000000   0.122800     0.0344       -99.999000           -3.890879e+01         -100.00
9.480000       9.250000     0.000000   0.121200     0.0344       -99.999000           -3.556099e+01         -100.00
9.480000       9.300000     0.000000   0.119500     0.0344       -99.999000           -3.254879e+01         -100.00
9.480000       9.350000     0.000000   0.117700     0.0344       -99.999000           -2.983519e+01         -100.00
9.480000       9.400000     0.000000   0.115800     0.0344       -99.999000           -2.738739e+01         -100.00
9.480000       9.450000     0.000000   0.113800     0.0344       -99.999000           -2.517579e+01         -100.00
9.480000       9.500000     0.000000   0.111800     0.0344       -99.999000           -2.317439e+01         -100.00
9.480000       9.550000     0.000000   0.109600     0.0344       -99.999000           -2.135969e+01         -100.00
9.480000       9.600000     0.000000   0.107400     0.0344       -99.999000           -1.971099e+01         -100.00
9.480000       9.650000     0.000000   0.105100     0.0344       -99.999000           -1.820949e+01         -100.00
9.500000       8.000000     0.000000   0.145500     0.0349       -99.999000           -1.057943e+02         -100.00
9.500000       8.050000     0.000000   0.145200     0.0349       -99.999000           -1.057943e+02         -100.00
9.500000       8.100000     0.000000   0.144800     0.0349       -99.999000           -1.057943e+02         -100.00
9.500000       8.150000     0.000000   0.144400     0.0349       -99.999000           -1.057943e+02         -100.00
9.500000       8.200000     0.000000   0.143900     0.0349       -99.999000           -1.057943e+02         -100.00
9.500000       8.250000     0.000000   0.143400     0.0349       -99.999000           -1.057943e+02         -100.00
9.500000       8.300000     0.000000   0.142900     0.0349       -99.999000           -1.057943e+02         -100.00
9.500000       8.350000     0.000000   0.142400     0.0349       -99.999000           -1.057943e+02         -100.00
9.500000       8.400000     0.000000   0.141800     0.0349       -99.999000           -1.057943e+02         -100.00
9.500000       8.450000     0.000000   0.141100     0.0349       -99.999000           -1.057943e+02         -100.00
9.500000       8.500000     0.000000   0.140500     0.0349       -99.999000           -1.057943e+02         -100.00
9.500000       8.550000     0.000000   0.139700     0.0349       -99.999000           -1.057943e+02         -100.00
9.500000       8.600000     0.000000   0.139000     0.0349       -99.999000           -1.057943e+02         -100.00
9.500000       8.650000     0.000000   0.138200     0.0349       -99.999000           -1.057943e+02         -100.00
9.500000       8.700000     0.000000   0.137300     0.0349       -99.999000           -1.041491e+02         -100.00
9.500000       8.750000     0.000000   0.136300     0.0349       -99.999000           -9.397019e+01         -100.00
9.500000       8.800000     0.000000   0.135400     0.0349       -99.999000           -8.487329e+01         -100.00
9.500000       8.850000     0.000000   0.134300     0.0349       -99.999000           -7.674049e+01         -100.00
9.500000       8.900000     0.000000   0.133200     0.0349       -99.999000           -6.946669e+01         -100.00
9.500000       8.950000     0.000000   0.132000     0.0349       -99.999000           -6.295819e+01         -100.00
9.500000       9.000000     0.000000   0.130700     0.0349       -99.999000           -5.713129e+01         -100.00
9.500000       9.050000     0.000000   0.129400     0.0349       -99.999000           -5.191169e+01         -100.00
9.500000       9.100000     0.000000   0.128000     0.0349       -99.999000           -4.723289e+01         -100.00
9.500000       9.150000     0.000000   0.126500     0.0349       -99.999000           -4.303569e+01         -100.00
9.500000       9.200000     0.000000   0.124900     0.0349       -99.999000           -3.926729e+01         -100.00
9.500000       9.250000     0.000000   0.123300     0.0349       -99.999000           -3.588069e+01         -100.00
9.500000       9.300000     0.000000   0.121600     0.0349       -99.999000           -3.283399e+01         -100.00
9.500000       9.350000     0.000000   0.119700     0.0349       -99.999000           -3.008959e+01         -100.00
9.500000       9.400000     0.000000   0.117800     0.0349       -99.999000           -2.761429e+01         -100.00
9.500000       9.450000     0.000000   0.115900     0.0349       -99.999000           -2.537819e+01         -100.00
9.500000       9.500000     0.000000   0.113800     0.0349       -99.999000           -2.335499e+01         -100.00
9.500000       9.550000     0.000000   0.111600     0.0349       -99.999000           -2.152099e+01         -100.00
9.500000       9.600000     0.000000   0.109400     0.0349       -99.999000           -1.985489e+01         -100.00
9.500000       9.650000     0.000000   0.107000     0.0349       -99.999000           -1.833809e+01         -100.00
9.520000       8.000000     0.000000   0.147800     0.0354       -99.999000           -1.057943e+02         -100.00
9.520000       8.050000     0.000000   0.147500     0.0354       -99.999000           -1.057943e+02         -100.00
9.520000       8.100000     0.000000   0.147100     0.0354       -99.999000           -1.057943e+02         -100.00
9.520000       8.150000     0.000000   0.146700     0.0354       -99.999000           -1.057943e+02         -100.00
9.520000       8.200000     0.000000   0.146200     0.0354       -99.999000           -1.057943e+02         -100.00
9.520000       8.250000     0.000000   0.145700     0.0354       -99.999000           -1.057943e+02         -100.00
9.520000       8.300000     0.000000   0.145200     0.0354       -99.999000           -1.057943e+02         -100.00
9.520000       8.350000     0.000000   0.144600     0.0354       -99.999000           -1.057943e+02         -100.00
9.520000       8.400000     0.000000   0.144100     0.0354       -99.999000           -1.057943e+02         -100.00
9.520000       8.450000     0.000000   0.143400     0.0354       -99.999000           -1.057943e+02         -100.00
9.520000       8.500000     0.000000   0.142700     0.0354       -99.999000           -1.057943e+02         -100.00
9.520000       8.550000     0.000000   0.142000     0.0354       -99.999000           -1.057943e+02         -100.00
9.520000       8.600000     0.000000   0.141200     0.0354       -99.999000           -1.057943e+02         -100.00
9.520000       8.650000     0.000000   0.140400     0.0354       -99.999000           -1.057943e+02         -100.00
9.520000       8.700000     0.000000   0.139500     0.0354       -99.999000           -1.052966e+02         -100.00
9.520000       8.750000     0.000000   0.138600     0.0354       -99.999000           -9.499329e+01         -100.00
9.520000       8.800000     0.000000   0.137600     0.0354       -99.999000           -8.578539e+01         -100.00
9.520000       8.850000     0.000000   0.136500     0.0354       -99.999000           -7.755359e+01         -100.00
9.520000       8.900000     0.000000   0.135400     0.0354       -99.999000           -7.019149e+01         -100.00
9.520000       8.950000     0.000000   0.134200     0.0354       -99.999000           -6.360429e+01         -100.00
9.520000       9.000000     0.000000   0.132900     0.0354       -99.999000           -5.770739e+01         -100.00
9.520000       9.050000     0.000000   0.131600     0.0354       -99.999000           -5.242529e+01         -100.00
9.520000       9.100000     0.000000   0.130200     0.0354       -99.999000           -4.769079e+01         -100.00
9.520000       9.150000     0.000000   0.128700     0.0354       -99.999000           -4.344399e+01         -100.00
9.520000       9.200000     0.000000   0.127100     0.0354       -99.999000           -3.963139e+01         -100.00
9.520000       9.250000     0.000000   0.125400     0.0354       -99.999000           -3.620549e+01         -100.00
9.520000       9.300000     0.000000   0.123700     0.0354       -99.999000           -3.312359e+01         -100.00
9.520000       9.350000     0.000000   0.121800     0.0354       -99.999000           -3.034789e+01         -100.00
9.520000       9.400000     0.000000   0.119900     0.0354       -99.999000           -2.784469e+01         -100.00
9.520000       9.450000     0.000000   0.117900     0.0354       -99.999000           -2.558379e+01         -100.00
9.520000       9.500000     0.000000   0.115800     0.0354       -99.999000           -2.353849e+01         -100.00
9.520000       9.550000     0.000000   0.113600     0.0354       -99.999000           -2.168469e+01         -100.00
9.520000       9.600000     0.000000   0.111400     0.0354       -99.999000           -2.000109e+01         -100.00
9.520000       9.650000     0.000000   0.109000     0.0354       -99.999000           -1.846869e+01         -100.00
9.540000       8.000000     0.000000   0.150200     0.0360       -99.999000           -1.057943e+02         -100.00
9.540000       8.050000     0.000000   0.149800     0.0360       -99.999000           -1.057943e+02         -100.00
9.540000       8.100000     0.000000   0.149400     0.0360       -99.999000           -1.057943e+02         -100.00
9.540000       8.150000     0.000000   0.149000     0.0360       -99.999000           -1.057943e+02         -100.00
9.540000       8.200000     0.000000   0.148500     0.0360       -99.999000           -1.057943e+02         -100.00
9.540000       8.250000     0.000000   0.148000     0.0360       -99.999000           -1.057943e+02         -100.00
9.540000       8.300000     0.000000   0.147500     0.0360       -99.999000           -1.057943e+02         -100.00
9.540000       8.350000     0.000000   0.147000     0.0360       -99.999000           -1.057943e+02         -100.00
9.540000       8.400000     0.000000   0.146400     0.0360       -99.999000           -1.057943e+02         -100.00
9.540000       8.450000     0.000000   0.145700     0.0360       -99.999000           -1.057943e+02         -100.00
9.540000       8.500000     0.000000   0.145000     0.0360       -99.999000           -1.057943e+02         -100.00
9.540000       8.550000     0.000000   0.144300     0.0360       -99.999000           -1.057943e+02         -100.00
9.540000       8.600000     0.000000   0.143500     0.0360       -99.999000           -1.057943e+02         -100.00
9.540000       8.650000     0.000000   0.142700     0.0360       -99.999000           -1.057943e+02         -100.00
9.540000       8.700000     0.000000   0.141800     0.0360       -99.999000           -1.057943e+02         -100.00
9.540000       8.750000     0.000000   0.140900     0.0360       -99.999000           -9.603229e+01         -100.00
9.540000       8.800000     0.000000   0.139800     0.0360       -99.999000           -8.671149e+01         -100.00
9.540000       8.850000     0.000000   0.138800     0.0360       -99.999000           -7.837919e+01         -100.00
9.540000       8.900000     0.000000   0.137600     0.0360       -99.999000           -7.092759e+01         -100.00
9.540000       8.950000     0.000000   0.136400     0.0360       -99.999000           -6.426049e+01         -100.00
9.540000       9.000000     0.000000   0.135200     0.0360       -99.999000           -5.829239e+01         -100.00
9.540000       9.050000     0.000000   0.133800     0.0360       -99.999000           -5.294689e+01         -100.00
9.540000       9.100000     0.000000   0.132400     0.0360       -99.999000           -4.815589e+01         -100.00
9.540000       9.150000     0.000000   0.130900     0.0360       -99.999000           -4.385869e+01         -100.00
9.540000       9.200000     0.000000   0.129300     0.0360       -99.999000           -4.000119e+01         -100.00
9.540000       9.250000     0.000000   0.127600     0.0360       -99.999000           -3.653519e+01         -100.00
9.540000       9.300000     0.000000   0.125800     0.0360       -99.999000           -3.341759e+01         -100.00
9.540000       9.350000     0.000000   0.124000     0.0360       -99.999000           -3.061019e+01         -100.00
9.540000       9.400000     0.000000   0.122000     0.0360       -99.999000           -2.807869e+01         -100.00
9.540000       9.450000     0.000000   0.120000     0.0360       -99.999000           -2.579259e+01         -100.00
9.540000       9.500000     0.000000   0.117900     0.0360       -99.999000           -2.372469e+01         -100.00
9.540000       9.550000     0.000000   0.115700     0.0360       -99.999000           -2.185089e+01         -100.00
9.540000       9.600000     0.000000   0.113400     0.0360       -99.999000           -2.014949e+01         -100.00
9.540000       9.650000     0.000000   0.111000     0.0360       -99.999000           -1.860119e+01         -100.00
9.560000       8.000000     0.000000   0.152500     0.0365       -99.999000           -1.057943e+02         -100.00
9.560000       8.050000     0.000000   0.152200     0.0365       -99.999000           -1.057943e+02         -100.00
9.560000       8.100000     0.000000   0.151800     0.0365       -99.999000           -1.057943e+02         -100.00
9.560000       8.150000     0.000000   0.151300     0.0365       -99.999000           -1.057943e+02         -100.00
9.560000       8.200000     0.000000   0.150900     0.0365       -99.999000           -1.057943e+02         -100.00
9.560000       8.250000     0.000000   0.150400     0.0365       -99.999000           -1.057943e+02         -100.00
9.560000       8.300000     0.000000   0.149900     0.0365       -99.999000           -1.057943e+02         -100.00
9.560000       8.350000     0.000000   0.149300     0.0365       -99.999000           -1.057943e+02         -100.00
9.560000       8.400000     0.000000   0.148700     0.0365       -99.999000           -1.057943e+02         -100.00
9.560000       8.450000     0.000000   0.148100     0.0365       -99.999000           -1.057943e+02         -100.00
9.560000       8.500000     0.000000   0.147400     0.0365       -99.999000           -1.057943e+02         -100.00
9.560000       8.550000     0.000000   0.146600     0.0365       -99.999000           -1.057943e+02         -100.00
9.560000       8.600000     0.000000   0.145900     0.0365       -99.999000           -1.057943e+02         -100.00
9.560000       8.650000     0.000000   0.145000     0.0365       -99.999000           -1.057943e+02         -100.00
9.560000       8.700000     0.000000   0.144100     0.0365       -99.999000           -1.057943e+02         -100.00
9.560000       8.750000     0.000000   0.143200     0.0365       -99.999000           -9.708739e+01         -100.00
9.560000       8.800000     0.000000   0.142200     0.0365       -99.999000           -8.765209e+01         -100.00
9.560000       8.850000     0.000000   0.141100     0.0365       -99.999000           -7.921769e+01         -100.00
9.560000       8.900000     0.000000   0.139900     0.0365       -99.999000           -7.167509e+01         -100.00
9.560000       8.950000     0.000000   0.138700     0.0365       -99.999000           -6.492689e+01         -100.00
9.560000       9.000000     0.000000   0.137400     0.0365       -99.999000           -5.888649e+01         -100.00
9.560000       9.050000     0.000000   0.136100     0.0365       -99.999000           -5.347659e+01         -100.00
9.560000       9.100000     0.000000   0.134600     0.0365       -99.999000           -4.862809e+01         -100.00
9.560000       9.150000     0.000000   0.133100     0.0365       -99.999000           -4.427979e+01         -100.00
9.560000       9.200000     0.000000   0.131500     0.0365       -99.999000           -4.037669e+01         -100.00
9.560000       9.250000     0.000000   0.129800     0.0365       -99.999000           -3.686999e+01         -100.00
9.560000       9.300000     0.000000   0.128000     0.0365       -99.999000           -3.371629e+01         -100.00
9.560000       9.350000     0.000000   0.126200     0.0365       -99.999000           -3.087649e+01         -100.00
9.560000       9.400000     0.000000   0.124200     0.0365       -99.999000           -2.831619e+01         -100.00
9.560000       9.450000     0.000000   0.122200     0.0365       -99.999000           -2.600449e+01         -100.00
9.560000       9.500000     0.000000   0.120000     0.0365       -99.999000           -2.391389e+01         -100.00
9.560000       9.550000     0.000000   0.117800     0.0365       -99.999000           -2.201969e+01         -100.00
9.560000       9.600000     0.000000   0.115500     0.0365       -99.999000           -2.030019e+01         -100.00
9.560000       9.650000     0.000000   0.113100     0.0365       -99.999000           -1.873579e+01         -100.00
9.580000       8.000000     0.000000   0.154900     0.0371       -99.999000           -1.057943e+02         -100.00
9.580000       8.050000     0.000000   0.154600     0.0371       -99.999000           -1.057943e+02         -100.00
9.580000       8.100000     0.000000   0.154200     0.0371       -99.999000           -1.057943e+02         -100.00
9.580000       8.150000     0.000000   0.153700     0.0371       -99.999000           -1.057943e+02         -100.00
9.580000       8.200000     0.000000   0.153300     0.0371       -99.999000           -1.057943e+02         -100.00
9.580000       8.250000     0.000000   0.152800     0.0371       -99.999000           -1.057943e+02         -100.00
9.580000       8.300000     0.000000   0.152300     0.0371       -99.999000           -1.057943e+02         -100.00
9.580000       8.350000     0.000000   0.151700     0.0371       -99.999000           -1.057943e+02         -100.00
9.580000       8.400000     0.000000   0.151100     0.0371       -99.999000           -1.057943e+02         -100.00
9.580000       8.450000     0.000000   0.150400     0.0371       -99.999000           -1.057943e+02         -100.00
9.580000       8.500000     0.000000   0.149800     0.0371       -99.999000           -1.057943e+02         -100.00
9.580000       8.550000     0.000000   0.149000     0.0371       -99.999000           -1.057943e+02         -100.00
9.580000       8.600000     0.000000   0.148200     0.0371       -99.999000           -1.057943e+02         -100.00
9.580000       8.650000     0.000000   0.147400     0.0371       -99.999000           -1.057943e+02         -100.00
9.580000       8.700000     0.000000   0.146500     0.0371       -99.999000           -1.057943e+02         -100.00
9.580000       8.750000     0.000000   0.145500     0.0371       -99.999000           -9.815889e+01         -100.00
9.580000       8.800000     0.000000   0.144500     0.0371       -99.999000           -8.860729e+01         -100.00
9.580000       8.850000     0.000000   0.143400     0.0371       -99.999000           -8.006919e+01         -100.00
9.580000       8.900000     0.000000   0.142300     0.0371       -99.999000           -7.243409e+01         -100.00
9.580000       8.950000     0.000000   0.141000     0.0371       -99.999000           -6.560359e+01         -100.00
9.580000       9.000000     0.000000   0.139700     0.0371       -99.999000           -5.948979e+01         -100.00
9.580000       9.050000     0.000000   0.138400     0.0371       -99.999000           -5.401449e+01         -100.00
9.580000       9.100000     0.000000   0.136900     0.0371       -99.999000           -4.910769e+01         -100.00
9.580000       9.150000     0.000000   0.135400     0.0371       -99.999000           -4.470739e+01         -100.00
9.580000       9.200000     0.000000   0.133800     0.0371       -99.999000           -4.075799e+01         -100.00
9.580000       9.250000     0.000000   0.132000     0.0371       -99.999000           -3.721009e+01         -100.00
9.580000       9.300000     0.000000   0.130300     0.0371       -99.999000           -3.401949e+01         -100.00
9.580000       9.350000     0.000000   0.128400     0.0371       -99.999000           -3.114699e+01         -100.00
9.580000       9.400000     0.000000   0.126400     0.0371       -99.999000           -2.855749e+01         -100.00
9.580000       9.450000     0.000000   0.124300     0.0371       -99.999000           -2.621979e+01         -100.00
9.580000       9.500000     0.000000   0.122200     0.0371       -99.999000           -2.410589e+01         -100.00
9.580000       9.550000     0.000000   0.119900     0.0371       -99.999000           -2.219109e+01         -100.00
9.580000       9.600000     0.000000   0.117600     0.0371       -99.999000           -2.045319e+01         -100.00
9.580000       9.650000     0.000000   0.115200     0.0371       -99.999000           -1.887239e+01         -100.00
9.600000       8.000000     0.000000   0.157400     0.0377       -99.999000           -1.057943e+02         -100.00
9.600000       8.050000     0.000000   0.157000     0.0377       -99.999000           -1.057943e+02         -100.00
9.600000       8.100000     0.000000   0.156600     0.0377       -99.999000           -1.057943e+02         -100.00
9.600000       8.150000     0.000000   0.156200     0.0377       -99.999000           -1.057943e+02         -100.00
9.600000       8.200000     0.000000   0.155700     0.0377       -99.999000           -1.057943e+02         -100.00
9.600000       8.250000     0.000000   0.155200     0.0377       -99.999000           -1.057943e+02         -100.00
9.600000       8.300000     0.000000   0.154700     0.0377       -99.999000           -1.057943e+02         -100.00
9.600000       8.350000     0.000000   0.154100     0.0377       -99.999000           -1.057943e+02         -100.00
9.600000       8.400000     0.000000   0.153500     0.0377       -99.999000           -1.057943e+02         -100.00
9.600000       8.450000     0.000000   0.152900     0.0377       -99.999000           -1.057943e+02         -100.00
9.600000       8.500000     0.000000   0.152200     0.0377       -99.999000           -1.057943e+02         -100.00
9.600000       8.550000     0.000000   0.151400     0.0377       -99.999000           -1.057943e+02         -100.00
9.600000       8.600000     0.000000   0.150600     0.0377       -99.999000           -1.057943e+02         -100.00
9.600000       8.650000     0.000000   0.149800     0.0377       -99.999000           -1.057943e+02         -100.00
9.600000       8.700000     0.000000   0.148900     0.0377       -99.999000           -1.057943e+02         -100.00
9.600000       8.750000     0.000000   0.147900     0.0377       -99.999000           -9.924699e+01         -100.00
9.600000       8.800000     0.000000   0.146900     0.0377       -99.999000           -8.957729e+01         -100.00
9.600000       8.850000     0.000000   0.145800     0.0377       -99.999000           -8.093389e+01         -100.00
9.600000       8.900000     0.000000   0.144600     0.0377       -99.999000           -7.320499e+01         -100.00
9.600000       8.950000     0.000000   0.143400     0.0377       -99.999000           -6.629079e+01         -100.00
9.600000       9.000000     0.000000   0.142100     0.0377       -99.999000           -6.010249e+01         -100.00
9.600000       9.050000     0.000000   0.140700     0.0377       -99.999000           -5.456069e+01         -100.00
9.600000       9.100000     0.000000   0.139200     0.0377       -99.999000           -4.959469e+01         -100.00
9.600000       9.150000     0.000000   0.137700     0.0377       -99.999000           -4.514159e+01         -100.00
9.600000       9.200000     0.000000   0.136000     0.0377       -99.999000           -4.114519e+01         -100.00
9.600000       9.250000     0.000000   0.134300     0.0377       -99.999000           -3.755539e+01         -100.00
9.600000       9.300000     0.000000   0.132500     0.0377       -99.999000           -3.432739e+01         -100.00
9.600000       9.350000     0.000000   0.130600     0.0377       -99.999000           -3.142159e+01         -100.00
9.600000       9.400000     0.000000   0.128600     0.0377       -99.999000           -2.880249e+01         -100.00
9.600000       9.450000     0.000000   0.126500     0.0377       -99.999000           -2.643829e+01         -100.00
9.600000       9.500000     0.000000   0.124400     0.0377       -99.999000           -2.430089e+01         -100.00
9.600000       9.550000     0.000000   0.122100     0.0377       -99.999000           -2.236519e+01         -100.00
9.600000       9.600000     0.000000   0.119700     0.0377       -99.999000           -2.060859e+01         -100.00
9.600000       9.650000     0.000000   0.117300     0.0377       -99.999000           -1.901119e+01         -100.00
9.620000       8.000000     0.000000   0.159900     0.0382       -99.999000           -1.057943e+02         -100.00
9.620000       8.050000     0.000000   0.159500     0.0382       -99.999000           -1.057943e+02         -100.00
9.620000       8.100000     0.000000   0.159100     0.0382       -99.999000           -1.057943e+02         -100.00
9.620000       8.150000     0.000000   0.158700     0.0382       -99.999000           -1.057943e+02         -100.00
9.620000       8.200000     0.000000   0.158200     0.0382       -99.999000           -1.057943e+02         -100.00
9.620000       8.250000     0.000000   0.157700     0.0382       -99.999000           -1.057943e+02         -100.00
9.620000       8.300000     0.000000   0.157200     0.0382       -99.999000           -1.057943e+02         -100.00
9.620000       8.350000     0.000000   0.156600     0.0382       -99.999000           -1.057943e+02         -100.00
9.620000       8.400000     0.000000   0.156000     0.0382       -99.999000           -1.057943e+02         -100.00
9.620000       8.450000     0.000000   0.155300     0.0382       -99.999000           -1.057943e+02         -100.00
9.620000       8.500000     0.000000   0.154600     0.0382       -99.999000           -1.057943e+02         -100.00
9.620000       8.550000     0.000000   0.153900     0.0382       -99.999000           -1.057943e+02         -100.00
9.620000       8.600000     0.000000   0.153100     0.0382       -99.999000           -1.057943e+02         -100.00
9.620000       8.650000     0.000000   0.152200     0.0382       -99.999000           -1.057943e+02         -100.00
9.620000       8.700000     0.000000   0.151300     0.0382       -99.999000           -1.057943e+02         -100.00
9.620000       8.750000     0.000000   0.150300     0.0382       -99.999000           -1.003520e+02         -100.00
9.620000       8.800000     0.000000   0.149300     0.0382       -99.999000           -9.056229e+01         -100.00
9.620000       8.850000     0.000000   0.148200     0.0382       -99.999000           -8.181199e+01         -100.00
9.620000       8.900000     0.000000   0.147000     0.0382       -99.999000           -7.398779e+01         -100.00
9.620000       8.950000     0.000000   0.145800     0.0382       -99.999000           -6.698869e+01         -100.00
9.620000       9.000000     0.000000   0.144500     0.0382       -99.999000           -6.072469e+01         -100.00
9.620000       9.050000     0.000000   0.143100     0.0382       -99.999000           -5.511539e+01         -100.00
9.620000       9.100000     0.000000   0.141600     0.0382       -99.999000           -5.008929e+01         -100.00
9.620000       9.150000     0.000000   0.140000     0.0382       -99.999000           -4.558259e+01         -100.00
9.620000       9.200000     0.000000   0.138400     0.0382       -99.999000           -4.153839e+01         -100.00
9.620000       9.250000     0.000000   0.136600     0.0382       -99.999000           -3.790599e+01         -100.00
9.620000       9.300000     0.000000   0.134800     0.0382       -99.999000           -3.464009e+01         -100.00
9.620000       9.350000     0.000000   0.132900     0.0382       -99.999000           -3.170049e+01         -100.00
9.620000       9.400000     0.000000   0.130900     0.0382       -99.999000           -2.905119e+01         -100.00
9.620000       9.450000     0.000000   0.128800     0.0382       -99.999000           -2.666019e+01         -100.00
9.620000       9.500000     0.000000   0.126600     0.0382       -99.999000           -2.449889e+01         -100.00
9.620000       9.550000     0.000000   0.124300     0.0382       -99.999000           -2.254189e+01         -100.00
9.620000       9.600000     0.000000   0.121900     0.0382       -99.999000           -2.076629e+01         -100.00
9.620000       9.650000     0.000000   0.119400     0.0382       -99.999000           -1.915199e+01         -100.00
9.640000       8.000000     0.000000   0.162400     0.0388       -99.999000           -1.057943e+02         -100.00
9.640000       8.050000     0.000000   0.162000     0.0388       -99.999000           -1.057943e+02         -100.00
9.640000       8.100000     0.000000   0.161600     0.0388       -99.999000           -1.057943e+02         -100.00
9.640000       8.150000     0.000000   0.161200     0.0388       -99.999000           -1.057943e+02         -100.00
9.640000       8.200000     0.000000   0.160700     0.0388       -99.999000           -1.057943e+02         -100.00
9.640000       8.250000     0.000000   0.160200     0.0388       -99.999000           -1.057943e+02         -100.00
9.640000       8.300000     0.000000   0.159700     0.0388       -99.999000           -1.057943e+02         -100.00
9.640000       8.350000     0.000000   0.159100     0.0388       -99.999000           -1.057943e+02         -100.00
9.640000       8.400000     0.000000   0.158500     0.0388       -99.999000           -1.057943e+02         -100.00
9.640000       8.450000     0.000000   0.157800     0.0388       -99.999000           -1.057943e+02         -100.00
9.640000       8.500000     0.000000   0.157100     0.0388       -99.999000           -1.057943e+02         -100.00
9.640000       8.550000     0.000000   0.156400     0.0388       -99.999000           -1.057943e+02         -100.00
9.640000       8.600000     0.000000   0.155500     0.0388       -99.999000           -1.057943e+02         -100.00
9.640000       8.650000     0.000000   0.154700     0.0388       -99.999000           -1.057943e+02         -100.00
9.640000       8.700000     0.000000   0.153800     0.0388       -99.999000           -1.057943e+02         -100.00
9.640000       8.750000     0.000000   0.152800     0.0388       -99.999000           -1.014742e+02         -100.00
9.640000       8.800000     0.000000   0.151700     0.0388       -99.999000           -9.156259e+01         -100.00
9.640000       8.850000     0.000000   0.150600     0.0388       -99.999000           -8.270369e+01         -100.00
9.640000       8.900000     0.000000   0.149400     0.0388       -99.999000           -7.478279e+01         -100.00
9.640000       8.950000     0.000000   0.148200     0.0388       -99.999000           -6.769739e+01         -100.00
9.640000       9.000000     0.000000   0.146900     0.0388       -99.999000           -6.135649e+01         -100.00
9.640000       9.050000     0.000000   0.145500     0.0388       -99.999000           -5.567869e+01         -100.00
9.640000       9.100000     0.000000   0.144000     0.0388       -99.999000           -5.059159e+01         -100.00
9.640000       9.150000     0.000000   0.142400     0.0388       -99.999000           -4.603039e+01         -100.00
9.640000       9.200000     0.000000   0.140700     0.0388       -99.999000           -4.193769e+01         -100.00
9.640000       9.250000     0.000000   0.139000     0.0388       -99.999000           -3.826209e+01         -100.00
9.640000       9.300000     0.000000   0.137200     0.0388       -99.999000           -3.495769e+01         -100.00
9.640000       9.350000     0.000000   0.135200     0.0388       -99.999000           -3.198369e+01         -100.00
9.640000       9.400000     0.000000   0.133200     0.0388       -99.999000           -2.930379e+01         -100.00
9.640000       9.450000     0.000000   0.131100     0.0388       -99.999000           -2.688559e+01         -100.00
9.640000       9.500000     0.000000   0.128800     0.0388       -99.999000           -2.469999e+01         -100.00
9.640000       9.550000     0.000000   0.126500     0.0388       -99.999000           -2.272129e+01         -100.00
9.640000       9.600000     0.000000   0.124100     0.0388       -99.999000           -2.092649e+01         -100.00
9.640000       9.650000     0.000000   0.121600     0.0388       -99.999000           -1.929499e+01         -100.00
9.660000       8.000000     0.000000   0.165000     0.0394       -99.999000           -1.057943e+02         -100.00
9.660000       8.050000     0.000000   0.164600     0.0394       -99.999000           -1.057943e+02         -100.00
9.660000       8.100000     0.000000   0.164200     0.0394       -99.999000           -1.057943e+02         -100.00
9.660000       8.150000     0.000000   0.163700     0.0394       -99.999000           -1.057943e+02         -100.00
9.660000       8.200000     0.000000   0.163300     0.0394       -99.999000           -1.057943e+02         -100.00
9.660000       8.250000     0.000000   0.162800     0.0394       -99.999000           -1.057943e+02         -100.00
9.660000       8.300000     0.000000   0.162200     0.0394       -99.999000           -1.057943e+02         -100.00
9.660000       8.350000     0.000000   0.161600     0.0394       -99.999000           -1.057943e+02         -100.00
9.660000       8.400000     0.000000   0.161000     0.0394       -99.999000           -1.057943e+02         -100.00
9.660000       8.450000     0.000000   0.160300     0.0394       -99.999000           -1.057943e+02         -100.00
9.660000       8.500000     0.000000   0.159600     0.0394       -99.999000           -1.057943e+02         -100.00
9.660000       8.550000     0.000000   0.158900     0.0394       -99.999000           -1.057943e+02         -100.00
9.660000       8.600000     0.000000   0.158100     0.0394       -99.999000           -1.057943e+02         -100.00
9.660000       8.650000     0.000000   0.157200     0.0394       -99.999000           -1.057943e+02         -100.00
9.660000       8.700000     0.000000   0.156300     0.0394       -99.999000           -1.057943e+02         -100.00
9.660000       8.750000     0.000000   0.155300     0.0394       -99.999000           -1.026138e+02         -100.00
9.660000       8.800000     0.000000   0.154200     0.0394       -99.999000           -9.257849e+01         -100.00
9.660000       8.850000     0.000000   0.153100     0.0394       -99.999000           -8.360929e+01         -100.00
9.660000       8.900000     0.000000   0.151900     0.0394       -99.999000           -7.559009e+01         -100.00
9.660000       8.950000     0.000000   0.150700     0.0394       -99.999000           -6.841709e+01         -100.00
9.660000       9.000000     0.000000   0.149300     0.0394       -99.999000           -6.199809e+01         -100.00
9.660000       9.050000     0.000000   0.147900     0.0394       -99.999000           -5.625079e+01         -100.00
9.660000       9.100000     0.000000   0.146400     0.0394       -99.999000           -5.110159e+01         -100.00
9.660000       9.150000     0.000000   0.144800     0.0394       -99.999000           -4.648519e+01         -100.00
9.660000       9.200000     0.000000   0.143100     0.0394       -99.999000           -4.234319e+01         -100.00
9.660000       9.250000     0.000000   0.141400     0.0394       -99.999000           -3.862359e+01         -100.00
9.660000       9.300000     0.000000   0.139500     0.0394       -99.999000           -3.528009e+01         -100.00
9.660000       9.350000     0.000000   0.137600     0.0394       -99.999000           -3.227129e+01         -100.00
9.660000       9.400000     0.000000   0.135500     0.0394       -99.999000           -2.956029e+01         -100.00
9.660000       9.450000     0.000000   0.133400     0.0394       -99.999000           -2.711439e+01         -100.00
9.660000       9.500000     0.000000   0.131100     0.0394       -99.999000           -2.490409e+01         -100.00
9.660000       9.550000     0.000000   0.128800     0.0394       -99.999000           -2.290349e+01         -100.00
9.660000       9.600000     0.000000   0.126400     0.0394       -99.999000           -2.108909e+01         -100.00
9.660000       9.650000     0.000000   0.123800     0.0394       -99.999000           -1.944019e+01         -100.00
9.680000       8.000000     0.000000   0.167600     0.0400       -99.999000           -1.057943e+02         -100.00
9.680000       8.050000     0.000000   0.167200     0.0400       -99.999000           -1.057943e+02         -100.00
9.680000       8.100000     0.000000   0.166800     0.0400       -99.999000           -1.057943e+02         -100.00
9.680000       8.150000     0.000000   0.166300     0.0400       -99.999000           -1.057943e+02         -100.00
9.680000       8.200000     0.000000   0.165900     0.0400       -99.999000           -1.057943e+02         -100.00
9.680000       8.250000     0.000000   0.165300     0.0400       -99.999000           -1.057943e+02         -100.00
9.680000       8.300000     0.000000   0.164800     0.0400       -99.999000           -1.057943e+02         -100.00
9.680000       8.350000     0.000000   0.164200     0.0400       -99.999000           -1.057943e+02         -100.00
9.680000       8.400000     0.000000   0.163600     0.0400       -99.999000           -1.057943e+02         -100.00
9.680000       8.450000     0.000000   0.162900     0.0400       -99.999000           -1.057943e+02         -100.00
9.680000       8.500000     0.000000   0.162200     0.0400       -99.999000           -1.057943e+02         -100.00
9.680000       8.550000     0.000000   0.161400     0.0400       -99.999000           -1.057943e+02         -100.00
9.680000       8.600000     0.000000   0.160600     0.0400       -99.999000           -1.057943e+02         -100.00
9.680000       8.650000     0.000000   0.159700     0.0400       -99.999000           -1.057943e+02         -100.00
9.680000       8.700000     0.000000   0.158800     0.0400       -99.999000           -1.057943e+02         -100.00
9.680000       8.750000     0.000000   0.157800     0.0400       -99.999000           -1.037710e+02         -100.00
9.680000       8.800000     0.000000   0.156800     0.0400       -99.999000           -9.361009e+01         -100.00
9.680000       8.850000     0.000000   0.155600     0.0400       -99.999000           -8.452899e+01         -100.00
9.680000       8.900000     0.000000   0.154400     0.0400       -99.999000           -7.640989e+01         -100.00
9.680000       8.950000     0.000000   0.153200     0.0400       -99.999000           -6.914799e+01         -100.00
9.680000       9.000000     0.000000   0.151800     0.0400       -99.999000           -6.264969e+01         -100.00
9.680000       9.050000     0.000000   0.150400     0.0400       -99.999000           -5.683169e+01         -100.00
9.680000       9.100000     0.000000   0.148900     0.0400       -99.999000           -5.161949e+01         -100.00
9.680000       9.150000     0.000000   0.147300     0.0400       -99.999000           -4.694699e+01         -100.00
9.680000       9.200000     0.000000   0.145600     0.0400       -99.999000           -4.275499e+01         -100.00
9.680000       9.250000     0.000000   0.143800     0.0400       -99.999000           -3.899079e+01         -100.00
9.680000       9.300000     0.000000   0.141900     0.0400       -99.999000           -3.560759e+01         -100.00
9.680000       9.350000     0.000000   0.140000     0.0400       -99.999000           -3.256329e+01         -100.00
9.680000       9.400000     0.000000   0.137900     0.0400       -99.999000           -2.982079e+01         -100.00
9.680000       9.450000     0.000000   0.135700     0.0400       -99.999000           -2.734669e+01         -100.00
9.680000       9.500000     0.000000   0.133500     0.0400       -99.999000           -2.511139e+01         -100.00
9.680000       9.550000     0.000000   0.131100     0.0400       -99.999000           -2.308839e+01         -100.00
9.680000       9.600000     0.000000   0.128700     0.0400       -99.999000           -2.125419e+01         -100.00
9.680000       9.650000     0.000000   0.126100     0.0400       -99.999000           -1.958759e+01         -100.00
9.700000       8.000000     0.000000   0.170200     0.0407       -99.999000           -1.057943e+02         -100.00
9.700000       8.050000     0.000000   0.169800     0.0407       -99.999000           -1.057943e+02         -100.00
9.700000       8.100000     0.000000   0.169400     0.0407       -99.999000           -1.057943e+02         -100.00
9.700000       8.150000     0.000000   0.169000     0.0407       -99.999000           -1.057943e+02         -100.00
9.700000       8.200000     0.000000   0.168500     0.0407       -99.999000           -1.057943e+02         -100.00
9.700000       8.250000     0.000000   0.168000     0.0407       -99.999000           -1.057943e+02         -100.00
9.700000       8.300000     0.000000   0.167400     0.0407       -99.999000           -1.057943e+02         -100.00
9.700000       8.350000     0.000000   0.166800     0.0407       -99.999000           -1.057943e+02         -100.00
9.700000       8.400000     0.000000   0.166200     0.0407       -99.999000           -1.057943e+02         -100.00
9.700000       8.450000     0.000000   0.165500     0.0407       -99.999000           -1.057943e+02         -100.00
9.700000       8.500000     0.000000   0.164800     0.0407       -99.999000           -1.057943e+02         -100.00
9.700000       8.550000     0.000000   0.164000     0.0407       -99.999000           -1.057943e+02         -100.00
9.700000       8.600000     0.000000   0.163200     0.0407       -99.999000           -1.057943e+02         -100.00
9.700000       8.650000     0.000000   0.162300     0.0407       -99.999000           -1.057943e+02         -100.00
9.700000       8.700000     0.000000   0.161400     0.0407       -99.999000           -1.057943e+02         -100.00
9.700000       8.750000     0.000000   0.160400     0.0407       -99.999000           -1.049461e+02         -100.00
9.700000       8.800000     0.000000   0.159300     0.0407       -99.999000           -9.465769e+01         -100.00
9.700000       8.850000     0.000000   0.158200     0.0407       -99.999000           -8.546289e+01         -100.00
9.700000       8.900000     0.000000   0.157000     0.0407       -99.999000           -7.724239e+01         -100.00
9.700000       8.950000     0.000000   0.155700     0.0407       -99.999000           -6.989019e+01         -100.00
9.700000       9.000000     0.000000   0.154400     0.0407       -99.999000           -6.331139e+01         -100.00
9.700000       9.050000     0.000000   0.152900     0.0407       -99.999000           -5.742159e+01         -100.00
9.700000       9.100000     0.000000   0.151400     0.0407       -99.999000           -5.214549e+01         -100.00
9.700000       9.150000     0.000000   0.149800     0.0407       -99.999000           -4.741589e+01         -100.00
9.700000       9.200000     0.000000   0.148100     0.0407       -99.999000           -4.317309e+01         -100.00
9.700000       9.250000     0.000000   0.146300     0.0407       -99.999000           -3.936369e+01         -100.00
9.700000       9.300000     0.000000   0.144400     0.0407       -99.999000           -3.594009e+01         -100.00
9.700000       9.350000     0.000000   0.142400     0.0407       -99.999000           -3.285989e+01         -100.00
9.700000       9.400000     0.000000   0.140300     0.0407       -99.999000           -3.008529e+01         -100.00
9.700000       9.450000     0.000000   0.138100     0.0407       -99.999000           -2.758269e+01         -100.00
9.700000       9.500000     0.000000   0.135900     0.0407       -99.999000           -2.532189e+01         -100.00
9.700000       9.550000     0.000000   0.133500     0.0407       -99.999000           -2.327629e+01         -100.00
9.700000       9.600000     0.000000   0.131000     0.0407       -99.999000           -2.142179e+01         -100.00
9.700000       9.650000     0.000000   0.128400     0.0407       -99.999000           -1.973719e+01         -100.00
9.720000       8.000000     0.000000   0.172900     0.0413       -99.999000           -1.057943e+02         -100.00
9.720000       8.050000     0.000000   0.172500     0.0413       -99.999000           -1.057943e+02         -100.00
9.720000       8.100000     0.000000   0.172100     0.0413       -99.999000           -1.057943e+02         -100.00
9.720000       8.150000     0.000000   0.171600     0.0413       -99.999000           -1.057943e+02         -100.00
9.720000       8.200000     0.000000   0.171200     0.0413       -99.999000           -1.057943e+02         -100.00
9.720000       8.250000     0.000000   0.170600     0.0413       -99.999000           -1.057943e+02         -100.00
9.720000       8.300000     0.000000   0.170100     0.0413       -99.999000           -1.057943e+02         -100.00
9.720000       8.350000     0.000000   0.169500     0.0413       -99.999000           -1.057943e+02         -100.00
9.720000       8.400000     0.000000   0.168900     0.0413       -99.999000           -1.057943e+02         -100.00
9.720000       8.450000     0.000000   0.168200     0.0413       -99.999000           -1.057943e+02         -100.00
9.720000       8.500000     0.000000   0.167500     0.0413       -99.999000           -1.057943e+02         -100.00
9.720000       8.550000     0.000000   0.166700     0.0413       -99.999000           -1.057943e+02         -100.00
9.720000       8.600000     0.000000   0.165900     0.0413       -99.999000           -1.057943e+02         -100.00
9.720000       8.650000     0.000000   0.165000     0.0413       -99.999000           -1.057943e+02         -100.00
9.720000       8.700000     0.000000   0.164000     0.0413       -99.999000           -1.057943e+02         -100.00
9.720000       8.750000     0.000000   0.163000     0.0413       -99.999000           -1.057943e+02         -100.00
9.720000       8.800000     0.000000   0.161900     0.0413       -99.999000           -9.572159e+01         -100.00
9.720000       8.850000     0.000000   0.160800     0.0413       -99.999000           -8.641119e+01         -100.00
9.720000       8.900000     0.000000   0.159600     0.0413       -99.999000           -7.808789e+01         -100.00
9.720000       8.950000     0.000000   0.158300     0.0413       -99.999000           -7.064389e+01         -100.00
9.720000       9.000000     0.000000   0.156900     0.0413       -99.999000           -6.398329e+01         -100.00
9.720000       9.050000     0.000000   0.155500     0.0413       -99.999000           -5.802069e+01         -100.00
9.720000       9.100000     0.000000   0.153900     0.0413       -99.999000           -5.267959e+01         -100.00
9.720000       9.150000     0.000000   0.152300     0.0413       -99.999000           -4.789209e+01         -100.00
9.720000       9.200000     0.000000   0.150600     0.0413       -99.999000           -4.359769e+01         -100.00
9.720000       9.250000     0.000000   0.148800     0.0413       -99.999000           -3.974229e+01         -100.00
9.720000       9.300000     0.000000   0.146900     0.0413       -99.999000           -3.627769e+01         -100.00
9.720000       9.350000     0.000000   0.144900     0.0413       -99.999000           -3.316099e+01         -100.00
9.720000       9.400000     0.000000   0.142800     0.0413       -99.999000           -3.035389e+01         -100.00
9.720000       9.450000     0.000000   0.140600     0.0413       -99.999000           -2.782219e+01         -100.00
9.720000       9.500000     0.000000   0.138300     0.0413       -99.999000           -2.553559e+01         -100.00
9.720000       9.550000     0.000000   0.135900     0.0413       -99.999000           -2.346699e+01         -100.00
9.720000       9.600000     0.000000   0.133400     0.0413       -99.999000           -2.159199e+01         -100.00
9.720000       9.650000     0.000000   0.130700     0.0413       -99.999000           -1.988919e+01         -100.00
9.740000       8.000000     0.000000   0.175600     0.0419       -99.999000           -1.057943e+02         -100.00
9.740000       8.050000     0.000000   0.175200     0.0419       -99.999000           -1.057943e+02         -100.00
9.740000       8.100000     0.000000   0.174800     0.0419       -99.999000           -1.057943e+02         -100.00
9.740000       8.150000     0.000000   0.174400     0.0419       -99.999000           -1.057943e+02         -100.00
9.740000       8.200000     0.000000   0.173900     0.0419       -99.999000           -1.057943e+02         -100.00
9.740000       8.250000     0.000000   0.173400     0.0419       -99.999000           -1.057943e+02         -100.00
9.740000       8.300000     0.000000   0.172800     0.0419       -99.999000           -1.057943e+02         -100.00
9.740000       8.350000     0.000000   0.172200     0.0419       -99.999000           -1.057943e+02         -100.00
9.740000       8.400000     0.000000   0.171600     0.0419       -99.999000           -1.057943e+02         -100.00
9.740000       8.450000     0.000000   0.170900     0.0419       -99.999000           -1.057943e+02         -100.00
9.740000       8.500000     0.000000   0.170200     0.0419       -99.999000           -1.057943e+02         -100.00
9.740000       8.550000     0.000000   0.169400     0.0419       -99.999000           -1.057943e+02         -100.00
9.740000       8.600000     0.000000   0.168500     0.0419       -99.999000           -1.057943e+02         -100.00
9.740000       8.650000     0.000000   0.167600     0.0419       -99.999000           -1.057943e+02         -100.00
9.740000       8.700000     0.000000   0.166700     0.0419       -99.999000           -1.057943e+02         -100.00
9.740000       8.750000     0.000000   0.165700     0.0419       -99.999000           -1.057943e+02         -100.00
9.740000       8.800000     0.000000   0.164600     0.0419       -99.999000           -9.680199e+01         -100.00
9.740000       8.850000     0.000000   0.163500     0.0419       -99.999000           -8.737429e+01         -100.00
9.740000       8.900000     0.000000   0.162200     0.0419       -99.999000           -7.894649e+01         -100.00
9.740000       8.950000     0.000000   0.160900     0.0419       -99.999000           -7.140929e+01         -100.00
9.740000       9.000000     0.000000   0.159600     0.0419       -99.999000           -6.466569e+01         -100.00
9.740000       9.050000     0.000000   0.158100     0.0419       -99.999000           -5.862899e+01         -100.00
9.740000       9.100000     0.000000   0.156500     0.0419       -99.999000           -5.322199e+01         -100.00
9.740000       9.150000     0.000000   0.154900     0.0419       -99.999000           -4.837569e+01         -100.00
9.740000       9.200000     0.000000   0.153200     0.0419       -99.999000           -4.402889e+01         -100.00
9.740000       9.250000     0.000000   0.151400     0.0419       -99.999000           -4.012679e+01         -100.00
9.740000       9.300000     0.000000   0.149400     0.0419       -99.999000           -3.662059e+01         -100.00
9.740000       9.350000     0.000000   0.147400     0.0419       -99.999000           -3.346679e+01         -100.00
9.740000       9.400000     0.000000   0.145300     0.0419       -99.999000           -3.062659e+01         -100.00
9.740000       9.450000     0.000000   0.143100     0.0419       -99.999000           -2.806549e+01         -100.00
9.740000       9.500000     0.000000   0.140700     0.0419       -99.999000           -2.575269e+01         -100.00
9.740000       9.550000     0.000000   0.138300     0.0419       -99.999000           -2.366059e+01         -100.00
9.740000       9.600000     0.000000   0.135800     0.0419       -99.999000           -2.176479e+01         -100.00
9.740000       9.650000     0.000000   0.133100     0.0419       -99.999000           -2.004339e+01         -100.00
9.760000       8.000000     0.000000   0.178400     0.0426       -99.999000           -1.057943e+02         -100.00
9.760000       8.050000     0.000000   0.178000     0.0426       -99.999000           -1.057943e+02         -100.00
9.760000       8.100000     0.000000   0.177600     0.0426       -99.999000           -1.057943e+02         -100.00
9.760000       8.150000     0.000000   0.177100     0.0426       -99.999000           -1.057943e+02         -100.00
9.760000       8.200000     0.000000   0.176600     0.0426       -99.999000           -1.057943e+02         -100.00
9.760000       8.250000     0.000000   0.176100     0.0426       -99.999000           -1.057943e+02         -100.00
9.760000       8.300000     0.000000   0.175500     0.0426       -99.999000           -1.057943e+02         -100.00
9.760000       8.350000     0.000000   0.175000     0.0426       -99.999000           -1.057943e+02         -100.00
9.760000       8.400000     0.000000   0.174300     0.0426       -99.999000           -1.057943e+02         -100.00
9.760000       8.450000     0.000000   0.173600     0.0426       -99.999000           -1.057943e+02         -100.00
9.760000       8.500000     0.000000   0.172900     0.0426       -99.999000           -1.057943e+02         -100.00
9.760000       8.550000     0.000000   0.172100     0.0426       -99.999000           -1.057943e+02         -100.00
9.760000       8.600000     0.000000   0.171300     0.0426       -99.999000           -1.057943e+02         -100.00
9.760000       8.650000     0.000000   0.170400     0.0426       -99.999000           -1.057943e+02         -100.00
9.760000       8.700000     0.000000   0.169400     0.0426       -99.999000           -1.057943e+02         -100.00
9.760000       8.750000     0.000000   0.168400     0.0426       -99.999000           -1.057943e+02         -100.00
9.760000       8.800000     0.000000   0.167300     0.0426       -99.999000           -9.789909e+01         -100.00
9.760000       8.850000     0.000000   0.166100     0.0426       -99.999000           -8.835239e+01         -100.00
9.760000       8.900000     0.000000   0.164900     0.0426       -99.999000           -7.981829e+01         -100.00
9.760000       8.950000     0.000000   0.163600     0.0426       -99.999000           -7.218659e+01         -100.00
9.760000       9.000000     0.000000   0.162200     0.0426       -99.999000           -6.535859e+01         -100.00
9.760000       9.050000     0.000000   0.160700     0.0426       -99.999000           -5.924679e+01         -100.00
9.760000       9.100000     0.000000   0.159200     0.0426       -99.999000           -5.377269e+01         -100.00
9.760000       9.150000     0.000000   0.157500     0.0426       -99.999000           -4.886679e+01         -100.00
9.760000       9.200000     0.000000   0.155800     0.0426       -99.999000           -4.446679e+01         -100.00
9.760000       9.250000     0.000000   0.153900     0.0426       -99.999000           -4.051719e+01         -100.00
9.760000       9.300000     0.000000   0.152000     0.0426       -99.999000           -3.696879e+01         -100.00
9.760000       9.350000     0.000000   0.150000     0.0426       -99.999000           -3.377729e+01         -100.00
9.760000       9.400000     0.000000   0.147800     0.0426       -99.999000           -3.090349e+01         -100.00
9.760000       9.450000     0.000000   0.145600     0.0426       -99.999000           -2.831249e+01         -100.00
9.760000       9.500000     0.000000   0.143200     0.0426       -99.999000           -2.597299e+01         -100.00
9.760000       9.550000     0.000000   0.140800     0.0426       -99.999000           -2.385719e+01         -100.00
9.760000       9.600000     0.000000   0.138200     0.0426       -99.999000           -2.194029e+01         -100.00
9.760000       9.650000     0.000000   0.135500     0.0426       -99.999000           -2.020009e+01         -100.00
9.780000       8.000000     0.000000   0.181200     0.0432       -99.999000           -1.057943e+02         -100.00
9.780000       8.050000     0.000000   0.180800     0.0432       -99.999000           -1.057943e+02         -100.00
9.780000       8.100000     0.000000   0.180400     0.0432       -99.999000           -1.057943e+02         -100.00
9.780000       8.150000     0.000000   0.179900     0.0432       -99.999000           -1.057943e+02         -100.00
9.780000       8.200000     0.000000   0.179400     0.0432       -99.999000           -1.057943e+02         -100.00
9.780000       8.250000     0.000000   0.178900     0.0432       -99.999000           -1.057943e+02         -100.00
9.780000       8.300000     0.000000   0.178300     0.0432       -99.999000           -1.057943e+02         -100.00
9.780000       8.350000     0.000000   0.177700     0.0432       -99.999000           -1.057943e+02         -100.00
9.780000       8.400000     0.000000   0.177100     0.0432       -99.999000           -1.057943e+02         -100.00
9.780000       8.450000     0.000000   0.176400     0.0432       -99.999000           -1.057943e+02         -100.00
9.780000       8.500000     0.000000   0.175700     0.0432       -99.999000           -1.057943e+02         -100.00
9.780000       8.550000     0.000000   0.174900     0.0432       -99.999000           -1.057943e+02         -100.00
9.780000       8.600000     0.000000   0.174000     0.0432       -99.999000           -1.057943e+02         -100.00
9.780000       8.650000     0.000000   0.173100     0.0432       -99.999000           -1.057943e+02         -100.00
9.780000       8.700000     0.000000   0.172200     0.0432       -99.999000           -1.057943e+02         -100.00
9.780000       8.750000     0.000000   0.171100     0.0432       -99.999000           -1.057943e+02         -100.00
9.780000       8.800000     0.000000   0.170000     0.0432       -99.999000           -9.901319e+01         -100.00
9.780000       8.850000     0.000000   0.168900     0.0432       -99.999000           -8.934559e+01         -100.00
9.780000       8.900000     0.000000   0.167600     0.0432       -99.999000           -8.070369e+01         -100.00
9.780000       8.950000     0.000000   0.166300     0.0432       -99.999000           -7.297589e+01         -100.00
9.780000       9.000000     0.000000   0.164900     0.0432       -99.999000           -6.606229e+01         -100.00
9.780000       9.050000     0.000000   0.163400     0.0432       -99.999000           -5.987409e+01         -100.00
9.780000       9.100000     0.000000   0.161900     0.0432       -99.999000           -5.433209e+01         -100.00
9.780000       9.150000     0.000000   0.160200     0.0432       -99.999000           -4.936549e+01         -100.00
9.780000       9.200000     0.000000   0.158400     0.0432       -99.999000           -4.491139e+01         -100.00
9.780000       9.250000     0.000000   0.156600     0.0432       -99.999000           -4.091369e+01         -100.00
9.780000       9.300000     0.000000   0.154600     0.0432       -99.999000           -3.732229e+01         -100.00
9.780000       9.350000     0.000000   0.152600     0.0432       -99.999000           -3.409259e+01         -100.00
9.780000       9.400000     0.000000   0.150400     0.0432       -99.999000           -3.118479e+01         -100.00
9.780000       9.450000     0.000000   0.148100     0.0432       -99.999000           -2.856339e+01         -100.00
9.780000       9.500000     0.000000   0.145800     0.0432       -99.999000           -2.619679e+01         -100.00
9.780000       9.550000     0.000000   0.143300     0.0432       -99.999000           -2.405689e+01         -100.00
9.780000       9.600000     0.000000   0.140700     0.0432       -99.999000           -2.211849e+01         -100.00
9.780000       9.650000     0.000000   0.138000     0.0432       -99.999000           -2.035909e+01         -100.00
9.800000       8.000000     0.000000   0.184000     0.0439       -99.999000           -1.057943e+02         -100.00
9.800000       8.050000     0.000000   0.183600     0.0439       -99.999000           -1.057943e+02         -100.00
9.800000       8.100000     0.000000   0.183200     0.0439       -99.999000           -1.057943e+02         -100.00
9.800000       8.150000     0.000000   0.182800     0.0439       -99.999000           -1.057943e+02         -100.00
9.800000       8.200000     0.000000   0.182300     0.0439       -99.999000           -1.057943e+02         -100.00
9.800000       8.250000     0.000000   0.181700     0.0439       -99.999000           -1.057943e+02         -100.00
9.800000       8.300000     0.000000   0.181200     0.0439       -99.999000           -1.057943e+02         -100.00
9.800000       8.350000     0.000000   0.180600     0.0439       -99.999000           -1.057943e+02         -100.00
9.800000       8.400000     0.000000   0.179900     0.0439       -99.999000           -1.057943e+02         -100.00
9.800000       8.450000     0.000000   0.179200     0.0439       -99.999000           -1.057943e+02         -100.00
9.800000       8.500000     0.000000   0.178500     0.0439       -99.999000           -1.057943e+02         -100.00
9.800000       8.550000     0.000000   0.177700     0.0439       -99.999000           -1.057943e+02         -100.00
9.800000       8.600000     0.000000   0.176800     0.0439       -99.999000           -1.057943e+02         -100.00
9.800000       8.650000     0.000000   0.175900     0.0439       -99.999000           -1.057943e+02         -100.00
9.800000       8.700000     0.000000   0.175000     0.0439       -99.999000           -1.057943e+02         -100.00
9.800000       8.750000     0.000000   0.173900     0.0439       -99.999000           -1.057943e+02         -100.00
9.800000       8.800000     0.000000   0.172800     0.0439       -99.999000           -1.001447e+02         -100.00
9.800000       8.850000     0.000000   0.171600     0.0439       -99.999000           -9.035419e+01         -100.00
9.800000       8.900000     0.000000   0.170400     0.0439       -99.999000           -8.160289e+01         -100.00
9.800000       8.950000     0.000000   0.169100     0.0439       -99.999000           -7.377739e+01         -100.00
9.800000       9.000000     0.000000   0.167700     0.0439       -99.999000           -6.677689e+01         -100.00
9.800000       9.050000     0.000000   0.166200     0.0439       -99.999000           -6.051119e+01         -100.00
9.800000       9.100000     0.000000   0.164600     0.0439       -99.999000           -5.490009e+01         -100.00
9.800000       9.150000     0.000000   0.162900     0.0439       -99.999000           -4.987189e+01         -100.00
9.800000       9.200000     0.000000   0.161100     0.0439       -99.999000           -4.536299e+01         -100.00
9.800000       9.250000     0.000000   0.159300     0.0439       -99.999000           -4.131639e+01         -100.00
9.800000       9.300000     0.000000   0.157300     0.0439       -99.999000           -3.768139e+01         -100.00
9.800000       9.350000     0.000000   0.155200     0.0439       -99.999000           -3.441279e+01         -100.00
9.800000       9.400000     0.000000   0.153000     0.0439       -99.999000           -3.147029e+01         -100.00
9.800000       9.450000     0.000000   0.150800     0.0439       -99.999000           -2.881809e+01         -100.00
9.800000       9.500000     0.000000   0.148400     0.0439       -99.999000           -2.642399e+01         -100.00
9.800000       9.550000     0.000000   0.145900     0.0439       -99.999000           -2.425959e+01         -100.00
9.800000       9.600000     0.000000   0.143200     0.0439       -99.999000           -2.229939e+01         -100.00
9.800000       9.650000     0.000000   0.140500     0.0439       -99.999000           -2.052059e+01         -100.00
9.820000       8.000000     0.000000   0.186900     0.0446       -99.999000           -1.057943e+02         -100.00
9.820000       8.050000     0.000000   0.186500     0.0446       -99.999000           -1.057943e+02         -100.00
9.820000       8.100000     0.000000   0.186100     0.0446       -99.999000           -1.057943e+02         -100.00
9.820000       8.150000     0.000000   0.185700     0.0446       -99.999000           -1.057943e+02         -100.00
9.820000       8.200000     0.000000   0.185200     0.0446       -99.999000           -1.057943e+02         -100.00
9.820000       8.250000     0.000000   0.184600     0.0446       -99.999000           -1.057943e+02         -100.00
9.820000       8.300000     0.000000   0.184100     0.0446       -99.999000           -1.057943e+02         -100.00
9.820000       8.350000     0.000000   0.183500     0.0446       -99.999000           -1.057943e+02         -100.00
9.820000       8.400000     0.000000   0.182800     0.0446       -99.999000           -1.057943e+02         -100.00
9.820000       8.450000     0.000000   0.182100     0.0446       -99.999000           -1.057943e+02         -100.00
9.820000       8.500000     0.000000   0.181400     0.0446       -99.999000           -1.057943e+02         -100.00
9.820000       8.550000     0.000000   0.180500     0.0446       -99.999000           -1.057943e+02         -100.00
9.820000       8.600000     0.000000   0.179700     0.0446       -99.999000           -1.057943e+02         -100.00
9.820000       8.650000     0.000000   0.178800     0.0446       -99.999000           -1.057943e+02         -100.00
9.820000       8.700000     0.000000   0.177800     0.0446       -99.999000           -1.057943e+02         -100.00
9.820000       8.750000     0.000000   0.176800     0.0446       -99.999000           -1.057943e+02         -100.00
9.820000       8.800000     0.000000   0.175600     0.0446       -99.999000           -1.012936e+02         -100.00
9.820000       8.850000     0.000000   0.174500     0.0446       -99.999000           -9.137839e+01         -100.00
9.820000       8.900000     0.000000   0.173200     0.0446       -99.999000           -8.251589e+01         -100.00
9.820000       8.950000     0.000000   0.171900     0.0446       -99.999000           -7.459139e+01         -100.00
9.820000       9.000000     0.000000   0.170400     0.0446       -99.999000           -6.750259e+01         -100.00
9.820000       9.050000     0.000000   0.168900     0.0446       -99.999000           -6.115819e+01         -100.00
9.820000       9.100000     0.000000   0.167300     0.0446       -99.999000           -5.547689e+01         -100.00
9.820000       9.150000     0.000000   0.165700     0.0446       -99.999000           -5.038619e+01         -100.00
9.820000       9.200000     0.000000   0.163900     0.0446       -99.999000           -4.582149e+01         -100.00
9.820000       9.250000     0.000000   0.162000     0.0446       -99.999000           -4.172519e+01         -100.00
9.820000       9.300000     0.000000   0.160000     0.0446       -99.999000           -3.804589e+01         -100.00
9.820000       9.350000     0.000000   0.157900     0.0446       -99.999000           -3.473789e+01         -100.00
9.820000       9.400000     0.000000   0.155700     0.0446       -99.999000           -3.176029e+01         -100.00
9.820000       9.450000     0.000000   0.153400     0.0446       -99.999000           -2.907669e+01         -100.00
9.820000       9.500000     0.000000   0.151000     0.0446       -99.999000           -2.665469e+01         -100.00
9.820000       9.550000     0.000000   0.148500     0.0446       -99.999000           -2.446539e+01         -100.00
9.820000       9.600000     0.000000   0.145800     0.0446       -99.999000           -2.248309e+01         -100.00
9.820000       9.650000     0.000000   0.143100     0.0446       -99.999000           -2.068449e+01         -100.00
9.840000       8.000000     0.000000   0.189900     0.0452       -99.999000           -1.057943e+02         -100.00
9.840000       8.050000     0.000000   0.189500     0.0452       -99.999000           -1.057943e+02         -100.00
9.840000       8.100000     0.000000   0.189000     0.0452       -99.999000           -1.057943e+02         -100.00
9.840000       8.150000     0.000000   0.188600     0.0452       -99.999000           -1.057943e+02         -100.00
9.840000       8.200000     0.000000   0.188100     0.0452       -99.999000           -1.057943e+02         -100.00
9.840000       8.250000     0.000000   0.187600     0.0452       -99.999000           -1.057943e+02         -100.00
9.840000       8.300000     0.000000   0.187000     0.0452       -99.999000           -1.057943e+02         -100.00
9.840000       8.350000     0.000000   0.186400     0.0452       -99.999000           -1.057943e+02         -100.00
9.840000       8.400000     0.000000   0.185700     0.0452       -99.999000           -1.057943e+02         -100.00
9.840000       8.450000     0.000000   0.185000     0.0452       -99.999000           -1.057943e+02         -100.00
9.840000       8.500000     0.000000   0.184300     0.0452       -99.999000           -1.057943e+02         -100.00
9.840000       8.550000     0.000000   0.183500     0.0452       -99.999000           -1.057943e+02         -100.00
9.840000       8.600000     0.000000   0.182600     0.0452       -99.999000           -1.057943e+02         -100.00
9.840000       8.650000     0.000000   0.181700     0.0452       -99.999000           -1.057943e+02         -100.00
9.840000       8.700000     0.000000   0.180700     0.0452       -99.999000           -1.057943e+02         -100.00
9.840000       8.750000     0.000000   0.179600     0.0452       -99.999000           -1.057943e+02         -100.00
9.840000       8.800000     0.000000   0.178500     0.0452       -99.999000           -1.024604e+02         -100.00
9.840000       8.850000     0.000000   0.177300     0.0452       -99.999000           -9.241849e+01         -100.00
9.840000       8.900000     0.000000   0.176100     0.0452       -99.999000           -8.344309e+01         -100.00
9.840000       8.950000     0.000000   0.174700     0.0452       -99.999000           -7.541799e+01         -100.00
9.840000       9.000000     0.000000   0.173300     0.0452       -99.999000           -6.823949e+01         -100.00
9.840000       9.050000     0.000000   0.171800     0.0452       -99.999000           -6.181509e+01         -100.00
9.840000       9.100000     0.000000   0.170200     0.0452       -99.999000           -5.606259e+01         -100.00
9.840000       9.150000     0.000000   0.168500     0.0452       -99.999000           -5.090839e+01         -100.00
9.840000       9.200000     0.000000   0.166700     0.0452       -99.999000           -4.628709e+01         -100.00
9.840000       9.250000     0.000000   0.164800     0.0452       -99.999000           -4.214039e+01         -100.00
9.840000       9.300000     0.000000   0.162700     0.0452       -99.999000           -3.841619e+01         -100.00
9.840000       9.350000     0.000000   0.160600     0.0452       -99.999000           -3.506809e+01         -100.00
9.840000       9.400000     0.000000   0.158400     0.0452       -99.999000           -3.205469e+01         -100.00
9.840000       9.450000     0.000000   0.156100     0.0452       -99.999000           -2.933929e+01         -100.00
9.840000       9.500000     0.000000   0.153700     0.0452       -99.999000           -2.688899e+01         -100.00
9.840000       9.550000     0.000000   0.151100     0.0452       -99.999000           -2.467449e+01         -100.00
9.840000       9.600000     0.000000   0.148400     0.0452       -99.999000           -2.266959e+01         -100.00
9.840000       9.650000     0.000000   0.145700     0.0452       -99.999000           -2.085099e+01         -100.00
9.860000       8.000000     0.000000   0.192900     0.0459       -99.999000           -1.057943e+02         -100.00
9.860000       8.050000     0.000000   0.192500     0.0459       -99.999000           -1.057943e+02         -100.00
9.860000       8.100000     0.000000   0.192000     0.0459       -99.999000           -1.057943e+02         -100.00
9.860000       8.150000     0.000000   0.191600     0.0459       -99.999000           -1.057943e+02         -100.00
9.860000       8.200000     0.000000   0.191100     0.0459       -99.999000           -1.057943e+02         -100.00
9.860000       8.250000     0.000000   0.190500     0.0459       -99.999000           -1.057943e+02         -100.00
9.860000       8.300000     0.000000   0.190000     0.0459       -99.999000           -1.057943e+02         -100.00
9.860000       8.350000     0.000000   0.189300     0.0459       -99.999000           -1.057943e+02         -100.00
9.860000       8.400000     0.000000   0.188700     0.0459       -99.999000           -1.057943e+02         -100.00
9.860000       8.450000     0.000000   0.188000     0.0459       -99.999000           -1.057943e+02         -100.00
9.860000       8.500000     0.000000   0.187200     0.0459       -99.999000           -1.057943e+02         -100.00
9.860000       8.550000     0.000000   0.186400     0.0459       -99.999000           -1.057943e+02         -100.00
9.860000       8.600000     0.000000   0.185500     0.0459       -99.999000           -1.057943e+02         -100.00
9.860000       8.650000     0.000000   0.184600     0.0459       -99.999000           -1.057943e+02         -100.00
9.860000       8.700000     0.000000   0.183600     0.0459       -99.999000           -1.057943e+02         -100.00
9.860000       8.750000     0.000000   0.182600     0.0459       -99.999000           -1.057943e+02         -100.00
9.860000       8.800000     0.000000   0.181400     0.0459       -99.999000           -1.036453e+02         -100.00
9.860000       8.850000     0.000000   0.180200     0.0459       -99.999000           -9.347469e+01         -100.00
9.860000       8.900000     0.000000   0.179000     0.0459       -99.999000           -8.438469e+01         -100.00
9.860000       8.950000     0.000000   0.177600     0.0459       -99.999000           -7.625739e+01         -100.00
9.860000       9.000000     0.000000   0.176200     0.0459       -99.999000           -6.898779e+01         -100.00
9.860000       9.050000     0.000000   0.174600     0.0459       -99.999000           -6.248229e+01         -100.00
9.860000       9.100000     0.000000   0.173000     0.0459       -99.999000           -5.665739e+01         -100.00
9.860000       9.150000     0.000000   0.171300     0.0459       -99.999000           -5.143869e+01         -100.00
9.860000       9.200000     0.000000   0.169500     0.0459       -99.999000           -4.675999e+01         -100.00
9.860000       9.250000     0.000000   0.167600     0.0459       -99.999000           -4.256199e+01         -100.00
9.860000       9.300000     0.000000   0.165500     0.0459       -99.999000           -3.879209e+01         -100.00
9.860000       9.350000     0.000000   0.163400     0.0459       -99.999000           -3.540329e+01         -100.00
9.860000       9.400000     0.000000   0.161200     0.0459       -99.999000           -3.235369e+01         -100.00
9.860000       9.450000     0.000000   0.158800     0.0459       -99.999000           -2.960599e+01         -100.00
9.860000       9.500000     0.000000   0.156400     0.0459       -99.999000           -2.712689e+01         -100.00
9.860000       9.550000     0.000000   0.153800     0.0459       -99.999000           -2.488669e+01         -100.00
9.860000       9.600000     0.000000   0.151100     0.0459       -99.999000           -2.285889e+01         -100.00
9.860000       9.650000     0.000000   0.148300     0.0459       -99.999000           -2.101999e+01         -100.00
9.880000       8.000000     0.000000   0.195900     0.0467       -99.999000           -1.057943e+02         -100.00
9.880000       8.050000     0.000000   0.195500     0.0467       -99.999000           -1.057943e+02         -100.00
9.880000       8.100000     0.000000   0.195100     0.0467       -99.999000           -1.057943e+02         -100.00
9.880000       8.150000     0.000000   0.194600     0.0467       -99.999000           -1.057943e+02         -100.00
9.880000       8.200000     0.000000   0.194100     0.0467       -99.999000           -1.057943e+02         -100.00
9.880000       8.250000     0.000000   0.193600     0.0467       -99.999000           -1.057943e+02         -100.00
9.880000       8.300000     0.000000   0.193000     0.0467       -99.999000           -1.057943e+02         -100.00
9.880000       8.350000     0.000000   0.192400     0.0467       -99.999000           -1.057943e+02         -100.00
9.880000       8.400000     0.000000   0.191700     0.0467       -99.999000           -1.057943e+02         -100.00
9.880000       8.450000     0.000000   0.191000     0.0467       -99.999000           -1.057943e+02         -100.00
9.880000       8.500000     0.000000   0.190200     0.0467       -99.999000           -1.057943e+02         -100.00
9.880000       8.550000     0.000000   0.189400     0.0467       -99.999000           -1.057943e+02         -100.00
9.880000       8.600000     0.000000   0.188500     0.0467       -99.999000           -1.057943e+02         -100.00
9.880000       8.650000     0.000000   0.187600     0.0467       -99.999000           -1.057943e+02         -100.00
9.880000       8.700000     0.000000   0.186600     0.0467       -99.999000           -1.057943e+02         -100.00
9.880000       8.750000     0.000000   0.185500     0.0467       -99.999000           -1.057943e+02         -100.00
9.880000       8.800000     0.000000   0.184400     0.0467       -99.999000           -1.048484e+02         -100.00
9.880000       8.850000     0.000000   0.183200     0.0467       -99.999000           -9.454739e+01         -100.00
9.880000       8.900000     0.000000   0.181900     0.0467       -99.999000           -8.534089e+01         -100.00
9.880000       8.950000     0.000000   0.180500     0.0467       -99.999000           -7.710979e+01         -100.00
9.880000       9.000000     0.000000   0.179100     0.0467       -99.999000           -6.974769e+01         -100.00
9.880000       9.050000     0.000000   0.177500     0.0467       -99.999000           -6.315979e+01         -100.00
9.880000       9.100000     0.000000   0.175900     0.0467       -99.999000           -5.726139e+01         -100.00
9.880000       9.150000     0.000000   0.174200     0.0467       -99.999000           -5.197719e+01         -100.00
9.880000       9.200000     0.000000   0.172400     0.0467       -99.999000           -4.724009e+01         -100.00
9.880000       9.250000     0.000000   0.170400     0.0467       -99.999000           -4.299009e+01         -100.00
9.880000       9.300000     0.000000   0.168400     0.0467       -99.999000           -3.917389e+01         -100.00
9.880000       9.350000     0.000000   0.166200     0.0467       -99.999000           -3.574379e+01         -100.00
9.880000       9.400000     0.000000   0.164000     0.0467       -99.999000           -3.265739e+01         -100.00
9.880000       9.450000     0.000000   0.161600     0.0467       -99.999000           -2.987679e+01         -100.00
9.880000       9.500000     0.000000   0.159100     0.0467       -99.999000           -2.736839e+01         -100.00
9.880000       9.550000     0.000000   0.156500     0.0467       -99.999000           -2.510219e+01         -100.00
9.880000       9.600000     0.000000   0.153800     0.0467       -99.999000           -2.305119e+01         -100.00
9.880000       9.650000     0.000000   0.151000     0.0467       -99.999000           -2.119159e+01         -100.00
9.900000       8.000000     0.000000   0.199000     0.0474       -99.999000           -1.057943e+02         -100.00
9.900000       8.050000     0.000000   0.198600     0.0474       -99.999000           -1.057943e+02         -100.00
9.900000       8.100000     0.000000   0.198100     0.0474       -99.999000           -1.057943e+02         -100.00
9.900000       8.150000     0.000000   0.197700     0.0474       -99.999000           -1.057943e+02         -100.00
9.900000       8.200000     0.000000   0.197200     0.0474       -99.999000           -1.057943e+02         -100.00
9.900000       8.250000     0.000000   0.196600     0.0474       -99.999000           -1.057943e+02         -100.00
9.900000       8.300000     0.000000   0.196000     0.0474       -99.999000           -1.057943e+02         -100.00
9.900000       8.350000     0.000000   0.195400     0.0474       -99.999000           -1.057943e+02         -100.00
9.900000       8.400000     0.000000   0.194800     0.0474       -99.999000           -1.057943e+02         -100.00
9.900000       8.450000     0.000000   0.194000     0.0474       -99.999000           -1.057943e+02         -100.00
9.900000       8.500000     0.000000   0.193300     0.0474       -99.999000           -1.057943e+02         -100.00
9.900000       8.550000     0.000000   0.192400     0.0474       -99.999000           -1.057943e+02         -100.00
9.900000       8.600000     0.000000   0.191600     0.0474       -99.999000           -1.057943e+02         -100.00
9.900000       8.650000     0.000000   0.190600     0.0474       -99.999000           -1.057943e+02         -100.00
9.900000       8.700000     0.000000   0.189600     0.0474       -99.999000           -1.057943e+02         -100.00
9.900000       8.750000     0.000000   0.188600     0.0474       -99.999000           -1.057943e+02         -100.00
9.900000       8.800000     0.000000   0.187400     0.0474       -99.999000           -1.057943e+02         -100.00
9.900000       8.850000     0.000000   0.186200     0.0474       -99.999000           -9.563659e+01         -100.00
9.900000       8.900000     0.000000   0.184900     0.0474       -99.999000           -8.631189e+01         -100.00
9.900000       8.950000     0.000000   0.183500     0.0474       -99.999000           -7.797549e+01         -100.00
9.900000       9.000000     0.000000   0.182100     0.0474       -99.999000           -7.051939e+01         -100.00
9.900000       9.050000     0.000000   0.180500     0.0474       -99.999000           -6.384779e+01         -100.00
9.900000       9.100000     0.000000   0.178900     0.0474       -99.999000           -5.787479e+01         -100.00
9.900000       9.150000     0.000000   0.177100     0.0474       -99.999000           -5.252409e+01         -100.00
9.900000       9.200000     0.000000   0.175300     0.0474       -99.999000           -4.772769e+01         -100.00
9.900000       9.250000     0.000000   0.173300     0.0474       -99.999000           -4.342489e+01         -100.00
9.900000       9.300000     0.000000   0.171300     0.0474       -99.999000           -3.956159e+01         -100.00
9.900000       9.350000     0.000000   0.169100     0.0474       -99.999000           -3.608949e+01         -100.00
9.900000       9.400000     0.000000   0.166800     0.0474       -99.999000           -3.296569e+01         -100.00
9.900000       9.450000     0.000000   0.164400     0.0474       -99.999000           -3.015179e+01         -100.00
9.900000       9.500000     0.000000   0.161900     0.0474       -99.999000           -2.761369e+01         -100.00
9.900000       9.550000     0.000000   0.159300     0.0474       -99.999000           -2.532099e+01         -100.00
9.900000       9.600000     0.000000   0.156600     0.0474       -99.999000           -2.324639e+01         -100.00
9.900000       9.650000     0.000000   0.153700     0.0474       -99.999000           -2.136579e+01         -100.00
9.920000       8.000000     0.000000   0.202100     0.0481       -99.999000           -1.057943e+02         -100.00
9.920000       8.050000     0.000000   0.201700     0.0481       -99.999000           -1.057943e+02         -100.00
9.920000       8.100000     0.000000   0.201300     0.0481       -99.999000           -1.057943e+02         -100.00
9.920000       8.150000     0.000000   0.200800     0.0481       -99.999000           -1.057943e+02         -100.00
9.920000       8.200000     0.000000   0.200300     0.0481       -99.999000           -1.057943e+02         -100.00
9.920000       8.250000     0.000000   0.199700     0.0481       -99.999000           -1.057943e+02         -100.00
9.920000       8.300000     0.000000   0.199200     0.0481       -99.999000           -1.057943e+02         -100.00
9.920000       8.350000     0.000000   0.198500     0.0481       -99.999000           -1.057943e+02         -100.00
9.920000       8.400000     0.000000   0.197900     0.0481       -99.999000           -1.057943e+02         -100.00
9.920000       8.450000     0.000000   0.197100     0.0481       -99.999000           -1.057943e+02         -100.00
9.920000       8.500000     0.000000   0.196400     0.0481       -99.999000           -1.057943e+02         -100.00
9.920000       8.550000     0.000000   0.195500     0.0481       -99.999000           -1.057943e+02         -100.00
9.920000       8.600000     0.000000   0.194700     0.0481       -99.999000           -1.057943e+02         -100.00
9.920000       8.650000     0.000000   0.193700     0.0481       -99.999000           -1.057943e+02         -100.00
9.920000       8.700000     0.000000   0.192700     0.0481       -99.999000           -1.057943e+02         -100.00
9.920000       8.750000     0.000000   0.191600     0.0481       -99.999000           -1.057943e+02         -100.00
9.920000       8.800000     0.000000   0.190500     0.0481       -99.999000           -1.057943e+02         -100.00
9.920000       8.850000     0.000000   0.189200     0.0481       -99.999000           -9.674269e+01         -100.00
9.920000       8.900000     0.000000   0.187900     0.0481       -99.999000           -8.729799e+01         -100.00
9.920000       8.950000     0.000000   0.186600     0.0481       -99.999000           -7.885449e+01         -100.00
9.920000       9.000000     0.000000   0.185100     0.0481       -99.999000           -7.130309e+01         -100.00
9.920000       9.050000     0.000000   0.183500     0.0481       -99.999000           -6.454639e+01         -100.00
9.920000       9.100000     0.000000   0.181900     0.0481       -99.999000           -5.849759e+01         -100.00
9.920000       9.150000     0.000000   0.180100     0.0481       -99.999000           -5.307939e+01         -100.00
9.920000       9.200000     0.000000   0.178200     0.0481       -99.999000           -4.822289e+01         -100.00
9.920000       9.250000     0.000000   0.176300     0.0481       -99.999000           -4.386639e+01         -100.00
9.920000       9.300000     0.000000   0.174200     0.0481       -99.999000           -3.995519e+01         -100.00
9.920000       9.350000     0.000000   0.172000     0.0481       -99.999000           -3.644049e+01         -100.00
9.920000       9.400000     0.000000   0.169700     0.0481       -99.999000           -3.327869e+01         -100.00
9.920000       9.450000     0.000000   0.167300     0.0481       -99.999000           -3.043099e+01         -100.00
9.920000       9.500000     0.000000   0.164800     0.0481       -99.999000           -2.786279e+01         -100.00
9.920000       9.550000     0.000000   0.162100     0.0481       -99.999000           -2.554319e+01         -100.00
9.920000       9.600000     0.000000   0.159400     0.0481       -99.999000           -2.344469e+01         -100.00
9.920000       9.650000     0.000000   0.156500     0.0481       -99.999000           -2.154269e+01         -100.00
9.940000       8.000000     0.000000   0.205300     0.0488       -99.999000           -1.057943e+02         -100.00
9.940000       8.050000     0.000000   0.204900     0.0488       -99.999000           -1.057943e+02         -100.00
9.940000       8.100000     0.000000   0.204400     0.0488       -99.999000           -1.057943e+02         -100.00
9.940000       8.150000     0.000000   0.204000     0.0488       -99.999000           -1.057943e+02         -100.00
9.940000       8.200000     0.000000   0.203500     0.0488       -99.999000           -1.057943e+02         -100.00
9.940000       8.250000     0.000000   0.202900     0.0488       -99.999000           -1.057943e+02         -100.00
9.940000       8.300000     0.000000   0.202300     0.0488       -99.999000           -1.057943e+02         -100.00
9.940000       8.350000     0.000000   0.201700     0.0488       -99.999000           -1.057943e+02         -100.00
9.940000       8.400000     0.000000   0.201000     0.0488       -99.999000           -1.057943e+02         -100.00
9.940000       8.450000     0.000000   0.200300     0.0488       -99.999000           -1.057943e+02         -100.00
9.940000       8.500000     0.000000   0.199500     0.0488       -99.999000           -1.057943e+02         -100.00
9.940000       8.550000     0.000000   0.198700     0.0488       -99.999000           -1.057943e+02         -100.00
9.940000       8.600000     0.000000   0.197800     0.0488       -99.999000           -1.057943e+02         -100.00
9.940000       8.650000     0.000000   0.196800     0.0488       -99.999000           -1.057943e+02         -100.00
9.940000       8.700000     0.000000   0.195800     0.0488       -99.999000           -1.057943e+02         -100.00
9.940000       8.750000     0.000000   0.194700     0.0488       -99.999000           -1.057943e+02         -100.00
9.940000       8.800000     0.000000   0.193600     0.0488       -99.999000           -1.057943e+02         -100.00
9.940000       8.850000     0.000000   0.192300     0.0488       -99.999000           -9.786599e+01         -100.00
9.940000       8.900000     0.000000   0.191000     0.0488       -99.999000           -8.829929e+01         -100.00
9.940000       8.950000     0.000000   0.189600     0.0488       -99.999000           -7.974719e+01         -100.00
9.940000       9.000000     0.000000   0.188100     0.0488       -99.999000           -7.209889e+01         -100.00
9.940000       9.050000     0.000000   0.186600     0.0488       -99.999000           -6.525589e+01         -100.00
9.940000       9.100000     0.000000   0.184900     0.0488       -99.999000           -5.913019e+01         -100.00
9.940000       9.150000     0.000000   0.183100     0.0488       -99.999000           -5.364339e+01         -100.00
9.940000       9.200000     0.000000   0.181300     0.0488       -99.999000           -4.872569e+01         -100.00
9.940000       9.250000     0.000000   0.179300     0.0488       -99.999000           -4.431469e+01         -100.00
9.940000       9.300000     0.000000   0.177200     0.0488       -99.999000           -4.035499e+01         -100.00
9.940000       9.350000     0.000000   0.175000     0.0488       -99.999000           -3.679699e+01         -100.00
9.940000       9.400000     0.000000   0.172700     0.0488       -99.999000           -3.359659e+01         -100.00
9.940000       9.450000     0.000000   0.170200     0.0488       -99.999000           -3.071459e+01         -100.00
9.940000       9.500000     0.000000   0.167700     0.0488       -99.999000           -2.811569e+01         -100.00
9.940000       9.550000     0.000000   0.165000     0.0488       -99.999000           -2.576879e+01         -100.00
9.940000       9.600000     0.000000   0.162200     0.0488       -99.999000           -2.364599e+01         -100.00
9.940000       9.650000     0.000000   0.159300     0.0488       -99.999000           -2.172239e+01         -100.00
9.960000       8.000000     0.000000   0.208500     0.0496       -99.999000           -1.057943e+02         -100.00
9.960000       8.050000     0.000000   0.208100     0.0496       -99.999000           -1.057943e+02         -100.00
9.960000       8.100000     0.000000   0.207700     0.0496       -99.999000           -1.057943e+02         -100.00
9.960000       8.150000     0.000000   0.207200     0.0496       -99.999000           -1.057943e+02         -100.00
9.960000       8.200000     0.000000   0.206700     0.0496       -99.999000           -1.057943e+02         -100.00
9.960000       8.250000     0.000000   0.206100     0.0496       -99.999000           -1.057943e+02         -100.00
9.960000       8.300000     0.000000   0.205500     0.0496       -99.999000           -1.057943e+02         -100.00
9.960000       8.350000     0.000000   0.204900     0.0496       -99.999000           -1.057943e+02         -100.00
9.960000       8.400000     0.000000   0.204200     0.0496       -99.999000           -1.057943e+02         -100.00
9.960000       8.450000     0.000000   0.203500     0.0496       -99.999000           -1.057943e+02         -100.00
9.960000       8.500000     0.000000   0.202700     0.0496       -99.999000           -1.057943e+02         -100.00
9.960000       8.550000     0.000000   0.201900     0.0496       -99.999000           -1.057943e+02         -100.00
9.960000       8.600000     0.000000   0.201000     0.0496       -99.999000           -1.057943e+02         -100.00
9.960000       8.650000     0.000000   0.200000     0.0496       -99.999000           -1.057943e+02         -100.00
9.960000       8.700000     0.000000   0.199000     0.0496       -99.999000           -1.057943e+02         -100.00
9.960000       8.750000     0.000000   0.197900     0.0496       -99.999000           -1.057943e+02         -100.00
9.960000       8.800000     0.000000   0.196700     0.0496       -99.999000           -1.057943e+02         -100.00
9.960000       8.850000     0.000000   0.195500     0.0496       -99.999000           -9.900669e+01         -100.00
9.960000       8.900000     0.000000   0.194200     0.0496       -99.999000           -8.931619e+01         -100.00
9.960000       8.950000     0.000000   0.192800     0.0496       -99.999000           -8.065369e+01         -100.00
9.960000       9.000000     0.000000   0.191300     0.0496       -99.999000           -7.290699e+01         -100.00
9.960000       9.050000     0.000000   0.189700     0.0496       -99.999000           -6.597629e+01         -100.00
9.960000       9.100000     0.000000   0.188000     0.0496       -99.999000           -5.977249e+01         -100.00
9.960000       9.150000     0.000000   0.186200     0.0496       -99.999000           -5.421609e+01         -100.00
9.960000       9.200000     0.000000   0.184300     0.0496       -99.999000           -4.923629e+01         -100.00
9.960000       9.250000     0.000000   0.182300     0.0496       -99.999000           -4.476999e+01         -100.00
9.960000       9.300000     0.000000   0.180200     0.0496       -99.999000           -4.076089e+01         -100.00
9.960000       9.350000     0.000000   0.178000     0.0496       -99.999000           -3.715899e+01         -100.00
9.960000       9.400000     0.000000   0.175700     0.0496       -99.999000           -3.391949e+01         -100.00
9.960000       9.450000     0.000000   0.173200     0.0496       -99.999000           -3.100249e+01         -100.00
9.960000       9.500000     0.000000   0.170600     0.0496       -99.999000           -2.837249e+01         -100.00
9.960000       9.550000     0.000000   0.167900     0.0496       -99.999000           -2.599789e+01         -100.00
9.960000       9.600000     0.000000   0.165100     0.0496       -99.999000           -2.385039e+01         -100.00
9.960000       9.650000     0.000000   0.162200     0.0496       -99.999000           -2.190479e+01         -100.00
9.980000       8.000000     0.000000   0.211800     0.0504       -99.999000           -1.057943e+02         -100.00
9.980000       8.050000     0.000000   0.211400     0.0504       -99.999000           -1.057943e+02         -100.00
9.980000       8.100000     0.000000   0.210900     0.0504       -99.999000           -1.057943e+02         -100.00
9.980000       8.150000     0.000000   0.210500     0.0504       -99.999000           -1.057943e+02         -100.00
9.980000       8.200000     0.000000   0.209900     0.0504       -99.999000           -1.057943e+02         -100.00
9.980000       8.250000     0.000000   0.209400     0.0504       -99.999000           -1.057943e+02         -100.00
9.980000       8.300000     0.000000   0.208800     0.0504       -99.999000           -1.057943e+02         -100.00
9.980000       8.350000     0.000000   0.208200     0.0504       -99.999000           -1.057943e+02         -100.00
9.980000       8.400000     0.000000   0.207500     0.0504       -99.999000           -1.057943e+02         -100.00
9.980000       8.450000     0.000000   0.206700     0.0504       -99.999000           -1.057943e+02         -100.00
9.980000       8.500000     0.000000   0.205900     0.0504       -99.999000           -1.057943e+02         -100.00
9.980000       8.550000     0.000000   0.205100     0.0504       -99.999000           -1.057943e+02         -100.00
9.980000       8.600000     0.000000   0.204200     0.0504       -99.999000           -1.057943e+02         -100.00
9.980000       8.650000     0.000000   0.203200     0.0504       -99.999000           -1.057943e+02         -100.00
9.980000       8.700000     0.000000   0.202200     0.0504       -99.999000           -1.057943e+02         -100.00
9.980000       8.750000     0.000000   0.201100     0.0504       -99.999000           -1.057943e+02         -100.00
9.980000       8.800000     0.000000   0.199900     0.0504       -99.999000           -1.057943e+02         -100.00
9.980000       8.850000     0.000000   0.198700     0.0504       -99.999000           -1.001650e+02         -100.00
9.980000       8.900000     0.000000   0.197400     0.0504       -99.999000           -9.034879e+01         -100.00
9.980000       8.950000     0.000000   0.195900     0.0504       -99.999000           -8.157419e+01         -100.00
9.980000       9.000000     0.000000   0.194400     0.0504       -99.999000           -7.372769e+01         -100.00
9.980000       9.050000     0.000000   0.192800     0.0504       -99.999000           -6.670789e+01         -100.00
9.980000       9.100000     0.000000   0.191100     0.0504       -99.999000           -6.042469e+01         -100.00
9.980000       9.150000     0.000000   0.189300     0.0504       -99.999000           -5.479759e+01         -100.00
9.980000       9.200000     0.000000   0.187400     0.0504       -99.999000           -4.975479e+01         -100.00
9.980000       9.250000     0.000000   0.185400     0.0504       -99.999000           -4.523229e+01         -100.00
9.980000       9.300000     0.000000   0.183300     0.0504       -99.999000           -4.117319e+01         -100.00
9.980000       9.350000     0.000000   0.181100     0.0504       -99.999000           -3.752659e+01         -100.00
9.980000       9.400000     0.000000   0.178700     0.0504       -99.999000           -3.424729e+01         -100.00
9.980000       9.450000     0.000000   0.176200     0.0504       -99.999000           -3.129479e+01         -100.00
9.980000       9.500000     0.000000   0.173600     0.0504       -99.999000           -2.863329e+01         -100.00
9.980000       9.550000     0.000000   0.170900     0.0504       -99.999000           -2.623049e+01         -100.00
9.980000       9.600000     0.000000   0.168000     0.0504       -99.999000           -2.405789e+01         -100.00
9.980000       9.650000     0.000000   0.165100     0.0504       -99.999000           -2.208989e+01         -100.00
10.000000      8.000000     0.000000   0.215100     0.0511       -99.999000           -1.057943e+02         -100.00
10.000000      8.050000     0.000000   0.214700     0.0511       -99.999000           -1.057943e+02         -100.00
10.000000      8.100000     0.000000   0.214300     0.0511       -99.999000           -1.057943e+02         -100.00
10.000000      8.150000     0.000000   0.213800     0.0511       -99.999000           -1.057943e+02         -100.00
10.000000      8.200000     0.000000   0.213300     0.0511       -99.999000           -1.057943e+02         -100.00
10.000000      8.250000     0.000000   0.212700     0.0511       -99.999000           -1.057943e+02         -100.00
10.000000      8.300000     0.000000   0.212100     0.0511       -99.999000           -1.057943e+02         -100.00
10.000000      8.350000     0.000000   0.211500     0.0511       -99.999000           -1.057943e+02         -100.00
10.000000      8.400000     0.000000   0.210800     0.0511       -99.999000           -1.057943e+02         -100.00
10.000000      8.450000     0.000000   0.210000     0.0511       -99.999000           -1.057943e+02         -100.00
10.000000      8.500000     0.000000   0.209200     0.0511       -99.999000           -1.057943e+02         -100.00
10.000000      8.550000     0.000000   0.208400     0.0511       -99.999000           -1.057943e+02         -100.00
10.000000      8.600000     0.000000   0.207500     0.0511       -99.999000           -1.057943e+02         -100.00
10.000000      8.650000     0.000000   0.206500     0.0511       -99.999000           -1.057943e+02         -100.00
10.000000      8.700000     0.000000   0.205500     0.0511       -99.999000           -1.057943e+02         -100.00
10.000000      8.750000     0.000000   0.204400     0.0511       -99.999000           -1.057943e+02         -100.00
10.000000      8.800000     0.000000   0.203200     0.0511       -99.999000           -1.057943e+02         -100.00
10.000000      8.850000     0.000000   0.201900     0.0511       -99.999000           -1.013413e+02         -100.00
10.000000      8.900000     0.000000   0.200600     0.0511       -99.999000           -9.139739e+01         -100.00
10.000000      8.950000     0.000000   0.199200     0.0511       -99.999000           -8.250899e+01         -100.00
10.000000      9.000000     0.000000   0.197600     0.0511       -99.999000           -7.456099e+01         -100.00
10.000000      9.050000     0.000000   0.196000     0.0511       -99.999000           -6.745089e+01         -100.00
10.000000      9.100000     0.000000   0.194300     0.0511       -99.999000           -6.108709e+01         -100.00
10.000000      9.150000     0.000000   0.192500     0.0511       -99.999000           -5.538809e+01         -100.00
10.000000      9.200000     0.000000   0.190600     0.0511       -99.999000           -5.028129e+01         -100.00
10.000000      9.250000     0.000000   0.188600     0.0511       -99.999000           -4.570169e+01         -100.00
10.000000      9.300000     0.000000   0.186400     0.0511       -99.999000           -4.159179e+01         -100.00
10.000000      9.350000     0.000000   0.184200     0.0511       -99.999000           -3.789989e+01         -100.00
10.000000      9.400000     0.000000   0.181800     0.0511       -99.999000           -3.458019e+01         -100.00
10.000000      9.450000     0.000000   0.179300     0.0511       -99.999000           -3.159169e+01         -100.00
10.000000      9.500000     0.000000   0.176700     0.0511       -99.999000           -2.889799e+01         -100.00
10.000000      9.550000     0.000000   0.173900     0.0511       -99.999000           -2.646669e+01         -100.00
10.000000      9.600000     0.000000   0.171000     0.0511       -99.999000           -2.426859e+01         -100.00
10.000000      9.650000     0.000000   0.168000     0.0511       -99.999000           -2.227799e+01         -100.00
10.020000      8.000000     0.000000   0.218500     0.0519       -99.999000           -1.057943e+02         -100.00
10.020000      8.050000     0.000000   0.218100     0.0519       -99.999000           -1.057943e+02         -100.00
10.020000      8.100000     0.000000   0.217600     0.0519       -99.999000           -1.057943e+02         -100.00
10.020000      8.150000     0.000000   0.217200     0.0519       -99.999000           -1.057943e+02         -100.00
10.020000      8.200000     0.000000   0.216600     0.0519       -99.999000           -1.057943e+02         -100.00
10.020000      8.250000     0.000000   0.216100     0.0519       -99.999000           -1.057943e+02         -100.00
10.020000      8.300000     0.000000   0.215500     0.0519       -99.999000           -1.057943e+02         -100.00
10.020000      8.350000     0.000000   0.214800     0.0519       -99.999000           -1.057943e+02         -100.00
10.020000      8.400000     0.000000   0.214100     0.0519       -99.999000           -1.057943e+02         -100.00
10.020000      8.450000     0.000000   0.213400     0.0519       -99.999000           -1.057943e+02         -100.00
10.020000      8.500000     0.000000   0.212600     0.0519       -99.999000           -1.057943e+02         -100.00
10.020000      8.550000     0.000000   0.211700     0.0519       -99.999000           -1.057943e+02         -100.00
10.020000      8.600000     0.000000   0.210800     0.0519       -99.999000           -1.057943e+02         -100.00
10.020000      8.650000     0.000000   0.209800     0.0519       -99.999000           -1.057943e+02         -100.00
10.020000      8.700000     0.000000   0.208800     0.0519       -99.999000           -1.057943e+02         -100.00
10.020000      8.750000     0.000000   0.207700     0.0519       -99.999000           -1.057943e+02         -100.00
10.020000      8.800000     0.000000   0.206500     0.0519       -99.999000           -1.057943e+02         -100.00
10.020000      8.850000     0.000000   0.205200     0.0519       -99.999000           -1.025358e+02         -100.00
10.020000      8.900000     0.000000   0.203900     0.0519       -99.999000           -9.246219e+01         -100.00
10.020000      8.950000     0.000000   0.202400     0.0519       -99.999000           -8.345829e+01         -100.00
10.020000      9.000000     0.000000   0.200900     0.0519       -99.999000           -7.540729e+01         -100.00
10.020000      9.050000     0.000000   0.199300     0.0519       -99.999000           -6.820539e+01         -100.00
10.020000      9.100000     0.000000   0.197600     0.0519       -99.999000           -6.175969e+01         -100.00
10.020000      9.150000     0.000000   0.195700     0.0519       -99.999000           -5.598779e+01         -100.00
10.020000      9.200000     0.000000   0.193800     0.0519       -99.999000           -5.081589e+01         -100.00
10.020000      9.250000     0.000000   0.191800     0.0519       -99.999000           -4.617849e+01         -100.00
10.020000      9.300000     0.000000   0.189600     0.0519       -99.999000           -4.201689e+01         -100.00
10.020000      9.350000     0.000000   0.187300     0.0519       -99.999000           -3.827889e+01         -100.00
10.020000      9.400000     0.000000   0.184900     0.0519       -99.999000           -3.491819e+01         -100.00
10.020000      9.450000     0.000000   0.182400     0.0519       -99.999000           -3.189319e+01         -100.00
10.020000      9.500000     0.000000   0.179800     0.0519       -99.999000           -2.916689e+01         -100.00
10.020000      9.550000     0.000000   0.177000     0.0519       -99.999000           -2.670649e+01         -100.00
10.020000      9.600000     0.000000   0.174100     0.0519       -99.999000           -2.448259e+01         -100.00
10.020000      9.650000     0.000000   0.171000     0.0519       -99.999000           -2.246889e+01         -100.00
10.040000      8.000000     0.000000   0.221900     0.0527       -99.999000           -1.057943e+02         -100.00
10.040000      8.050000     0.000000   0.221500     0.0527       -99.999000           -1.057943e+02         -100.00
10.040000      8.100000     0.000000   0.221100     0.0527       -99.999000           -1.057943e+02         -100.00
10.040000      8.150000     0.000000   0.220600     0.0527       -99.999000           -1.057943e+02         -100.00
10.040000      8.200000     0.000000   0.220100     0.0527       -99.999000           -1.057943e+02         -100.00
10.040000      8.250000     0.000000   0.219500     0.0527       -99.999000           -1.057943e+02         -100.00
10.040000      8.300000     0.000000   0.218900     0.0527       -99.999000           -1.057943e+02         -100.00
10.040000      8.350000     0.000000   0.218200     0.0527       -99.999000           -1.057943e+02         -100.00
10.040000      8.400000     0.000000   0.217500     0.0527       -99.999000           -1.057943e+02         -100.00
10.040000      8.450000     0.000000   0.216800     0.0527       -99.999000           -1.057943e+02         -100.00
10.040000      8.500000     0.000000   0.216000     0.0527       -99.999000           -1.057943e+02         -100.00
10.040000      8.550000     0.000000   0.215100     0.0527       -99.999000           -1.057943e+02         -100.00
10.040000      8.600000     0.000000   0.214200     0.0527       -99.999000           -1.057943e+02         -100.00
10.040000      8.650000     0.000000   0.213200     0.0527       -99.999000           -1.057943e+02         -100.00
10.040000      8.700000     0.000000   0.212200     0.0527       -99.999000           -1.057943e+02         -100.00
10.040000      8.750000     0.000000   0.211100     0.0527       -99.999000           -1.057943e+02         -100.00
10.040000      8.800000     0.000000   0.209900     0.0527       -99.999000           -1.057943e+02         -100.00
10.040000      8.850000     0.000000   0.208600     0.0527       -99.999000           -1.037489e+02         -100.00
10.040000      8.900000     0.000000   0.207200     0.0527       -99.999000           -9.354359e+01         -100.00
10.040000      8.950000     0.000000   0.205800     0.0527       -99.999000           -8.442229e+01         -100.00
10.040000      9.000000     0.000000   0.204200     0.0527       -99.999000           -7.626669e+01         -100.00
10.040000      9.050000     0.000000   0.202600     0.0527       -99.999000           -6.897149e+01         -100.00
10.040000      9.100000     0.000000   0.200900     0.0527       -99.999000           -6.244279e+01         -100.00
10.040000      9.150000     0.000000   0.199000     0.0527       -99.999000           -5.659679e+01         -100.00
10.040000      9.200000     0.000000   0.197100     0.0527       -99.999000           -5.135889e+01         -100.00
10.040000      9.250000     0.000000   0.195000     0.0527       -99.999000           -4.666259e+01         -100.00
10.040000      9.300000     0.000000   0.192800     0.0527       -99.999000           -4.244849e+01         -100.00
10.040000      9.350000     0.000000   0.190500     0.0527       -99.999000           -3.866379e+01         -100.00
10.040000      9.400000     0.000000   0.188100     0.0527       -99.999000           -3.526139e+01         -100.00
10.040000      9.450000     0.000000   0.185600     0.0527       -99.999000           -3.219929e+01         -100.00
10.040000      9.500000     0.000000   0.182900     0.0527       -99.999000           -2.943989e+01         -100.00
10.040000      9.550000     0.000000   0.180100     0.0527       -99.999000           -2.695009e+01         -100.00
10.040000      9.600000     0.000000   0.177200     0.0527       -99.999000           -2.469979e+01         -100.00
10.040000      9.650000     0.000000   0.174100     0.0527       -99.999000           -2.266269e+01         -100.00
10.060000      8.000000     0.000000   0.225400     0.0535       -99.999000           -1.057943e+02         -100.00
10.060000      8.050000     0.000000   0.225000     0.0535       -99.999000           -1.057943e+02         -100.00
10.060000      8.100000     0.000000   0.224600     0.0535       -99.999000           -1.057943e+02         -100.00
10.060000      8.150000     0.000000   0.224100     0.0535       -99.999000           -1.057943e+02         -100.00
10.060000      8.200000     0.000000   0.223500     0.0535       -99.999000           -1.057943e+02         -100.00
10.060000      8.250000     0.000000   0.223000     0.0535       -99.999000           -1.057943e+02         -100.00
10.060000      8.300000     0.000000   0.222400     0.0535       -99.999000           -1.057943e+02         -100.00
10.060000      8.350000     0.000000   0.221700     0.0535       -99.999000           -1.057943e+02         -100.00
10.060000      8.400000     0.000000   0.221000     0.0535       -99.999000           -1.057943e+02         -100.00
10.060000      8.450000     0.000000   0.220300     0.0535       -99.999000           -1.057943e+02         -100.00
10.060000      8.500000     0.000000   0.219400     0.0535       -99.999000           -1.057943e+02         -100.00
10.060000      8.550000     0.000000   0.218600     0.0535       -99.999000           -1.057943e+02         -100.00
10.060000      8.600000     0.000000   0.217700     0.0535       -99.999000           -1.057943e+02         -100.00
10.060000      8.650000     0.000000   0.216700     0.0535       -99.999000           -1.057943e+02         -100.00
10.060000      8.700000     0.000000   0.215600     0.0535       -99.999000           -1.057943e+02         -100.00
10.060000      8.750000     0.000000   0.214500     0.0535       -99.999000           -1.057943e+02         -100.00
10.060000      8.800000     0.000000   0.213300     0.0535       -99.999000           -1.057943e+02         -100.00
10.060000      8.850000     0.000000   0.212000     0.0535       -99.999000           -1.049806e+02         -100.00
10.060000      8.900000     0.000000   0.210600     0.0535       -99.999000           -9.464169e+01         -100.00
10.060000      8.950000     0.000000   0.209200     0.0535       -99.999000           -8.540119e+01         -100.00
10.060000      9.000000     0.000000   0.207600     0.0535       -99.999000           -7.713939e+01         -100.00
10.060000      9.050000     0.000000   0.206000     0.0535       -99.999000           -6.974949e+01         -100.00
10.060000      9.100000     0.000000   0.204200     0.0535       -99.999000           -6.313639e+01         -100.00
10.060000      9.150000     0.000000   0.202400     0.0535       -99.999000           -5.721519e+01         -100.00
10.060000      9.200000     0.000000   0.200400     0.0535       -99.999000           -5.191019e+01         -100.00
10.060000      9.250000     0.000000   0.198300     0.0535       -99.999000           -4.715419e+01         -100.00
10.060000      9.300000     0.000000   0.196100     0.0535       -99.999000           -4.288679e+01         -100.00
10.060000      9.350000     0.000000   0.193800     0.0535       -99.999000           -3.905469e+01         -100.00
10.060000      9.400000     0.000000   0.191400     0.0535       -99.999000           -3.560999e+01         -100.00
10.060000      9.450000     0.000000   0.188800     0.0535       -99.999000           -3.251009e+01         -100.00
10.060000      9.500000     0.000000   0.186100     0.0535       -99.999000           -2.971719e+01         -100.00
10.060000      9.550000     0.000000   0.183300     0.0535       -99.999000           -2.719729e+01         -100.00
10.060000      9.600000     0.000000   0.180300     0.0535       -99.999000           -2.492039e+01         -100.00
10.060000      9.650000     0.000000   0.177200     0.0535       -99.999000           -2.285959e+01         -100.00
10.080000      8.000000     0.000000   0.229000     0.0544       -99.999000           -1.057943e+02         -100.00
10.080000      8.050000     0.000000   0.228600     0.0544       -99.999000           -1.057943e+02         -100.00
10.080000      8.100000     0.000000   0.228100     0.0544       -99.999000           -1.057943e+02         -100.00
10.080000      8.150000     0.000000   0.227600     0.0544       -99.999000           -1.057943e+02         -100.00
10.080000      8.200000     0.000000   0.227100     0.0544       -99.999000           -1.057943e+02         -100.00
10.080000      8.250000     0.000000   0.226500     0.0544       -99.999000           -1.057943e+02         -100.00
10.080000      8.300000     0.000000   0.225900     0.0544       -99.999000           -1.057943e+02         -100.00
10.080000      8.350000     0.000000   0.225200     0.0544       -99.999000           -1.057943e+02         -100.00
10.080000      8.400000     0.000000   0.224500     0.0544       -99.999000           -1.057943e+02         -100.00
10.080000      8.450000     0.000000   0.223800     0.0544       -99.999000           -1.057943e+02         -100.00
10.080000      8.500000     0.000000   0.223000     0.0544       -99.999000           -1.057943e+02         -100.00
10.080000      8.550000     0.000000   0.222100     0.0544       -99.999000           -1.057943e+02         -100.00
10.080000      8.600000     0.000000   0.221100     0.0544       -99.999000           -1.057943e+02         -100.00
10.080000      8.650000     0.000000   0.220200     0.0544       -99.999000           -1.057943e+02         -100.00
10.080000      8.700000     0.000000   0.219100     0.0544       -99.999000           -1.057943e+02         -100.00
10.080000      8.750000     0.000000   0.218000     0.0544       -99.999000           -1.057943e+02         -100.00
10.080000      8.800000     0.000000   0.216700     0.0544       -99.999000           -1.057943e+02         -100.00
10.080000      8.850000     0.000000   0.215400     0.0544       -99.999000           -1.057943e+02         -100.00
10.080000      8.900000     0.000000   0.214100     0.0544       -99.999000           -9.575679e+01         -100.00
10.080000      8.950000     0.000000   0.212600     0.0544       -99.999000           -8.639529e+01         -100.00
10.080000      9.000000     0.000000   0.211000     0.0544       -99.999000           -7.802559e+01         -100.00
10.080000      9.050000     0.000000   0.209400     0.0544       -99.999000           -7.053959e+01         -100.00
10.080000      9.100000     0.000000   0.207600     0.0544       -99.999000           -6.384069e+01         -100.00
10.080000      9.150000     0.000000   0.205700     0.0544       -99.999000           -5.784309e+01         -100.00
10.080000      9.200000     0.000000   0.203800     0.0544       -99.999000           -5.247009e+01         -100.00
10.080000      9.250000     0.000000   0.201700     0.0544       -99.999000           -4.765339e+01         -100.00
10.080000      9.300000     0.000000   0.199500     0.0544       -99.999000           -4.333199e+01         -100.00
10.080000      9.350000     0.000000   0.197100     0.0544       -99.999000           -3.945159e+01         -100.00
10.080000      9.400000     0.000000   0.194700     0.0544       -99.999000           -3.596389e+01         -100.00
10.080000      9.450000     0.000000   0.192100     0.0544       -99.999000           -3.282579e+01         -100.00
10.080000      9.500000     0.000000   0.189400     0.0544       -99.999000           -2.999869e+01         -100.00
10.080000      9.550000     0.000000   0.186500     0.0544       -99.999000           -2.744839e+01         -100.00
10.080000      9.600000     0.000000   0.183500     0.0544       -99.999000           -2.514439e+01         -100.00
10.080000      9.650000     0.000000   0.180400     0.0544       -99.999000           -2.305939e+01         -100.00
10.100000      8.000000     0.000000   0.232600     0.0552       -99.999000           -1.057943e+02         -100.00
10.100000      8.050000     0.000000   0.232100     0.0552       -99.999000           -1.057943e+02         -100.00
10.100000      8.100000     0.000000   0.231700     0.0552       -99.999000           -1.057943e+02         -100.00
10.100000      8.150000     0.000000   0.231200     0.0552       -99.999000           -1.057943e+02         -100.00
10.100000      8.200000     0.000000   0.230700     0.0552       -99.999000           -1.057943e+02         -100.00
10.100000      8.250000     0.000000   0.230100     0.0552       -99.999000           -1.057943e+02         -100.00
10.100000      8.300000     0.000000   0.229500     0.0552       -99.999000           -1.057943e+02         -100.00
10.100000      8.350000     0.000000   0.228800     0.0552       -99.999000           -1.057943e+02         -100.00
10.100000      8.400000     0.000000   0.228100     0.0552       -99.999000           -1.057943e+02         -100.00
10.100000      8.450000     0.000000   0.227300     0.0552       -99.999000           -1.057943e+02         -100.00
10.100000      8.500000     0.000000   0.226500     0.0552       -99.999000           -1.057943e+02         -100.00
10.100000      8.550000     0.000000   0.225600     0.0552       -99.999000           -1.057943e+02         -100.00
10.100000      8.600000     0.000000   0.224700     0.0552       -99.999000           -1.057943e+02         -100.00
10.100000      8.650000     0.000000   0.223700     0.0552       -99.999000           -1.057943e+02         -100.00
10.100000      8.700000     0.000000   0.222600     0.0552       -99.999000           -1.057943e+02         -100.00
10.100000      8.750000     0.000000   0.221500     0.0552       -99.999000           -1.057943e+02         -100.00
10.100000      8.800000     0.000000   0.220300     0.0552       -99.999000           -1.057943e+02         -100.00
10.100000      8.850000     0.000000   0.219000     0.0552       -99.999000           -1.057943e+02         -100.00
10.100000      8.900000     0.000000   0.217600     0.0552       -99.999000           -9.688919e+01         -100.00
10.100000      8.950000     0.000000   0.216100     0.0552       -99.999000           -8.740479e+01         -100.00
10.100000      9.000000     0.000000   0.214500     0.0552       -99.999000           -7.892549e+01         -100.00
10.100000      9.050000     0.000000   0.212800     0.0552       -99.999000           -7.134189e+01         -100.00
10.100000      9.100000     0.000000   0.211100     0.0552       -99.999000           -6.455599e+01         -100.00
10.100000      9.150000     0.000000   0.209200     0.0552       -99.999000           -5.848079e+01         -100.00
10.100000      9.200000     0.000000   0.207200     0.0552       -99.999000           -5.303869e+01         -100.00
10.100000      9.250000     0.000000   0.205100     0.0552       -99.999000           -4.816029e+01         -100.00
10.100000      9.300000     0.000000   0.202900     0.0552       -99.999000           -4.378399e+01         -100.00
10.100000      9.350000     0.000000   0.200500     0.0552       -99.999000           -3.985459e+01         -100.00
10.100000      9.400000     0.000000   0.198000     0.0552       -99.999000           -3.632329e+01         -100.00
10.100000      9.450000     0.000000   0.195400     0.0552       -99.999000           -3.314629e+01         -100.00
10.100000      9.500000     0.000000   0.192700     0.0552       -99.999000           -3.028449e+01         -100.00
10.100000      9.550000     0.000000   0.189800     0.0552       -99.999000           -2.770339e+01         -100.00
10.100000      9.600000     0.000000   0.186800     0.0552       -99.999000           -2.537189e+01         -100.00
10.100000      9.650000     0.000000   0.183600     0.0552       -99.999000           -2.326229e+01         -100.00
10.120000      8.000000     0.000000   0.236200     0.0561       -99.999000           -1.057943e+02         -100.00
10.120000      8.050000     0.000000   0.235800     0.0561       -99.999000           -1.057943e+02         -100.00
10.120000      8.100000     0.000000   0.235300     0.0561       -99.999000           -1.057943e+02         -100.00
10.120000      8.150000     0.000000   0.234800     0.0561       -99.999000           -1.057943e+02         -100.00
10.120000      8.200000     0.000000   0.234300     0.0561       -99.999000           -1.057943e+02         -100.00
10.120000      8.250000     0.000000   0.233700     0.0561       -99.999000           -1.057943e+02         -100.00
10.120000      8.300000     0.000000   0.233100     0.0561       -99.999000           -1.057943e+02         -100.00
10.120000      8.350000     0.000000   0.232400     0.0561       -99.999000           -1.057943e+02         -100.00
10.120000      8.400000     0.000000   0.231700     0.0561       -99.999000           -1.057943e+02         -100.00
10.120000      8.450000     0.000000   0.231000     0.0561       -99.999000           -1.057943e+02         -100.00
10.120000      8.500000     0.000000   0.230100     0.0561       -99.999000           -1.057943e+02         -100.00
10.120000      8.550000     0.000000   0.229200     0.0561       -99.999000           -1.057943e+02         -100.00
10.120000      8.600000     0.000000   0.228300     0.0561       -99.999000           -1.057943e+02         -100.00
10.120000      8.650000     0.000000   0.227300     0.0561       -99.999000           -1.057943e+02         -100.00
10.120000      8.700000     0.000000   0.226200     0.0561       -99.999000           -1.057943e+02         -100.00
10.120000      8.750000     0.000000   0.225100     0.0561       -99.999000           -1.057943e+02         -100.00
10.120000      8.800000     0.000000   0.223800     0.0561       -99.999000           -1.057943e+02         -100.00
10.120000      8.850000     0.000000   0.222500     0.0561       -99.999000           -1.057943e+02         -100.00
10.120000      8.900000     0.000000   0.221100     0.0561       -99.999000           -9.803919e+01         -100.00
10.120000      8.950000     0.000000   0.219600     0.0561       -99.999000           -8.842989e+01         -100.00
10.120000      9.000000     0.000000   0.218100     0.0561       -99.999000           -7.983939e+01         -100.00
10.120000      9.050000     0.000000   0.216400     0.0561       -99.999000           -7.215659e+01         -100.00
10.120000      9.100000     0.000000   0.214600     0.0561       -99.999000           -6.528239e+01         -100.00
10.120000      9.150000     0.000000   0.212700     0.0561       -99.999000           -5.912839e+01         -100.00
10.120000      9.200000     0.000000   0.210700     0.0561       -99.999000           -5.361599e+01         -100.00
10.120000      9.250000     0.000000   0.208500     0.0561       -99.999000           -4.867509e+01         -100.00
10.120000      9.300000     0.000000   0.206300     0.0561       -99.999000           -4.424289e+01         -100.00
10.120000      9.350000     0.000000   0.203900     0.0561       -99.999000           -4.026389e+01         -100.00
10.120000      9.400000     0.000000   0.201400     0.0561       -99.999000           -3.668829e+01         -100.00
10.120000      9.450000     0.000000   0.198800     0.0561       -99.999000           -3.347169e+01         -100.00
10.120000      9.500000     0.000000   0.196000     0.0561       -99.999000           -3.057479e+01         -100.00
10.120000      9.550000     0.000000   0.193100     0.0561       -99.999000           -2.796229e+01         -100.00
10.120000      9.600000     0.000000   0.190100     0.0561       -99.999000           -2.560279e+01         -100.00
10.120000      9.650000     0.000000   0.186900     0.0561       -99.999000           -2.346839e+01         -100.00
10.140000      8.000000     0.000000   0.239900     0.0569       -99.999000           -1.057943e+02         -100.00
10.140000      8.050000     0.000000   0.239500     0.0569       -99.999000           -1.057943e+02         -100.00
10.140000      8.100000     0.000000   0.239000     0.0569       -99.999000           -1.057943e+02         -100.00
10.140000      8.150000     0.000000   0.238500     0.0569       -99.999000           -1.057943e+02         -100.00
10.140000      8.200000     0.000000   0.238000     0.0569       -99.999000           -1.057943e+02         -100.00
10.140000      8.250000     0.000000   0.237400     0.0569       -99.999000           -1.057943e+02         -100.00
10.140000      8.300000     0.000000   0.236800     0.0569       -99.999000           -1.057943e+02         -100.00
10.140000      8.350000     0.000000   0.236100     0.0569       -99.999000           -1.057943e+02         -100.00
10.140000      8.400000     0.000000   0.235400     0.0569       -99.999000           -1.057943e+02         -100.00
10.140000      8.450000     0.000000   0.234600     0.0569       -99.999000           -1.057943e+02         -100.00
10.140000      8.500000     0.000000   0.233800     0.0569       -99.999000           -1.057943e+02         -100.00
10.140000      8.550000     0.000000   0.232900     0.0569       -99.999000           -1.057943e+02         -100.00
10.140000      8.600000     0.000000   0.232000     0.0569       -99.999000           -1.057943e+02         -100.00
10.140000      8.650000     0.000000   0.231000     0.0569       -99.999000           -1.057943e+02         -100.00
10.140000      8.700000     0.000000   0.229900     0.0569       -99.999000           -1.057943e+02         -100.00
10.140000      8.750000     0.000000   0.228700     0.0569       -99.999000           -1.057943e+02         -100.00
10.140000      8.800000     0.000000   0.227500     0.0569       -99.999000           -1.057943e+02         -100.00
10.140000      8.850000     0.000000   0.226200     0.0569       -99.999000           -1.057943e+02         -100.00
10.140000      8.900000     0.000000   0.224700     0.0569       -99.999000           -9.920689e+01         -100.00
10.140000      8.950000     0.000000   0.223200     0.0569       -99.999000           -8.947089e+01         -100.00
10.140000      9.000000     0.000000   0.221600     0.0569       -99.999000           -8.076739e+01         -100.00
10.140000      9.050000     0.000000   0.219900     0.0569       -99.999000           -7.298389e+01         -100.00
10.140000      9.100000     0.000000   0.218100     0.0569       -99.999000           -6.601989e+01         -100.00
10.140000      9.150000     0.000000   0.216200     0.0569       -99.999000           -5.978599e+01         -100.00
10.140000      9.200000     0.000000   0.214200     0.0569       -99.999000           -5.420229e+01         -100.00
10.140000      9.250000     0.000000   0.212100     0.0569       -99.999000           -4.919779e+01         -100.00
10.140000      9.300000     0.000000   0.209800     0.0569       -99.999000           -4.470899e+01         -100.00
10.140000      9.350000     0.000000   0.207400     0.0569       -99.999000           -4.067949e+01         -100.00
10.140000      9.400000     0.000000   0.204900     0.0569       -99.999000           -3.705889e+01         -100.00
10.140000      9.450000     0.000000   0.202200     0.0569       -99.999000           -3.380219e+01         -100.00
10.140000      9.500000     0.000000   0.199400     0.0569       -99.999000           -3.086959e+01         -100.00
10.140000      9.550000     0.000000   0.196500     0.0569       -99.999000           -2.822519e+01         -100.00
10.140000      9.600000     0.000000   0.193400     0.0569       -99.999000           -2.583739e+01         -100.00
10.140000      9.650000     0.000000   0.190200     0.0569       -99.999000           -2.367759e+01         -100.00
10.160000      8.000000     0.000000   0.243700     0.0578       -99.999000           -1.057943e+02         -100.00
10.160000      8.050000     0.000000   0.243300     0.0578       -99.999000           -1.057943e+02         -100.00
10.160000      8.100000     0.000000   0.242800     0.0578       -99.999000           -1.057943e+02         -100.00
10.160000      8.150000     0.000000   0.242300     0.0578       -99.999000           -1.057943e+02         -100.00
10.160000      8.200000     0.000000   0.241800     0.0578       -99.999000           -1.057943e+02         -100.00
10.160000      8.250000     0.000000   0.241200     0.0578       -99.999000           -1.057943e+02         -100.00
10.160000      8.300000     0.000000   0.240500     0.0578       -99.999000           -1.057943e+02         -100.00
10.160000      8.350000     0.000000   0.239900     0.0578       -99.999000           -1.057943e+02         -100.00
10.160000      8.400000     0.000000   0.239100     0.0578       -99.999000           -1.057943e+02         -100.00
10.160000      8.450000     0.000000   0.238400     0.0578       -99.999000           -1.057943e+02         -100.00
10.160000      8.500000     0.000000   0.237500     0.0578       -99.999000           -1.057943e+02         -100.00
10.160000      8.550000     0.000000   0.236600     0.0578       -99.999000           -1.057943e+02         -100.00
10.160000      8.600000     0.000000   0.235700     0.0578       -99.999000           -1.057943e+02         -100.00
10.160000      8.650000     0.000000   0.234700     0.0578       -99.999000           -1.057943e+02         -100.00
10.160000      8.700000     0.000000   0.233600     0.0578       -99.999000           -1.057943e+02         -100.00
10.160000      8.750000     0.000000   0.232400     0.0578       -99.999000           -1.057943e+02         -100.00
10.160000      8.800000     0.000000   0.231200     0.0578       -99.999000           -1.057943e+02         -100.00
10.160000      8.850000     0.000000   0.229800     0.0578       -99.999000           -1.057943e+02         -100.00
10.160000      8.900000     0.000000   0.228400     0.0578       -99.999000           -1.003928e+02         -100.00
10.160000      8.950000     0.000000   0.226900     0.0578       -99.999000           -9.052799e+01         -100.00
10.160000      9.000000     0.000000   0.225300     0.0578       -99.999000           -8.170979e+01         -100.00
10.160000      9.050000     0.000000   0.223600     0.0578       -99.999000           -7.382409e+01         -100.00
10.160000      9.100000     0.000000   0.221800     0.0578       -99.999000           -6.676889e+01         -100.00
10.160000      9.150000     0.000000   0.219800     0.0578       -99.999000           -6.045379e+01         -100.00
10.160000      9.200000     0.000000   0.217800     0.0578       -99.999000           -5.479769e+01         -100.00
10.160000      9.250000     0.000000   0.215600     0.0578       -99.999000           -4.972859e+01         -100.00
10.160000      9.300000     0.000000   0.213400     0.0578       -99.999000           -4.518229e+01         -100.00
10.160000      9.350000     0.000000   0.210900     0.0578       -99.999000           -4.110149e+01         -100.00
10.160000      9.400000     0.000000   0.208400     0.0578       -99.999000           -3.743519e+01         -100.00
10.160000      9.450000     0.000000   0.205700     0.0578       -99.999000           -3.413779e+01         -100.00
10.160000      9.500000     0.000000   0.202900     0.0578       -99.999000           -3.116889e+01         -100.00
10.160000      9.550000     0.000000   0.200000     0.0578       -99.999000           -2.849219e+01         -100.00
10.160000      9.600000     0.000000   0.196900     0.0578       -99.999000           -2.607549e+01         -100.00
10.160000      9.650000     0.000000   0.193600     0.0578       -99.999000           -2.388999e+01         -100.00
10.180000      8.000000     0.000000   0.247500     0.0587       -99.999000           -1.057943e+02         -100.00
10.180000      8.050000     0.000000   0.247100     0.0587       -99.999000           -1.057943e+02         -100.00
10.180000      8.100000     0.000000   0.246600     0.0587       -99.999000           -1.057943e+02         -100.00
10.180000      8.150000     0.000000   0.246100     0.0587       -99.999000           -1.057943e+02         -100.00
10.180000      8.200000     0.000000   0.245600     0.0587       -99.999000           -1.057943e+02         -100.00
10.180000      8.250000     0.000000   0.245000     0.0587       -99.999000           -1.057943e+02         -100.00
10.180000      8.300000     0.000000   0.244400     0.0587       -99.999000           -1.057943e+02         -100.00
10.180000      8.350000     0.000000   0.243700     0.0587       -99.999000           -1.057943e+02         -100.00
10.180000      8.400000     0.000000   0.242900     0.0587       -99.999000           -1.057943e+02         -100.00
10.180000      8.450000     0.000000   0.242200     0.0587       -99.999000           -1.057943e+02         -100.00
10.180000      8.500000     0.000000   0.241300     0.0587       -99.999000           -1.057943e+02         -100.00
10.180000      8.550000     0.000000   0.240400     0.0587       -99.999000           -1.057943e+02         -100.00
10.180000      8.600000     0.000000   0.239500     0.0587       -99.999000           -1.057943e+02         -100.00
10.180000      8.650000     0.000000   0.238400     0.0587       -99.999000           -1.057943e+02         -100.00
10.180000      8.700000     0.000000   0.237300     0.0587       -99.999000           -1.057943e+02         -100.00
10.180000      8.750000     0.000000   0.236200     0.0587       -99.999000           -1.057943e+02         -100.00
10.180000      8.800000     0.000000   0.234900     0.0587       -99.999000           -1.057943e+02         -100.00
10.180000      8.850000     0.000000   0.233600     0.0587       -99.999000           -1.057943e+02         -100.00
10.180000      8.900000     0.000000   0.232100     0.0587       -99.999000           -1.015970e+02         -100.00
10.180000      8.950000     0.000000   0.230600     0.0587       -99.999000           -9.160149e+01         -100.00
10.180000      9.000000     0.000000   0.229000     0.0587       -99.999000           -8.266679e+01         -100.00
10.180000      9.050000     0.000000   0.227300     0.0587       -99.999000           -7.467719e+01         -100.00
10.180000      9.100000     0.000000   0.225500     0.0587       -99.999000           -6.752959e+01         -100.00
10.180000      9.150000     0.000000   0.223500     0.0587       -99.999000           -6.113189e+01         -100.00
10.180000      9.200000     0.000000   0.221500     0.0587       -99.999000           -5.540229e+01         -100.00
10.180000      9.250000     0.000000   0.219300     0.0587       -99.999000           -5.026769e+01         -100.00
10.180000      9.300000     0.000000   0.217000     0.0587       -99.999000           -4.566299e+01         -100.00
10.180000      9.350000     0.000000   0.214500     0.0587       -99.999000           -4.153009e+01         -100.00
10.180000      9.400000     0.000000   0.212000     0.0587       -99.999000           -3.781729e+01         -100.00
10.180000      9.450000     0.000000   0.209300     0.0587       -99.999000           -3.447859e+01         -100.00
10.180000      9.500000     0.000000   0.206400     0.0587       -99.999000           -3.147279e+01         -100.00
10.180000      9.550000     0.000000   0.203500     0.0587       -99.999000           -2.876319e+01         -100.00
10.180000      9.600000     0.000000   0.200300     0.0587       -99.999000           -2.631729e+01         -100.00
10.180000      9.650000     0.000000   0.197100     0.0587       -99.999000           -2.410579e+01         -100.00
10.200000      8.000000     0.000000   0.251400     0.0596       -99.999000           -1.057943e+02         -100.00
10.200000      8.050000     0.000000   0.251000     0.0596       -99.999000           -1.057943e+02         -100.00
10.200000      8.100000     0.000000   0.250500     0.0596       -99.999000           -1.057943e+02         -100.00
10.200000      8.150000     0.000000   0.250000     0.0596       -99.999000           -1.057943e+02         -100.00
10.200000      8.200000     0.000000   0.249400     0.0596       -99.999000           -1.057943e+02         -100.00
10.200000      8.250000     0.000000   0.248900     0.0596       -99.999000           -1.057943e+02         -100.00
10.200000      8.300000     0.000000   0.248200     0.0596       -99.999000           -1.057943e+02         -100.00
10.200000      8.350000     0.000000   0.247500     0.0596       -99.999000           -1.057943e+02         -100.00
10.200000      8.400000     0.000000   0.246800     0.0596       -99.999000           -1.057943e+02         -100.00
10.200000      8.450000     0.000000   0.246000     0.0596       -99.999000           -1.057943e+02         -100.00
10.200000      8.500000     0.000000   0.245200     0.0596       -99.999000           -1.057943e+02         -100.00
10.200000      8.550000     0.000000   0.244300     0.0596       -99.999000           -1.057943e+02         -100.00
10.200000      8.600000     0.000000   0.243300     0.0596       -99.999000           -1.057943e+02         -100.00
10.200000      8.650000     0.000000   0.242300     0.0596       -99.999000           -1.057943e+02         -100.00
10.200000      8.700000     0.000000   0.241200     0.0596       -99.999000           -1.057943e+02         -100.00
10.200000      8.750000     0.000000   0.240000     0.0596       -99.999000           -1.057943e+02         -100.00
10.200000      8.800000     0.000000   0.238700     0.0596       -99.999000           -1.057943e+02         -100.00
10.200000      8.850000     0.000000   0.237400     0.0596       -99.999000           -1.057943e+02         -100.00
10.200000      8.900000     0.000000   0.235900     0.0596       -99.999000           -1.028198e+02         -100.00
10.200000      8.950000     0.000000   0.234400     0.0596       -99.999000           -9.269169e+01         -100.00
10.200000      9.000000     0.000000   0.232800     0.0596       -99.999000           -8.363869e+01         -100.00
10.200000      9.050000     0.000000   0.231000     0.0596       -99.999000           -7.554359e+01         -100.00
10.200000      9.100000     0.000000   0.229200     0.0596       -99.999000           -6.830189e+01         -100.00
10.200000      9.150000     0.000000   0.227200     0.0596       -99.999000           -6.182049e+01         -100.00
10.200000      9.200000     0.000000   0.225200     0.0596       -99.999000           -5.601619e+01         -100.00
10.200000      9.250000     0.000000   0.223000     0.0596       -99.999000           -5.081499e+01         -100.00
10.200000      9.300000     0.000000   0.220700     0.0596       -99.999000           -4.615099e+01         -100.00
10.200000      9.350000     0.000000   0.218200     0.0596       -99.999000           -4.196529e+01         -100.00
10.200000      9.400000     0.000000   0.215600     0.0596       -99.999000           -3.820539e+01         -100.00
10.200000      9.450000     0.000000   0.212900     0.0596       -99.999000           -3.482469e+01         -100.00
10.200000      9.500000     0.000000   0.210000     0.0596       -99.999000           -3.178139e+01         -100.00
10.200000      9.550000     0.000000   0.207000     0.0596       -99.999000           -2.903849e+01         -100.00
10.200000      9.600000     0.000000   0.203900     0.0596       -99.999000           -2.656279e+01         -100.00
10.200000      9.650000     0.000000   0.200600     0.0596       -99.999000           -2.432479e+01         -100.00
10.220000      8.000000     0.000000   0.255400     0.0605       -99.999000           -1.057943e+02         -100.00
10.220000      8.050000     0.000000   0.254900     0.0605       -99.999000           -1.057943e+02         -100.00
10.220000      8.100000     0.000000   0.254400     0.0605       -99.999000           -1.057943e+02         -100.00
10.220000      8.150000     0.000000   0.253900     0.0605       -99.999000           -1.057943e+02         -100.00
10.220000      8.200000     0.000000   0.253400     0.0605       -99.999000           -1.057943e+02         -100.00
10.220000      8.250000     0.000000   0.252800     0.0605       -99.999000           -1.057943e+02         -100.00
10.220000      8.300000     0.000000   0.252100     0.0605       -99.999000           -1.057943e+02         -100.00
10.220000      8.350000     0.000000   0.251500     0.0605       -99.999000           -1.057943e+02         -100.00
10.220000      8.400000     0.000000   0.250700     0.0605       -99.999000           -1.057943e+02         -100.00
10.220000      8.450000     0.000000   0.249900     0.0605       -99.999000           -1.057943e+02         -100.00
10.220000      8.500000     0.000000   0.249100     0.0605       -99.999000           -1.057943e+02         -100.00
10.220000      8.550000     0.000000   0.248200     0.0605       -99.999000           -1.057943e+02         -100.00
10.220000      8.600000     0.000000   0.247200     0.0605       -99.999000           -1.057943e+02         -100.00
10.220000      8.650000     0.000000   0.246200     0.0605       -99.999000           -1.057943e+02         -100.00
10.220000      8.700000     0.000000   0.245100     0.0605       -99.999000           -1.057943e+02         -100.00
10.220000      8.750000     0.000000   0.243900     0.0605       -99.999000           -1.057943e+02         -100.00
10.220000      8.800000     0.000000   0.242600     0.0605       -99.999000           -1.057943e+02         -100.00
10.220000      8.850000     0.000000   0.241200     0.0605       -99.999000           -1.057943e+02         -100.00
10.220000      8.900000     0.000000   0.239800     0.0605       -99.999000           -1.040616e+02         -100.00
10.220000      8.950000     0.000000   0.238200     0.0605       -99.999000           -9.379869e+01         -100.00
10.220000      9.000000     0.000000   0.236600     0.0605       -99.999000           -8.462549e+01         -100.00
10.220000      9.050000     0.000000   0.234900     0.0605       -99.999000           -7.642339e+01         -100.00
10.220000      9.100000     0.000000   0.233000     0.0605       -99.999000           -6.908629e+01         -100.00
10.220000      9.150000     0.000000   0.231000     0.0605       -99.999000           -6.251979e+01         -100.00
10.220000      9.200000     0.000000   0.228900     0.0605       -99.999000           -5.663959e+01         -100.00
10.220000      9.250000     0.000000   0.226700     0.0605       -99.999000           -5.137089e+01         -100.00
10.220000      9.300000     0.000000   0.224400     0.0605       -99.999000           -4.664659e+01         -100.00
10.220000      9.350000     0.000000   0.221900     0.0605       -99.999000           -4.240719e+01         -100.00
10.220000      9.400000     0.000000   0.219300     0.0605       -99.999000           -3.859939e+01         -100.00
10.220000      9.450000     0.000000   0.216600     0.0605       -99.999000           -3.517599e+01         -100.00
10.220000      9.500000     0.000000   0.213700     0.0605       -99.999000           -3.209479e+01         -100.00
10.220000      9.550000     0.000000   0.210600     0.0605       -99.999000           -2.931799e+01         -100.00
10.220000      9.600000     0.000000   0.207400     0.0605       -99.999000           -2.681209e+01         -100.00
10.220000      9.650000     0.000000   0.204100     0.0605       -99.999000           -2.454719e+01         -100.00
10.240000      8.000000     0.000000   0.259400     0.0615       -99.999000           -1.057943e+02         -100.00
10.240000      8.050000     0.000000   0.258900     0.0615       -99.999000           -1.057943e+02         -100.00
10.240000      8.100000     0.000000   0.258400     0.0615       -99.999000           -1.057943e+02         -100.00
10.240000      8.150000     0.000000   0.257900     0.0615       -99.999000           -1.057943e+02         -100.00
10.240000      8.200000     0.000000   0.257400     0.0615       -99.999000           -1.057943e+02         -100.00
10.240000      8.250000     0.000000   0.256800     0.0615       -99.999000           -1.057943e+02         -100.00
10.240000      8.300000     0.000000   0.256100     0.0615       -99.999000           -1.057943e+02         -100.00
10.240000      8.350000     0.000000   0.255400     0.0615       -99.999000           -1.057943e+02         -100.00
10.240000      8.400000     0.000000   0.254700     0.0615       -99.999000           -1.057943e+02         -100.00
10.240000      8.450000     0.000000   0.253900     0.0615       -99.999000           -1.057943e+02         -100.00
10.240000      8.500000     0.000000   0.253100     0.0615       -99.999000           -1.057943e+02         -100.00
10.240000      8.550000     0.000000   0.252100     0.0615       -99.999000           -1.057943e+02         -100.00
10.240000      8.600000     0.000000   0.251200     0.0615       -99.999000           -1.057943e+02         -100.00
10.240000      8.650000     0.000000   0.250100     0.0615       -99.999000           -1.057943e+02         -100.00
10.240000      8.700000     0.000000   0.249000     0.0615       -99.999000           -1.057943e+02         -100.00
10.240000      8.750000     0.000000   0.247800     0.0615       -99.999000           -1.057943e+02         -100.00
10.240000      8.800000     0.000000   0.246500     0.0615       -99.999000           -1.057943e+02         -100.00
10.240000      8.850000     0.000000   0.245200     0.0615       -99.999000           -1.057943e+02         -100.00
10.240000      8.900000     0.000000   0.243700     0.0615       -99.999000           -1.053224e+02         -100.00
10.240000      8.950000     0.000000   0.242100     0.0615       -99.999000           -9.492279e+01         -100.00
10.240000      9.000000     0.000000   0.240500     0.0615       -99.999000           -8.562769e+01         -100.00
10.240000      9.050000     0.000000   0.238700     0.0615       -99.999000           -7.731679e+01         -100.00
10.240000      9.100000     0.000000   0.236900     0.0615       -99.999000           -6.988279e+01         -100.00
10.240000      9.150000     0.000000   0.234900     0.0615       -99.999000           -6.322979e+01         -100.00
10.240000      9.200000     0.000000   0.232800     0.0615       -99.999000           -5.727269e+01         -100.00
10.240000      9.250000     0.000000   0.230500     0.0615       -99.999000           -5.193529e+01         -100.00
10.240000      9.300000     0.000000   0.228200     0.0615       -99.999000           -4.714989e+01         -100.00
10.240000      9.350000     0.000000   0.225700     0.0615       -99.999000           -4.285589e+01         -100.00
10.240000      9.400000     0.000000   0.223100     0.0615       -99.999000           -3.899959e+01         -100.00
10.240000      9.450000     0.000000   0.220300     0.0615       -99.999000           -3.553289e+01         -100.00
10.240000      9.500000     0.000000   0.217400     0.0615       -99.999000           -3.241299e+01         -100.00
10.240000      9.550000     0.000000   0.214300     0.0615       -99.999000           -2.960179e+01         -100.00
10.240000      9.600000     0.000000   0.211100     0.0615       -99.999000           -2.706519e+01         -100.00
10.240000      9.650000     0.000000   0.207700     0.0615       -99.999000           -2.477299e+01         -100.00
10.260000      8.000000     0.000000   0.263400     0.0624       -99.999000           -1.057943e+02         -100.00
10.260000      8.050000     0.000000   0.263000     0.0624       -99.999000           -1.057943e+02         -100.00
10.260000      8.100000     0.000000   0.262500     0.0624       -99.999000           -1.057943e+02         -100.00
10.260000      8.150000     0.000000   0.262000     0.0624       -99.999000           -1.057943e+02         -100.00
10.260000      8.200000     0.000000   0.261400     0.0624       -99.999000           -1.057943e+02         -100.00
10.260000      8.250000     0.000000   0.260800     0.0624       -99.999000           -1.057943e+02         -100.00
10.260000      8.300000     0.000000   0.260200     0.0624       -99.999000           -1.057943e+02         -100.00
10.260000      8.350000     0.000000   0.259500     0.0624       -99.999000           -1.057943e+02         -100.00
10.260000      8.400000     0.000000   0.258700     0.0624       -99.999000           -1.057943e+02         -100.00
10.260000      8.450000     0.000000   0.258000     0.0624       -99.999000           -1.057943e+02         -100.00
10.260000      8.500000     0.000000   0.257100     0.0624       -99.999000           -1.057943e+02         -100.00
10.260000      8.550000     0.000000   0.256200     0.0624       -99.999000           -1.057943e+02         -100.00
10.260000      8.600000     0.000000   0.255200     0.0624       -99.999000           -1.057943e+02         -100.00
10.260000      8.650000     0.000000   0.254100     0.0624       -99.999000           -1.057943e+02         -100.00
10.260000      8.700000     0.000000   0.253000     0.0624       -99.999000           -1.057943e+02         -100.00
10.260000      8.750000     0.000000   0.251800     0.0624       -99.999000           -1.057943e+02         -100.00
10.260000      8.800000     0.000000   0.250500     0.0624       -99.999000           -1.057943e+02         -100.00
10.260000      8.850000     0.000000   0.249100     0.0624       -99.999000           -1.057943e+02         -100.00
10.260000      8.900000     0.000000   0.247700     0.0624       -99.999000           -1.057943e+02         -100.00
10.260000      8.950000     0.000000   0.246100     0.0624       -99.999000           -9.606439e+01         -100.00
10.260000      9.000000     0.000000   0.244400     0.0624       -99.999000           -8.664529e+01         -100.00
10.260000      9.050000     0.000000   0.242700     0.0624       -99.999000           -7.822399e+01         -100.00
10.260000      9.100000     0.000000   0.240800     0.0624       -99.999000           -7.069159e+01         -100.00
10.260000      9.150000     0.000000   0.238800     0.0624       -99.999000           -6.395089e+01         -100.00
10.260000      9.200000     0.000000   0.236700     0.0624       -99.999000           -5.791559e+01         -100.00
10.260000      9.250000     0.000000   0.234400     0.0624       -99.999000           -5.250849e+01         -100.00
10.260000      9.300000     0.000000   0.232000     0.0624       -99.999000           -4.766089e+01         -100.00
10.260000      9.350000     0.000000   0.229500     0.0624       -99.999000           -4.331159e+01         -100.00
10.260000      9.400000     0.000000   0.226900     0.0624       -99.999000           -3.940589e+01         -100.00
10.260000      9.450000     0.000000   0.224100     0.0624       -99.999000           -3.589519e+01         -100.00
10.260000      9.500000     0.000000   0.221100     0.0624       -99.999000           -3.273609e+01         -100.00
10.260000      9.550000     0.000000   0.218000     0.0624       -99.999000           -2.988989e+01         -100.00
10.260000      9.600000     0.000000   0.214800     0.0624       -99.999000           -2.732229e+01         -100.00
10.260000      9.650000     0.000000   0.211400     0.0624       -99.999000           -2.500229e+01         -100.00
10.280000      8.000000     0.000000   0.267600     0.0634       -99.999000           -1.057943e+02         -100.00
10.280000      8.050000     0.000000   0.267100     0.0634       -99.999000           -1.057943e+02         -100.00
10.280000      8.100000     0.000000   0.266600     0.0634       -99.999000           -1.057943e+02         -100.00
10.280000      8.150000     0.000000   0.266100     0.0634       -99.999000           -1.057943e+02         -100.00
10.280000      8.200000     0.000000   0.265600     0.0634       -99.999000           -1.057943e+02         -100.00
10.280000      8.250000     0.000000   0.265000     0.0634       -99.999000           -1.057943e+02         -100.00
10.280000      8.300000     0.000000   0.264300     0.0634       -99.999000           -1.057943e+02         -100.00
10.280000      8.350000     0.000000   0.263600     0.0634       -99.999000           -1.057943e+02         -100.00
10.280000      8.400000     0.000000   0.262900     0.0634       -99.999000           -1.057943e+02         -100.00
10.280000      8.450000     0.000000   0.262100     0.0634       -99.999000           -1.057943e+02         -100.00
10.280000      8.500000     0.000000   0.261200     0.0634       -99.999000           -1.057943e+02         -100.00
10.280000      8.550000     0.000000   0.260300     0.0634       -99.999000           -1.057943e+02         -100.00
10.280000      8.600000     0.000000   0.259300     0.0634       -99.999000           -1.057943e+02         -100.00
10.280000      8.650000     0.000000   0.258200     0.0634       -99.999000           -1.057943e+02         -100.00
10.280000      8.700000     0.000000   0.257100     0.0634       -99.999000           -1.057943e+02         -100.00
10.280000      8.750000     0.000000   0.255900     0.0634       -99.999000           -1.057943e+02         -100.00
10.280000      8.800000     0.000000   0.254600     0.0634       -99.999000           -1.057943e+02         -100.00
10.280000      8.850000     0.000000   0.253200     0.0634       -99.999000           -1.057943e+02         -100.00
10.280000      8.900000     0.000000   0.251700     0.0634       -99.999000           -1.057943e+02         -100.00
10.280000      8.950000     0.000000   0.250100     0.0634       -99.999000           -9.722359e+01         -100.00
10.280000      9.000000     0.000000   0.248500     0.0634       -99.999000           -8.767879e+01         -100.00
10.280000      9.050000     0.000000   0.246700     0.0634       -99.999000           -7.914529e+01         -100.00
10.280000      9.100000     0.000000   0.244800     0.0634       -99.999000           -7.151289e+01         -100.00
10.280000      9.150000     0.000000   0.242800     0.0634       -99.999000           -6.468319e+01         -100.00
10.280000      9.200000     0.000000   0.240600     0.0634       -99.999000           -5.856839e+01         -100.00
10.280000      9.250000     0.000000   0.238400     0.0634       -99.999000           -5.309059e+01         -100.00
10.280000      9.300000     0.000000   0.236000     0.0634       -99.999000           -4.817989e+01         -100.00
10.280000      9.350000     0.000000   0.233400     0.0634       -99.999000           -4.377429e+01         -100.00
10.280000      9.400000     0.000000   0.230800     0.0634       -99.999000           -3.981849e+01         -100.00
10.280000      9.450000     0.000000   0.227900     0.0634       -99.999000           -3.626309e+01         -100.00
10.280000      9.500000     0.000000   0.225000     0.0634       -99.999000           -3.306419e+01         -100.00
10.280000      9.550000     0.000000   0.221800     0.0634       -99.999000           -3.018259e+01         -100.00
10.280000      9.600000     0.000000   0.218600     0.0634       -99.999000           -2.758329e+01         -100.00
10.280000      9.650000     0.000000   0.215100     0.0634       -99.999000           -2.523509e+01         -100.00
10.300000      8.000000     0.000000   0.271800     0.0643       -99.999000           -1.057943e+02         -100.00
10.300000      8.050000     0.000000   0.271300     0.0643       -99.999000           -1.057943e+02         -100.00
10.300000      8.100000     0.000000   0.270800     0.0643       -99.999000           -1.057943e+02         -100.00
10.300000      8.150000     0.000000   0.270300     0.0643       -99.999000           -1.057943e+02         -100.00
10.300000      8.200000     0.000000   0.269700     0.0643       -99.999000           -1.057943e+02         -100.00
10.300000      8.250000     0.000000   0.269100     0.0643       -99.999000           -1.057943e+02         -100.00
10.300000      8.300000     0.000000   0.268500     0.0643       -99.999000           -1.057943e+02         -100.00
10.300000      8.350000     0.000000   0.267800     0.0643       -99.999000           -1.057943e+02         -100.00
10.300000      8.400000     0.000000   0.267000     0.0643       -99.999000           -1.057943e+02         -100.00
10.300000      8.450000     0.000000   0.266200     0.0643       -99.999000           -1.057943e+02         -100.00
10.300000      8.500000     0.000000   0.265300     0.0643       -99.999000           -1.057943e+02         -100.00
10.300000      8.550000     0.000000   0.264400     0.0643       -99.999000           -1.057943e+02         -100.00
10.300000      8.600000     0.000000   0.263400     0.0643       -99.999000           -1.057943e+02         -100.00
10.300000      8.650000     0.000000   0.262400     0.0643       -99.999000           -1.057943e+02         -100.00
10.300000      8.700000     0.000000   0.261200     0.0643       -99.999000           -1.057943e+02         -100.00
10.300000      8.750000     0.000000   0.260000     0.0643       -99.999000           -1.057943e+02         -100.00
10.300000      8.800000     0.000000   0.258700     0.0643       -99.999000           -1.057943e+02         -100.00
10.300000      8.850000     0.000000   0.257300     0.0643       -99.999000           -1.057943e+02         -100.00
10.300000      8.900000     0.000000   0.255800     0.0643       -99.999000           -1.057943e+02         -100.00
10.300000      8.950000     0.000000   0.254200     0.0643       -99.999000           -9.840079e+01         -100.00
10.300000      9.000000     0.000000   0.252500     0.0643       -99.999000           -8.872819e+01         -100.00
10.300000      9.050000     0.000000   0.250700     0.0643       -99.999000           -8.008089e+01         -100.00
10.300000      9.100000     0.000000   0.248800     0.0643       -99.999000           -7.234689e+01         -100.00
10.300000      9.150000     0.000000   0.246800     0.0643       -99.999000           -6.542669e+01         -100.00
10.300000      9.200000     0.000000   0.244600     0.0643       -99.999000           -5.923139e+01         -100.00
10.300000      9.250000     0.000000   0.242400     0.0643       -99.999000           -5.368159e+01         -100.00
10.300000      9.300000     0.000000   0.239900     0.0643       -99.999000           -4.870689e+01         -100.00
10.300000      9.350000     0.000000   0.237400     0.0643       -99.999000           -4.424419e+01         -100.00
10.300000      9.400000     0.000000   0.234700     0.0643       -99.999000           -4.023749e+01         -100.00
10.300000      9.450000     0.000000   0.231900     0.0643       -99.999000           -3.663679e+01         -100.00
10.300000      9.500000     0.000000   0.228900     0.0643       -99.999000           -3.339739e+01         -100.00
10.300000      9.550000     0.000000   0.225700     0.0643       -99.999000           -3.047969e+01         -100.00
10.300000      9.600000     0.000000   0.222400     0.0643       -99.999000           -2.784829e+01         -100.00
10.300000      9.650000     0.000000   0.218900     0.0643       -99.999000           -2.547149e+01         -100.00
10.320000      8.000000     0.000000   0.276000     0.0653       -99.999000           -1.057943e+02         -100.00
10.320000      8.050000     0.000000   0.275600     0.0653       -99.999000           -1.057943e+02         -100.00
10.320000      8.100000     0.000000   0.275100     0.0653       -99.999000           -1.057943e+02         -100.00
10.320000      8.150000     0.000000   0.274600     0.0653       -99.999000           -1.057943e+02         -100.00
10.320000      8.200000     0.000000   0.274000     0.0653       -99.999000           -1.057943e+02         -100.00
10.320000      8.250000     0.000000   0.273400     0.0653       -99.999000           -1.057943e+02         -100.00
10.320000      8.300000     0.000000   0.272700     0.0653       -99.999000           -1.057943e+02         -100.00
10.320000      8.350000     0.000000   0.272000     0.0653       -99.999000           -1.057943e+02         -100.00
10.320000      8.400000     0.000000   0.271300     0.0653       -99.999000           -1.057943e+02         -100.00
10.320000      8.450000     0.000000   0.270400     0.0653       -99.999000           -1.057943e+02         -100.00
10.320000      8.500000     0.000000   0.269600     0.0653       -99.999000           -1.057943e+02         -100.00
10.320000      8.550000     0.000000   0.268600     0.0653       -99.999000           -1.057943e+02         -100.00
10.320000      8.600000     0.000000   0.267600     0.0653       -99.999000           -1.057943e+02         -100.00
10.320000      8.650000     0.000000   0.266600     0.0653       -99.999000           -1.057943e+02         -100.00
10.320000      8.700000     0.000000   0.265400     0.0653       -99.999000           -1.057943e+02         -100.00
10.320000      8.750000     0.000000   0.264200     0.0653       -99.999000           -1.057943e+02         -100.00
10.320000      8.800000     0.000000   0.262900     0.0653       -99.999000           -1.057943e+02         -100.00
10.320000      8.850000     0.000000   0.261500     0.0653       -99.999000           -1.057943e+02         -100.00
10.320000      8.900000     0.000000   0.260000     0.0653       -99.999000           -1.057943e+02         -100.00
10.320000      8.950000     0.000000   0.258400     0.0653       -99.999000           -9.959619e+01         -100.00
10.320000      9.000000     0.000000   0.256700     0.0653       -99.999000           -8.979389e+01         -100.00
10.320000      9.050000     0.000000   0.254900     0.0653       -99.999000           -8.103089e+01         -100.00
10.320000      9.100000     0.000000   0.252900     0.0653       -99.999000           -7.319389e+01         -100.00
10.320000      9.150000     0.000000   0.250900     0.0653       -99.999000           -6.618179e+01         -100.00
10.320000      9.200000     0.000000   0.248700     0.0653       -99.999000           -5.990459e+01         -100.00
10.320000      9.250000     0.000000   0.246400     0.0653       -99.999000           -5.428179e+01         -100.00
10.320000      9.300000     0.000000   0.244000     0.0653       -99.999000           -4.924199e+01         -100.00
10.320000      9.350000     0.000000   0.241400     0.0653       -99.999000           -4.472139e+01         -100.00
10.320000      9.400000     0.000000   0.238700     0.0653       -99.999000           -4.066299e+01         -100.00
10.320000      9.450000     0.000000   0.235800     0.0653       -99.999000           -3.701609e+01         -100.00
10.320000      9.500000     0.000000   0.232800     0.0653       -99.999000           -3.373569e+01         -100.00
10.320000      9.550000     0.000000   0.229600     0.0653       -99.999000           -3.078139e+01         -100.00
10.320000      9.600000     0.000000   0.226300     0.0653       -99.999000           -2.811739e+01         -100.00
10.320000      9.650000     0.000000   0.222800     0.0653       -99.999000           -2.571149e+01         -100.00
10.340000      8.000000     0.000000   0.280400     0.0663       -99.999000           -1.057943e+02         -100.00
10.340000      8.050000     0.000000   0.279900     0.0663       -99.999000           -1.057943e+02         -100.00
10.340000      8.100000     0.000000   0.279400     0.0663       -99.999000           -1.057943e+02         -100.00
10.340000      8.150000     0.000000   0.278900     0.0663       -99.999000           -1.057943e+02         -100.00
10.340000      8.200000     0.000000   0.278300     0.0663       -99.999000           -1.057943e+02         -100.00
10.340000      8.250000     0.000000   0.277700     0.0663       -99.999000           -1.057943e+02         -100.00
10.340000      8.300000     0.000000   0.277000     0.0663       -99.999000           -1.057943e+02         -100.00
10.340000      8.350000     0.000000   0.276300     0.0663       -99.999000           -1.057943e+02         -100.00
10.340000      8.400000     0.000000   0.275600     0.0663       -99.999000           -1.057943e+02         -100.00
10.340000      8.450000     0.000000   0.274700     0.0663       -99.999000           -1.057943e+02         -100.00
10.340000      8.500000     0.000000   0.273900     0.0663       -99.999000           -1.057943e+02         -100.00
10.340000      8.550000     0.000000   0.272900     0.0663       -99.999000           -1.057943e+02         -100.00
10.340000      8.600000     0.000000   0.271900     0.0663       -99.999000           -1.057943e+02         -100.00
10.340000      8.650000     0.000000   0.270800     0.0663       -99.999000           -1.057943e+02         -100.00
10.340000      8.700000     0.000000   0.269700     0.0663       -99.999000           -1.057943e+02         -100.00
10.340000      8.750000     0.000000   0.268400     0.0663       -99.999000           -1.057943e+02         -100.00
10.340000      8.800000     0.000000   0.267100     0.0663       -99.999000           -1.057943e+02         -100.00
10.340000      8.850000     0.000000   0.265700     0.0663       -99.999000           -1.057943e+02         -100.00
10.340000      8.900000     0.000000   0.264200     0.0663       -99.999000           -1.057943e+02         -100.00
10.340000      8.950000     0.000000   0.262600     0.0663       -99.999000           -1.008102e+02         -100.00
10.340000      9.000000     0.000000   0.260900     0.0663       -99.999000           -9.087609e+01         -100.00
10.340000      9.050000     0.000000   0.259100     0.0663       -99.999000           -8.199559e+01         -100.00
10.340000      9.100000     0.000000   0.257100     0.0663       -99.999000           -7.405399e+01         -100.00
10.340000      9.150000     0.000000   0.255100     0.0663       -99.999000           -6.694859e+01         -100.00
10.340000      9.200000     0.000000   0.252900     0.0663       -99.999000           -6.058819e+01         -100.00
10.340000      9.250000     0.000000   0.250600     0.0663       -99.999000           -5.489129e+01         -100.00
10.340000      9.300000     0.000000   0.248100     0.0663       -99.999000           -4.978549e+01         -100.00
10.340000      9.350000     0.000000   0.245500     0.0663       -99.999000           -4.520589e+01         -100.00
10.340000      9.400000     0.000000   0.242800     0.0663       -99.999000           -4.109499e+01         -100.00
10.340000      9.450000     0.000000   0.239900     0.0663       -99.999000           -3.740139e+01         -100.00
10.340000      9.500000     0.000000   0.236800     0.0663       -99.999000           -3.407929e+01         -100.00
10.340000      9.550000     0.000000   0.233600     0.0663       -99.999000           -3.108779e+01         -100.00
10.340000      9.600000     0.000000   0.230300     0.0663       -99.999000           -2.839069e+01         -100.00
10.340000      9.650000     0.000000   0.226700     0.0663       -99.999000           -2.595529e+01         -100.00
10.360000      8.000000     0.000000   0.284800     0.0674       -99.999000           -1.057943e+02         -100.00
10.360000      8.050000     0.000000   0.284300     0.0674       -99.999000           -1.057943e+02         -100.00
10.360000      8.100000     0.000000   0.283800     0.0674       -99.999000           -1.057943e+02         -100.00
10.360000      8.150000     0.000000   0.283300     0.0674       -99.999000           -1.057943e+02         -100.00
10.360000      8.200000     0.000000   0.282700     0.0674       -99.999000           -1.057943e+02         -100.00
10.360000      8.250000     0.000000   0.282100     0.0674       -99.999000           -1.057943e+02         -100.00
10.360000      8.300000     0.000000   0.281400     0.0674       -99.999000           -1.057943e+02         -100.00
10.360000      8.350000     0.000000   0.280700     0.0674       -99.999000           -1.057943e+02         -100.00
10.360000      8.400000     0.000000   0.279900     0.0674       -99.999000           -1.057943e+02         -100.00
10.360000      8.450000     0.000000   0.279100     0.0674       -99.999000           -1.057943e+02         -100.00
10.360000      8.500000     0.000000   0.278200     0.0674       -99.999000           -1.057943e+02         -100.00
10.360000      8.550000     0.000000   0.277300     0.0674       -99.999000           -1.057943e+02         -100.00
10.360000      8.600000     0.000000   0.276300     0.0674       -99.999000           -1.057943e+02         -100.00
10.360000      8.650000     0.000000   0.275200     0.0674       -99.999000           -1.057943e+02         -100.00
10.360000      8.700000     0.000000   0.274000     0.0674       -99.999000           -1.057943e+02         -100.00
10.360000      8.750000     0.000000   0.272800     0.0674       -99.999000           -1.057943e+02         -100.00
10.360000      8.800000     0.000000   0.271400     0.0674       -99.999000           -1.057943e+02         -100.00
10.360000      8.850000     0.000000   0.270000     0.0674       -99.999000           -1.057943e+02         -100.00
10.360000      8.900000     0.000000   0.268500     0.0674       -99.999000           -1.057943e+02         -100.00
10.360000      8.950000     0.000000   0.266900     0.0674       -99.999000           -1.020429e+02         -100.00
10.360000      9.000000     0.000000   0.265100     0.0674       -99.999000           -9.197499e+01         -100.00
10.360000      9.050000     0.000000   0.263300     0.0674       -99.999000           -8.297529e+01         -100.00
10.360000      9.100000     0.000000   0.261400     0.0674       -99.999000           -7.492739e+01         -100.00
10.360000      9.150000     0.000000   0.259300     0.0674       -99.999000           -6.772729e+01         -100.00
10.360000      9.200000     0.000000   0.257100     0.0674       -99.999000           -6.128239e+01         -100.00
10.360000      9.250000     0.000000   0.254800     0.0674       -99.999000           -5.551029e+01         -100.00
10.360000      9.300000     0.000000   0.252300     0.0674       -99.999000           -5.033729e+01         -100.00
10.360000      9.350000     0.000000   0.249700     0.0674       -99.999000           -4.569789e+01         -100.00
10.360000      9.400000     0.000000   0.246900     0.0674       -99.999000           -4.153369e+01         -100.00
10.360000      9.450000     0.000000   0.244000     0.0674       -99.999000           -3.779259e+01         -100.00
10.360000      9.500000     0.000000   0.240900     0.0674       -99.999000           -3.442809e+01         -100.00
10.360000      9.550000     0.000000   0.237700     0.0674       -99.999000           -3.139889e+01         -100.00
10.360000      9.600000     0.000000   0.234300     0.0674       -99.999000           -2.866809e+01         -100.00
10.360000      9.650000     0.000000   0.230700     0.0674       -99.999000           -2.620279e+01         -100.00
10.380000      8.000000     0.000000   0.289200     0.0684       -99.999000           -1.057943e+02         -100.00
10.380000      8.050000     0.000000   0.288800     0.0684       -99.999000           -1.057943e+02         -100.00
10.380000      8.100000     0.000000   0.288300     0.0684       -99.999000           -1.057943e+02         -100.00
10.380000      8.150000     0.000000   0.287700     0.0684       -99.999000           -1.057943e+02         -100.00
10.380000      8.200000     0.000000   0.287200     0.0684       -99.999000           -1.057943e+02         -100.00
10.380000      8.250000     0.000000   0.286500     0.0684       -99.999000           -1.057943e+02         -100.00
10.380000      8.300000     0.000000   0.285900     0.0684       -99.999000           -1.057943e+02         -100.00
10.380000      8.350000     0.000000   0.285100     0.0684       -99.999000           -1.057943e+02         -100.00
10.380000      8.400000     0.000000   0.284400     0.0684       -99.999000           -1.057943e+02         -100.00
10.380000      8.450000     0.000000   0.283500     0.0684       -99.999000           -1.057943e+02         -100.00
10.380000      8.500000     0.000000   0.282700     0.0684       -99.999000           -1.057943e+02         -100.00
10.380000      8.550000     0.000000   0.281700     0.0684       -99.999000           -1.057943e+02         -100.00
10.380000      8.600000     0.000000   0.280700     0.0684       -99.999000           -1.057943e+02         -100.00
10.380000      8.650000     0.000000   0.279600     0.0684       -99.999000           -1.057943e+02         -100.00
10.380000      8.700000     0.000000   0.278400     0.0684       -99.999000           -1.057943e+02         -100.00
10.380000      8.750000     0.000000   0.277200     0.0684       -99.999000           -1.057943e+02         -100.00
10.380000      8.800000     0.000000   0.275800     0.0684       -99.999000           -1.057943e+02         -100.00
10.380000      8.850000     0.000000   0.274400     0.0684       -99.999000           -1.057943e+02         -100.00
10.380000      8.900000     0.000000   0.272900     0.0684       -99.999000           -1.057943e+02         -100.00
10.380000      8.950000     0.000000   0.271200     0.0684       -99.999000           -1.032947e+02         -100.00
10.380000      9.000000     0.000000   0.269500     0.0684       -99.999000           -9.309089e+01         -100.00
10.380000      9.050000     0.000000   0.267600     0.0684       -99.999000           -8.397019e+01         -100.00
10.380000      9.100000     0.000000   0.265700     0.0684       -99.999000           -7.581429e+01         -100.00
10.380000      9.150000     0.000000   0.263600     0.0684       -99.999000           -6.851789e+01         -100.00
10.380000      9.200000     0.000000   0.261400     0.0684       -99.999000           -6.198729e+01         -100.00
10.380000      9.250000     0.000000   0.259000     0.0684       -99.999000           -5.613879e+01         -100.00
10.380000      9.300000     0.000000   0.256500     0.0684       -99.999000           -5.089769e+01         -100.00
10.380000      9.350000     0.000000   0.253900     0.0684       -99.999000           -4.619759e+01         -100.00
10.380000      9.400000     0.000000   0.251100     0.0684       -99.999000           -4.197919e+01         -100.00
10.380000      9.450000     0.000000   0.248200     0.0684       -99.999000           -3.818989e+01         -100.00
10.380000      9.500000     0.000000   0.245100     0.0684       -99.999000           -3.478239e+01         -100.00
10.380000      9.550000     0.000000   0.241800     0.0684       -99.999000           -3.171489e+01         -100.00
10.380000      9.600000     0.000000   0.238400     0.0684       -99.999000           -2.894989e+01         -100.00
10.380000      9.650000     0.000000   0.234800     0.0684       -99.999000           -2.645409e+01         -100.00
10.400000      8.000000     0.000000   0.293800     0.0695       -99.999000           -1.057943e+02         -100.00
10.400000      8.050000     0.000000   0.293300     0.0695       -99.999000           -1.057943e+02         -100.00
10.400000      8.100000     0.000000   0.292800     0.0695       -99.999000           -1.057943e+02         -100.00
10.400000      8.150000     0.000000   0.292300     0.0695       -99.999000           -1.057943e+02         -100.00
10.400000      8.200000     0.000000   0.291700     0.0695       -99.999000           -1.057943e+02         -100.00
10.400000      8.250000     0.000000   0.291000     0.0695       -99.999000           -1.057943e+02         -100.00
10.400000      8.300000     0.000000   0.290400     0.0695       -99.999000           -1.057943e+02         -100.00
10.400000      8.350000     0.000000   0.289700     0.0695       -99.999000           -1.057943e+02         -100.00
10.400000      8.400000     0.000000   0.288900     0.0695       -99.999000           -1.057943e+02         -100.00
10.400000      8.450000     0.000000   0.288000     0.0695       -99.999000           -1.057943e+02         -100.00
10.400000      8.500000     0.000000   0.287200     0.0695       -99.999000           -1.057943e+02         -100.00
10.400000      8.550000     0.000000   0.286200     0.0695       -99.999000           -1.057943e+02         -100.00
10.400000      8.600000     0.000000   0.285200     0.0695       -99.999000           -1.057943e+02         -100.00
10.400000      8.650000     0.000000   0.284100     0.0695       -99.999000           -1.057943e+02         -100.00
10.400000      8.700000     0.000000   0.282900     0.0695       -99.999000           -1.057943e+02         -100.00
10.400000      8.750000     0.000000   0.281600     0.0695       -99.999000           -1.057943e+02         -100.00
10.400000      8.800000     0.000000   0.280300     0.0695       -99.999000           -1.057943e+02         -100.00
10.400000      8.850000     0.000000   0.278800     0.0695       -99.999000           -1.057943e+02         -100.00
10.400000      8.900000     0.000000   0.277300     0.0695       -99.999000           -1.057943e+02         -100.00
10.400000      8.950000     0.000000   0.275700     0.0695       -99.999000           -1.045658e+02         -100.00
10.400000      9.000000     0.000000   0.273900     0.0695       -99.999000           -9.422419e+01         -100.00
10.400000      9.050000     0.000000   0.272000     0.0695       -99.999000           -8.498039e+01         -100.00
10.400000      9.100000     0.000000   0.270100     0.0695       -99.999000           -7.671489e+01         -100.00
10.400000      9.150000     0.000000   0.268000     0.0695       -99.999000           -6.932089e+01         -100.00
10.400000      9.200000     0.000000   0.265700     0.0695       -99.999000           -6.270319e+01         -100.00
10.400000      9.250000     0.000000   0.263300     0.0695       -99.999000           -5.677699e+01         -100.00
10.400000      9.300000     0.000000   0.260800     0.0695       -99.999000           -5.146669e+01         -100.00
10.400000      9.350000     0.000000   0.258200     0.0695       -99.999000           -4.670489e+01         -100.00
10.400000      9.400000     0.000000   0.255400     0.0695       -99.999000           -4.243159e+01         -100.00
10.400000      9.450000     0.000000   0.252400     0.0695       -99.999000           -3.859319e+01         -100.00
10.400000      9.500000     0.000000   0.249300     0.0695       -99.999000           -3.514209e+01         -100.00
10.400000      9.550000     0.000000   0.246000     0.0695       -99.999000           -3.203559e+01         -100.00
10.400000      9.600000     0.000000   0.242500     0.0695       -99.999000           -2.923599e+01         -100.00
10.400000      9.650000     0.000000   0.238900     0.0695       -99.999000           -2.670929e+01         -100.00
10.420000      8.000000     0.000000   0.298400     0.0705       -99.999000           -1.057943e+02         -100.00
10.420000      8.050000     0.000000   0.297900     0.0705       -99.999000           -1.057943e+02         -100.00
10.420000      8.100000     0.000000   0.297400     0.0705       -99.999000           -1.057943e+02         -100.00
10.420000      8.150000     0.000000   0.296900     0.0705       -99.999000           -1.057943e+02         -100.00
10.420000      8.200000     0.000000   0.296300     0.0705       -99.999000           -1.057943e+02         -100.00
10.420000      8.250000     0.000000   0.295600     0.0705       -99.999000           -1.057943e+02         -100.00
10.420000      8.300000     0.000000   0.295000     0.0705       -99.999000           -1.057943e+02         -100.00
10.420000      8.350000     0.000000   0.294200     0.0705       -99.999000           -1.057943e+02         -100.00
10.420000      8.400000     0.000000   0.293500     0.0705       -99.999000           -1.057943e+02         -100.00
10.420000      8.450000     0.000000   0.292600     0.0705       -99.999000           -1.057943e+02         -100.00
10.420000      8.500000     0.000000   0.291700     0.0705       -99.999000           -1.057943e+02         -100.00
10.420000      8.550000     0.000000   0.290800     0.0705       -99.999000           -1.057943e+02         -100.00
10.420000      8.600000     0.000000   0.289700     0.0705       -99.999000           -1.057943e+02         -100.00
10.420000      8.650000     0.000000   0.288600     0.0705       -99.999000           -1.057943e+02         -100.00
10.420000      8.700000     0.000000   0.287400     0.0705       -99.999000           -1.057943e+02         -100.00
10.420000      8.750000     0.000000   0.286200     0.0705       -99.999000           -1.057943e+02         -100.00
10.420000      8.800000     0.000000   0.284800     0.0705       -99.999000           -1.057943e+02         -100.00
10.420000      8.850000     0.000000   0.283300     0.0705       -99.999000           -1.057943e+02         -100.00
10.420000      8.900000     0.000000   0.281800     0.0705       -99.999000           -1.057943e+02         -100.00
10.420000      8.950000     0.000000   0.280100     0.0705       -99.999000           -1.057943e+02         -100.00
10.420000      9.000000     0.000000   0.278400     0.0705       -99.999000           -9.537489e+01         -100.00
10.420000      9.050000     0.000000   0.276500     0.0705       -99.999000           -8.600629e+01         -100.00
10.420000      9.100000     0.000000   0.274500     0.0705       -99.999000           -7.762949e+01         -100.00
10.420000      9.150000     0.000000   0.272400     0.0705       -99.999000           -7.013619e+01         -100.00
10.420000      9.200000     0.000000   0.270100     0.0705       -99.999000           -6.343009e+01         -100.00
10.420000      9.250000     0.000000   0.267800     0.0705       -99.999000           -5.742509e+01         -100.00
10.420000      9.300000     0.000000   0.265200     0.0705       -99.999000           -5.204449e+01         -100.00
10.420000      9.350000     0.000000   0.262500     0.0705       -99.999000           -4.722009e+01         -100.00
10.420000      9.400000     0.000000   0.259700     0.0705       -99.999000           -4.289099e+01         -100.00
10.420000      9.450000     0.000000   0.256700     0.0705       -99.999000           -3.900289e+01         -100.00
10.420000      9.500000     0.000000   0.253600     0.0705       -99.999000           -3.550739e+01         -100.00
10.420000      9.550000     0.000000   0.250300     0.0705       -99.999000           -3.236139e+01         -100.00
10.420000      9.600000     0.000000   0.246800     0.0705       -99.999000           -2.952649e+01         -100.00
10.420000      9.650000     0.000000   0.243100     0.0705       -99.999000           -2.696839e+01         -100.00
10.440000      8.000000     0.000000   0.303000     0.0716       -99.999000           -1.057943e+02         -100.00
10.440000      8.050000     0.000000   0.302600     0.0716       -99.999000           -1.057943e+02         -100.00
10.440000      8.100000     0.000000   0.302100     0.0716       -99.999000           -1.057943e+02         -100.00
10.440000      8.150000     0.000000   0.301500     0.0716       -99.999000           -1.057943e+02         -100.00
10.440000      8.200000     0.000000   0.300900     0.0716       -99.999000           -1.057943e+02         -100.00
10.440000      8.250000     0.000000   0.300300     0.0716       -99.999000           -1.057943e+02         -100.00
10.440000      8.300000     0.000000   0.299600     0.0716       -99.999000           -1.057943e+02         -100.00
10.440000      8.350000     0.000000   0.298900     0.0716       -99.999000           -1.057943e+02         -100.00
10.440000      8.400000     0.000000   0.298100     0.0716       -99.999000           -1.057943e+02         -100.00
10.440000      8.450000     0.000000   0.297300     0.0716       -99.999000           -1.057943e+02         -100.00
10.440000      8.500000     0.000000   0.296400     0.0716       -99.999000           -1.057943e+02         -100.00
10.440000      8.550000     0.000000   0.295400     0.0716       -99.999000           -1.057943e+02         -100.00
10.440000      8.600000     0.000000   0.294300     0.0716       -99.999000           -1.057943e+02         -100.00
10.440000      8.650000     0.000000   0.293200     0.0716       -99.999000           -1.057943e+02         -100.00
10.440000      8.700000     0.000000   0.292000     0.0716       -99.999000           -1.057943e+02         -100.00
10.440000      8.750000     0.000000   0.290800     0.0716       -99.999000           -1.057943e+02         -100.00
10.440000      8.800000     0.000000   0.289400     0.0716       -99.999000           -1.057943e+02         -100.00
10.440000      8.850000     0.000000   0.287900     0.0716       -99.999000           -1.057943e+02         -100.00
10.440000      8.900000     0.000000   0.286400     0.0716       -99.999000           -1.057943e+02         -100.00
10.440000      8.950000     0.000000   0.284700     0.0716       -99.999000           -1.057943e+02         -100.00
10.440000      9.000000     0.000000   0.282900     0.0716       -99.999000           -9.654349e+01         -100.00
10.440000      9.050000     0.000000   0.281000     0.0716       -99.999000           -8.704809e+01         -100.00
10.440000      9.100000     0.000000   0.279000     0.0716       -99.999000           -7.855819e+01         -100.00
10.440000      9.150000     0.000000   0.276900     0.0716       -99.999000           -7.096419e+01         -100.00
10.440000      9.200000     0.000000   0.274600     0.0716       -99.999000           -6.416829e+01         -100.00
10.440000      9.250000     0.000000   0.272200     0.0716       -99.999000           -5.808319e+01         -100.00
10.440000      9.300000     0.000000   0.269700     0.0716       -99.999000           -5.263129e+01         -100.00
10.440000      9.350000     0.000000   0.267000     0.0716       -99.999000           -4.774329e+01         -100.00
10.440000      9.400000     0.000000   0.264100     0.0716       -99.999000           -4.335749e+01         -100.00
10.440000      9.450000     0.000000   0.261100     0.0716       -99.999000           -3.941879e+01         -100.00
10.440000      9.500000     0.000000   0.257900     0.0716       -99.999000           -3.587829e+01         -100.00
10.440000      9.550000     0.000000   0.254600     0.0716       -99.999000           -3.269219e+01         -100.00
10.440000      9.600000     0.000000   0.251100     0.0716       -99.999000           -2.982149e+01         -100.00
10.440000      9.650000     0.000000   0.247400     0.0716       -99.999000           -2.723149e+01         -100.00
10.460000      8.000000     0.000000   0.307800     0.0727       -99.999000           -1.057943e+02         -100.00
10.460000      8.050000     0.000000   0.307300     0.0727       -99.999000           -1.057943e+02         -100.00
10.460000      8.100000     0.000000   0.306800     0.0727       -99.999000           -1.057943e+02         -100.00
10.460000      8.150000     0.000000   0.306300     0.0727       -99.999000           -1.057943e+02         -100.00
10.460000      8.200000     0.000000   0.305700     0.0727       -99.999000           -1.057943e+02         -100.00
10.460000      8.250000     0.000000   0.305000     0.0727       -99.999000           -1.057943e+02         -100.00
10.460000      8.300000     0.000000   0.304300     0.0727       -99.999000           -1.057943e+02         -100.00
10.460000      8.350000     0.000000   0.303600     0.0727       -99.999000           -1.057943e+02         -100.00
10.460000      8.400000     0.000000   0.302800     0.0727       -99.999000           -1.057943e+02         -100.00
10.460000      8.450000     0.000000   0.302000     0.0727       -99.999000           -1.057943e+02         -100.00
10.460000      8.500000     0.000000   0.301100     0.0727       -99.999000           -1.057943e+02         -100.00
10.460000      8.550000     0.000000   0.300100     0.0727       -99.999000           -1.057943e+02         -100.00
10.460000      8.600000     0.000000   0.299000     0.0727       -99.999000           -1.057943e+02         -100.00
10.460000      8.650000     0.000000   0.297900     0.0727       -99.999000           -1.057943e+02         -100.00
10.460000      8.700000     0.000000   0.296700     0.0727       -99.999000           -1.057943e+02         -100.00
10.460000      8.750000     0.000000   0.295400     0.0727       -99.999000           -1.057943e+02         -100.00
10.460000      8.800000     0.000000   0.294100     0.0727       -99.999000           -1.057943e+02         -100.00
10.460000      8.850000     0.000000   0.292600     0.0727       -99.999000           -1.057943e+02         -100.00
10.460000      8.900000     0.000000   0.291000     0.0727       -99.999000           -1.057943e+02         -100.00
10.460000      8.950000     0.000000   0.289300     0.0727       -99.999000           -1.057943e+02         -100.00
10.460000      9.000000     0.000000   0.287600     0.0727       -99.999000           -9.773019e+01         -100.00
10.460000      9.050000     0.000000   0.285700     0.0727       -99.999000           -8.810599e+01         -100.00
10.460000      9.100000     0.000000   0.283600     0.0727       -99.999000           -7.950129e+01         -100.00
10.460000      9.150000     0.000000   0.281500     0.0727       -99.999000           -7.180499e+01         -100.00
10.460000      9.200000     0.000000   0.279200     0.0727       -99.999000           -6.491789e+01         -100.00
10.460000      9.250000     0.000000   0.276800     0.0727       -99.999000           -5.875149e+01         -100.00
10.460000      9.300000     0.000000   0.274200     0.0727       -99.999000           -5.322719e+01         -100.00
10.460000      9.350000     0.000000   0.271500     0.0727       -99.999000           -4.827459e+01         -100.00
10.460000      9.400000     0.000000   0.268600     0.0727       -99.999000           -4.383119e+01         -100.00
10.460000      9.450000     0.000000   0.265600     0.0727       -99.999000           -3.984119e+01         -100.00
10.460000      9.500000     0.000000   0.262400     0.0727       -99.999000           -3.625489e+01         -100.00
10.460000      9.550000     0.000000   0.259000     0.0727       -99.999000           -3.302799e+01         -100.00
10.460000      9.600000     0.000000   0.255400     0.0727       -99.999000           -3.012099e+01         -100.00
10.460000      9.650000     0.000000   0.251700     0.0727       -99.999000           -2.749869e+01         -100.00
10.480000      8.000000     0.000000   0.312600     0.0739       -99.999000           -1.057943e+02         -100.00
10.480000      8.050000     0.000000   0.312100     0.0739       -99.999000           -1.057943e+02         -100.00
10.480000      8.100000     0.000000   0.311600     0.0739       -99.999000           -1.057943e+02         -100.00
10.480000      8.150000     0.000000   0.311100     0.0739       -99.999000           -1.057943e+02         -100.00
10.480000      8.200000     0.000000   0.310500     0.0739       -99.999000           -1.057943e+02         -100.00
10.480000      8.250000     0.000000   0.309800     0.0739       -99.999000           -1.057943e+02         -100.00
10.480000      8.300000     0.000000   0.309200     0.0739       -99.999000           -1.057943e+02         -100.00
10.480000      8.350000     0.000000   0.308400     0.0739       -99.999000           -1.057943e+02         -100.00
10.480000      8.400000     0.000000   0.307600     0.0739       -99.999000           -1.057943e+02         -100.00
10.480000      8.450000     0.000000   0.306800     0.0739       -99.999000           -1.057943e+02         -100.00
10.480000      8.500000     0.000000   0.305800     0.0739       -99.999000           -1.057943e+02         -100.00
10.480000      8.550000     0.000000   0.304900     0.0739       -99.999000           -1.057943e+02         -100.00
10.480000      8.600000     0.000000   0.303800     0.0739       -99.999000           -1.057943e+02         -100.00
10.480000      8.650000     0.000000   0.302700     0.0739       -99.999000           -1.057943e+02         -100.00
10.480000      8.700000     0.000000   0.301500     0.0739       -99.999000           -1.057943e+02         -100.00
10.480000      8.750000     0.000000   0.300200     0.0739       -99.999000           -1.057943e+02         -100.00
10.480000      8.800000     0.000000   0.298800     0.0739       -99.999000           -1.057943e+02         -100.00
10.480000      8.850000     0.000000   0.297300     0.0739       -99.999000           -1.057943e+02         -100.00
10.480000      8.900000     0.000000   0.295700     0.0739       -99.999000           -1.057943e+02         -100.00
10.480000      8.950000     0.000000   0.294100     0.0739       -99.999000           -1.057943e+02         -100.00
10.480000      9.000000     0.000000   0.292300     0.0739       -99.999000           -9.893519e+01         -100.00
10.480000      9.050000     0.000000   0.290300     0.0739       -99.999000           -8.918019e+01         -100.00
10.480000      9.100000     0.000000   0.288300     0.0739       -99.999000           -8.045899e+01         -100.00
10.480000      9.150000     0.000000   0.286100     0.0739       -99.999000           -7.265879e+01         -100.00
10.480000      9.200000     0.000000   0.283800     0.0739       -99.999000           -6.567909e+01         -100.00
10.480000      9.250000     0.000000   0.281400     0.0739       -99.999000           -5.943019e+01         -100.00
10.480000      9.300000     0.000000   0.278800     0.0739       -99.999000           -5.383219e+01         -100.00
10.480000      9.350000     0.000000   0.276100     0.0739       -99.999000           -4.881409e+01         -100.00
10.480000      9.400000     0.000000   0.273200     0.0739       -99.999000           -4.431219e+01         -100.00
10.480000      9.450000     0.000000   0.270100     0.0739       -99.999000           -4.027009e+01         -100.00
10.480000      9.500000     0.000000   0.266900     0.0739       -99.999000           -3.663739e+01         -100.00
10.480000      9.550000     0.000000   0.263500     0.0739       -99.999000           -3.336909e+01         -100.00
10.480000      9.600000     0.000000   0.259900     0.0739       -99.999000           -3.042519e+01         -100.00
10.480000      9.650000     0.000000   0.256100     0.0739       -99.999000           -2.776999e+01         -100.00
10.500000      8.000000     0.000000   0.317500     0.0750       -99.999000           -1.057943e+02         -100.00
10.500000      8.050000     0.000000   0.317000     0.0750       -99.999000           -1.057943e+02         -100.00
10.500000      8.100000     0.000000   0.316500     0.0750       -99.999000           -1.057943e+02         -100.00
10.500000      8.150000     0.000000   0.316000     0.0750       -99.999000           -1.057943e+02         -100.00
10.500000      8.200000     0.000000   0.315400     0.0750       -99.999000           -1.057943e+02         -100.00
10.500000      8.250000     0.000000   0.314700     0.0750       -99.999000           -1.057943e+02         -100.00
10.500000      8.300000     0.000000   0.314000     0.0750       -99.999000           -1.057943e+02         -100.00
10.500000      8.350000     0.000000   0.313300     0.0750       -99.999000           -1.057943e+02         -100.00
10.500000      8.400000     0.000000   0.312500     0.0750       -99.999000           -1.057943e+02         -100.00
10.500000      8.450000     0.000000   0.311600     0.0750       -99.999000           -1.057943e+02         -100.00
10.500000      8.500000     0.000000   0.310700     0.0750       -99.999000           -1.057943e+02         -100.00
10.500000      8.550000     0.000000   0.309700     0.0750       -99.999000           -1.057943e+02         -100.00
10.500000      8.600000     0.000000   0.308700     0.0750       -99.999000           -1.057943e+02         -100.00
10.500000      8.650000     0.000000   0.307500     0.0750       -99.999000           -1.057943e+02         -100.00
10.500000      8.700000     0.000000   0.306300     0.0750       -99.999000           -1.057943e+02         -100.00
10.500000      8.750000     0.000000   0.305000     0.0750       -99.999000           -1.057943e+02         -100.00
10.500000      8.800000     0.000000   0.303600     0.0750       -99.999000           -1.057943e+02         -100.00
10.500000      8.850000     0.000000   0.302100     0.0750       -99.999000           -1.057943e+02         -100.00
10.500000      8.900000     0.000000   0.300500     0.0750       -99.999000           -1.057943e+02         -100.00
10.500000      8.950000     0.000000   0.298800     0.0750       -99.999000           -1.057943e+02         -100.00
10.500000      9.000000     0.000000   0.297000     0.0750       -99.999000           -1.001589e+02         -100.00
10.500000      9.050000     0.000000   0.295100     0.0750       -99.999000           -9.027119e+01         -100.00
10.500000      9.100000     0.000000   0.293000     0.0750       -99.999000           -8.143159e+01         -100.00
10.500000      9.150000     0.000000   0.290900     0.0750       -99.999000           -7.352589e+01         -100.00
10.500000      9.200000     0.000000   0.288500     0.0750       -99.999000           -6.645209e+01         -100.00
10.500000      9.250000     0.000000   0.286100     0.0750       -99.999000           -6.011929e+01         -100.00
10.500000      9.300000     0.000000   0.283500     0.0750       -99.999000           -5.444669e+01         -100.00
10.500000      9.350000     0.000000   0.280700     0.0750       -99.999000           -4.936189e+01         -100.00
10.500000      9.400000     0.000000   0.277800     0.0750       -99.999000           -4.480069e+01         -100.00
10.500000      9.450000     0.000000   0.274700     0.0750       -99.999000           -4.070569e+01         -100.00
10.500000      9.500000     0.000000   0.271400     0.0750       -99.999000           -3.702579e+01         -100.00
10.500000      9.550000     0.000000   0.268000     0.0750       -99.999000           -3.371539e+01         -100.00
10.500000      9.600000     0.000000   0.264400     0.0750       -99.999000           -3.073409e+01         -100.00
10.500000      9.650000     0.000000   0.260600     0.0750       -99.999000           -2.804539e+01         -100.00
10.520000      8.000000     0.000000   0.322500     0.0762       -99.999000           -1.057943e+02         -100.00
10.520000      8.050000     0.000000   0.322000     0.0762       -99.999000           -1.057943e+02         -100.00
10.520000      8.100000     0.000000   0.321500     0.0762       -99.999000           -1.057943e+02         -100.00
10.520000      8.150000     0.000000   0.320900     0.0762       -99.999000           -1.057943e+02         -100.00
10.520000      8.200000     0.000000   0.320300     0.0762       -99.999000           -1.057943e+02         -100.00
10.520000      8.250000     0.000000   0.319700     0.0762       -99.999000           -1.057943e+02         -100.00
10.520000      8.300000     0.000000   0.319000     0.0762       -99.999000           -1.057943e+02         -100.00
10.520000      8.350000     0.000000   0.318200     0.0762       -99.999000           -1.057943e+02         -100.00
10.520000      8.400000     0.000000   0.317400     0.0762       -99.999000           -1.057943e+02         -100.00
10.520000      8.450000     0.000000   0.316600     0.0762       -99.999000           -1.057943e+02         -100.00
10.520000      8.500000     0.000000   0.315600     0.0762       -99.999000           -1.057943e+02         -100.00
10.520000      8.550000     0.000000   0.314600     0.0762       -99.999000           -1.057943e+02         -100.00
10.520000      8.600000     0.000000   0.313600     0.0762       -99.999000           -1.057943e+02         -100.00
10.520000      8.650000     0.000000   0.312400     0.0762       -99.999000           -1.057943e+02         -100.00
10.520000      8.700000     0.000000   0.311200     0.0762       -99.999000           -1.057943e+02         -100.00
10.520000      8.750000     0.000000   0.309900     0.0762       -99.999000           -1.057943e+02         -100.00
10.520000      8.800000     0.000000   0.308500     0.0762       -99.999000           -1.057943e+02         -100.00
10.520000      8.850000     0.000000   0.307000     0.0762       -99.999000           -1.057943e+02         -100.00
10.520000      8.900000     0.000000   0.305400     0.0762       -99.999000           -1.057943e+02         -100.00
10.520000      8.950000     0.000000   0.303700     0.0762       -99.999000           -1.057943e+02         -100.00
10.520000      9.000000     0.000000   0.301900     0.0762       -99.999000           -1.014016e+02         -100.00
10.520000      9.050000     0.000000   0.299900     0.0762       -99.999000           -9.137889e+01         -100.00
10.520000      9.100000     0.000000   0.297900     0.0762       -99.999000           -8.241919e+01         -100.00
10.520000      9.150000     0.000000   0.295700     0.0762       -99.999000           -7.440629e+01         -100.00
10.520000      9.200000     0.000000   0.293300     0.0762       -99.999000           -6.723699e+01         -100.00
10.520000      9.250000     0.000000   0.290800     0.0762       -99.999000           -6.081909e+01         -100.00
10.520000      9.300000     0.000000   0.288200     0.0762       -99.999000           -5.507059e+01         -100.00
10.520000      9.350000     0.000000   0.285400     0.0762       -99.999000           -4.991819e+01         -100.00
10.520000      9.400000     0.000000   0.282500     0.0762       -99.999000           -4.529669e+01         -100.00
10.520000      9.450000     0.000000   0.279400     0.0762       -99.999000           -4.114789e+01         -100.00
10.520000      9.500000     0.000000   0.276100     0.0762       -99.999000           -3.742009e+01         -100.00
10.520000      9.550000     0.000000   0.272600     0.0762       -99.999000           -3.406709e+01         -100.00
10.520000      9.600000     0.000000   0.269000     0.0762       -99.999000           -3.104769e+01         -100.00
10.520000      9.650000     0.000000   0.265200     0.0762       -99.999000           -2.832509e+01         -100.00
10.540000      8.000000     0.000000   0.327500     0.0773       -99.999000           -1.057943e+02         -100.00
10.540000      8.050000     0.000000   0.327100     0.0773       -99.999000           -1.057943e+02         -100.00
10.540000      8.100000     0.000000   0.326500     0.0773       -99.999000           -1.057943e+02         -100.00
10.540000      8.150000     0.000000   0.326000     0.0773       -99.999000           -1.057943e+02         -100.00
10.540000      8.200000     0.000000   0.325400     0.0773       -99.999000           -1.057943e+02         -100.00
10.540000      8.250000     0.000000   0.324700     0.0773       -99.999000           -1.057943e+02         -100.00
10.540000      8.300000     0.000000   0.324000     0.0773       -99.999000           -1.057943e+02         -100.00
10.540000      8.350000     0.000000   0.323300     0.0773       -99.999000           -1.057943e+02         -100.00
10.540000      8.400000     0.000000   0.322500     0.0773       -99.999000           -1.057943e+02         -100.00
10.540000      8.450000     0.000000   0.321600     0.0773       -99.999000           -1.057943e+02         -100.00
10.540000      8.500000     0.000000   0.320700     0.0773       -99.999000           -1.057943e+02         -100.00
10.540000      8.550000     0.000000   0.319700     0.0773       -99.999000           -1.057943e+02         -100.00
10.540000      8.600000     0.000000   0.318600     0.0773       -99.999000           -1.057943e+02         -100.00
10.540000      8.650000     0.000000   0.317400     0.0773       -99.999000           -1.057943e+02         -100.00
10.540000      8.700000     0.000000   0.316200     0.0773       -99.999000           -1.057943e+02         -100.00
10.540000      8.750000     0.000000   0.314900     0.0773       -99.999000           -1.057943e+02         -100.00
10.540000      8.800000     0.000000   0.313500     0.0773       -99.999000           -1.057943e+02         -100.00
10.540000      8.850000     0.000000   0.312000     0.0773       -99.999000           -1.057943e+02         -100.00
10.540000      8.900000     0.000000   0.310300     0.0773       -99.999000           -1.057943e+02         -100.00
10.540000      8.950000     0.000000   0.308600     0.0773       -99.999000           -1.057943e+02         -100.00
10.540000      9.000000     0.000000   0.306800     0.0773       -99.999000           -1.026635e+02         -100.00
10.540000      9.050000     0.000000   0.304800     0.0773       -99.999000           -9.250389e+01         -100.00
10.540000      9.100000     0.000000   0.302800     0.0773       -99.999000           -8.342199e+01         -100.00
10.540000      9.150000     0.000000   0.300500     0.0773       -99.999000           -7.530039e+01         -100.00
10.540000      9.200000     0.000000   0.298200     0.0773       -99.999000           -6.803409e+01         -100.00
10.540000      9.250000     0.000000   0.295700     0.0773       -99.999000           -6.152979e+01         -100.00
10.540000      9.300000     0.000000   0.293000     0.0773       -99.999000           -5.570419e+01         -100.00
10.540000      9.350000     0.000000   0.290200     0.0773       -99.999000           -5.048309e+01         -100.00
10.540000      9.400000     0.000000   0.287300     0.0773       -99.999000           -4.580039e+01         -100.00
10.540000      9.450000     0.000000   0.284100     0.0773       -99.999000           -4.159699e+01         -100.00
10.540000      9.500000     0.000000   0.280800     0.0773       -99.999000           -3.782059e+01         -100.00
10.540000      9.550000     0.000000   0.277300     0.0773       -99.999000           -3.442419e+01         -100.00
10.540000      9.600000     0.000000   0.273700     0.0773       -99.999000           -3.136619e+01         -100.00
10.540000      9.650000     0.000000   0.269800     0.0773       -99.999000           -2.860919e+01         -100.00
10.560000      8.000000     0.000000   0.332700     0.0785       -99.999000           -1.057943e+02         -100.00
10.560000      8.050000     0.000000   0.332200     0.0785       -99.999000           -1.057943e+02         -100.00
10.560000      8.100000     0.000000   0.331700     0.0785       -99.999000           -1.057943e+02         -100.00
10.560000      8.150000     0.000000   0.331100     0.0785       -99.999000           -1.057943e+02         -100.00
10.560000      8.200000     0.000000   0.330500     0.0785       -99.999000           -1.057943e+02         -100.00
10.560000      8.250000     0.000000   0.329800     0.0785       -99.999000           -1.057943e+02         -100.00
10.560000      8.300000     0.000000   0.329100     0.0785       -99.999000           -1.057943e+02         -100.00
10.560000      8.350000     0.000000   0.328400     0.0785       -99.999000           -1.057943e+02         -100.00
10.560000      8.400000     0.000000   0.327600     0.0785       -99.999000           -1.057943e+02         -100.00
10.560000      8.450000     0.000000   0.326700     0.0785       -99.999000           -1.057943e+02         -100.00
10.560000      8.500000     0.000000   0.325700     0.0785       -99.999000           -1.057943e+02         -100.00
10.560000      8.550000     0.000000   0.324700     0.0785       -99.999000           -1.057943e+02         -100.00
10.560000      8.600000     0.000000   0.323700     0.0785       -99.999000           -1.057943e+02         -100.00
10.560000      8.650000     0.000000   0.322500     0.0785       -99.999000           -1.057943e+02         -100.00
10.560000      8.700000     0.000000   0.321300     0.0785       -99.999000           -1.057943e+02         -100.00
10.560000      8.750000     0.000000   0.319900     0.0785       -99.999000           -1.057943e+02         -100.00
10.560000      8.800000     0.000000   0.318500     0.0785       -99.999000           -1.057943e+02         -100.00
10.560000      8.850000     0.000000   0.317000     0.0785       -99.999000           -1.057943e+02         -100.00
10.560000      8.900000     0.000000   0.315400     0.0785       -99.999000           -1.057943e+02         -100.00
10.560000      8.950000     0.000000   0.313600     0.0785       -99.999000           -1.057943e+02         -100.00
10.560000      9.000000     0.000000   0.311800     0.0785       -99.999000           -1.039449e+02         -100.00
10.560000      9.050000     0.000000   0.309800     0.0785       -99.999000           -9.364619e+01         -100.00
10.560000      9.100000     0.000000   0.307700     0.0785       -99.999000           -8.444039e+01         -100.00
10.560000      9.150000     0.000000   0.305500     0.0785       -99.999000           -7.620829e+01         -100.00
10.560000      9.200000     0.000000   0.303100     0.0785       -99.999000           -6.884349e+01         -100.00
10.560000      9.250000     0.000000   0.300600     0.0785       -99.999000           -6.225139e+01         -100.00
10.560000      9.300000     0.000000   0.297900     0.0785       -99.999000           -5.634759e+01         -100.00
10.560000      9.350000     0.000000   0.295100     0.0785       -99.999000           -5.105669e+01         -100.00
10.560000      9.400000     0.000000   0.292100     0.0785       -99.999000           -4.631179e+01         -100.00
10.560000      9.450000     0.000000   0.289000     0.0785       -99.999000           -4.205309e+01         -100.00
10.560000      9.500000     0.000000   0.285600     0.0785       -99.999000           -3.822729e+01         -100.00
10.560000      9.550000     0.000000   0.282100     0.0785       -99.999000           -3.478689e+01         -100.00
10.560000      9.600000     0.000000   0.278400     0.0785       -99.999000           -3.168949e+01         -100.00
10.560000      9.650000     0.000000   0.274500     0.0785       -99.999000           -2.889759e+01         -100.00
10.580000      8.000000     0.000000   0.337900     0.0798       -99.999000           -1.057943e+02         -100.00
10.580000      8.050000     0.000000   0.337400     0.0798       -99.999000           -1.057943e+02         -100.00
10.580000      8.100000     0.000000   0.336900     0.0798       -99.999000           -1.057943e+02         -100.00
10.580000      8.150000     0.000000   0.336300     0.0798       -99.999000           -1.057943e+02         -100.00
10.580000      8.200000     0.000000   0.335700     0.0798       -99.999000           -1.057943e+02         -100.00
10.580000      8.250000     0.000000   0.335000     0.0798       -99.999000           -1.057943e+02         -100.00
10.580000      8.300000     0.000000   0.334300     0.0798       -99.999000           -1.057943e+02         -100.00
10.580000      8.350000     0.000000   0.333600     0.0798       -99.999000           -1.057943e+02         -100.00
10.580000      8.400000     0.000000   0.332700     0.0798       -99.999000           -1.057943e+02         -100.00
10.580000      8.450000     0.000000   0.331900     0.0798       -99.999000           -1.057943e+02         -100.00
10.580000      8.500000     0.000000   0.330900     0.0798       -99.999000           -1.057943e+02         -100.00
10.580000      8.550000     0.000000   0.329900     0.0798       -99.999000           -1.057943e+02         -100.00
10.580000      8.600000     0.000000   0.328800     0.0798       -99.999000           -1.057943e+02         -100.00
10.580000      8.650000     0.000000   0.327700     0.0798       -99.999000           -1.057943e+02         -100.00
10.580000      8.700000     0.000000   0.326400     0.0798       -99.999000           -1.057943e+02         -100.00
10.580000      8.750000     0.000000   0.325100     0.0798       -99.999000           -1.057943e+02         -100.00
10.580000      8.800000     0.000000   0.323600     0.0798       -99.999000           -1.057943e+02         -100.00
10.580000      8.850000     0.000000   0.322100     0.0798       -99.999000           -1.057943e+02         -100.00
10.580000      8.900000     0.000000   0.320500     0.0798       -99.999000           -1.057943e+02         -100.00
10.580000      8.950000     0.000000   0.318700     0.0798       -99.999000           -1.057943e+02         -100.00
10.580000      9.000000     0.000000   0.316900     0.0798       -99.999000           -1.052460e+02         -100.00
10.580000      9.050000     0.000000   0.314900     0.0798       -99.999000           -9.480629e+01         -100.00
10.580000      9.100000     0.000000   0.312800     0.0798       -99.999000           -8.547459e+01         -100.00
10.580000      9.150000     0.000000   0.310500     0.0798       -99.999000           -7.713029e+01         -100.00
10.580000      9.200000     0.000000   0.308100     0.0798       -99.999000           -6.966549e+01         -100.00
10.580000      9.250000     0.000000   0.305600     0.0798       -99.999000           -6.298419e+01         -100.00
10.580000      9.300000     0.000000   0.302900     0.0798       -99.999000           -5.700089e+01         -100.00
10.580000      9.350000     0.000000   0.300100     0.0798       -99.999000           -5.163919e+01         -100.00
10.580000      9.400000     0.000000   0.297100     0.0798       -99.999000           -4.683119e+01         -100.00
10.580000      9.450000     0.000000   0.293900     0.0798       -99.999000           -4.251619e+01         -100.00
10.580000      9.500000     0.000000   0.290500     0.0798       -99.999000           -3.864019e+01         -100.00
10.580000      9.550000     0.000000   0.287000     0.0798       -99.999000           -3.515509e+01         -100.00
10.580000      9.600000     0.000000   0.283200     0.0798       -99.999000           -3.201789e+01         -100.00
10.580000      9.650000     0.000000   0.279300     0.0798       -99.999000           -2.919039e+01         -100.00
10.600000      8.000000     0.000000   0.343200     0.0810       -99.999000           -1.057943e+02         -100.00
10.600000      8.050000     0.000000   0.342700     0.0810       -99.999000           -1.057943e+02         -100.00
10.600000      8.100000     0.000000   0.342100     0.0810       -99.999000           -1.057943e+02         -100.00
10.600000      8.150000     0.000000   0.341600     0.0810       -99.999000           -1.057943e+02         -100.00
10.600000      8.200000     0.000000   0.341000     0.0810       -99.999000           -1.057943e+02         -100.00
10.600000      8.250000     0.000000   0.340300     0.0810       -99.999000           -1.057943e+02         -100.00
10.600000      8.300000     0.000000   0.339600     0.0810       -99.999000           -1.057943e+02         -100.00
10.600000      8.350000     0.000000   0.338800     0.0810       -99.999000           -1.057943e+02         -100.00
10.600000      8.400000     0.000000   0.338000     0.0810       -99.999000           -1.057943e+02         -100.00
10.600000      8.450000     0.000000   0.337100     0.0810       -99.999000           -1.057943e+02         -100.00
10.600000      8.500000     0.000000   0.336200     0.0810       -99.999000           -1.057943e+02         -100.00
10.600000      8.550000     0.000000   0.335100     0.0810       -99.999000           -1.057943e+02         -100.00
10.600000      8.600000     0.000000   0.334100     0.0810       -99.999000           -1.057943e+02         -100.00
10.600000      8.650000     0.000000   0.332900     0.0810       -99.999000           -1.057943e+02         -100.00
10.600000      8.700000     0.000000   0.331600     0.0810       -99.999000           -1.057943e+02         -100.00
10.600000      8.750000     0.000000   0.330300     0.0810       -99.999000           -1.057943e+02         -100.00
10.600000      8.800000     0.000000   0.328800     0.0810       -99.999000           -1.057943e+02         -100.00
10.600000      8.850000     0.000000   0.327300     0.0810       -99.999000           -1.057943e+02         -100.00
10.600000      8.900000     0.000000   0.325700     0.0810       -99.999000           -1.057943e+02         -100.00
10.600000      8.950000     0.000000   0.323900     0.0810       -99.999000           -1.057943e+02         -100.00
10.600000      9.000000     0.000000   0.322000     0.0810       -99.999000           -1.057943e+02         -100.00
10.600000      9.050000     0.000000   0.320000     0.0810       -99.999000           -9.598429e+01         -100.00
10.600000      9.100000     0.000000   0.317900     0.0810       -99.999000           -8.652479e+01         -100.00
10.600000      9.150000     0.000000   0.315700     0.0810       -99.999000           -7.806649e+01         -100.00
10.600000      9.200000     0.000000   0.313200     0.0810       -99.999000           -7.050019e+01         -100.00
10.600000      9.250000     0.000000   0.310700     0.0810       -99.999000           -6.372839e+01         -100.00
10.600000      9.300000     0.000000   0.308000     0.0810       -99.999000           -5.766439e+01         -100.00
10.600000      9.350000     0.000000   0.305100     0.0810       -99.999000           -5.223079e+01         -100.00
10.600000      9.400000     0.000000   0.302100     0.0810       -99.999000           -4.735859e+01         -100.00
10.600000      9.450000     0.000000   0.298900     0.0810       -99.999000           -4.298639e+01         -100.00
10.600000      9.500000     0.000000   0.295500     0.0810       -99.999000           -3.905949e+01         -100.00
10.600000      9.550000     0.000000   0.291900     0.0810       -99.999000           -3.552899e+01         -100.00
10.600000      9.600000     0.000000   0.288100     0.0810       -99.999000           -3.235139e+01         -100.00
10.600000      9.650000     0.000000   0.284200     0.0810       -99.999000           -2.948779e+01         -100.00
10.620000      8.000000     0.000000   0.348500     0.0822       -99.999000           -1.057943e+02         -100.00
10.620000      8.050000     0.000000   0.348000     0.0822       -99.999000           -1.057943e+02         -100.00
10.620000      8.100000     0.000000   0.347500     0.0822       -99.999000           -1.057943e+02         -100.00
10.620000      8.150000     0.000000   0.346900     0.0822       -99.999000           -1.057943e+02         -100.00
10.620000      8.200000     0.000000   0.346300     0.0822       -99.999000           -1.057943e+02         -100.00
10.620000      8.250000     0.000000   0.345700     0.0822       -99.999000           -1.057943e+02         -100.00
10.620000      8.300000     0.000000   0.344900     0.0822       -99.999000           -1.057943e+02         -100.00
10.620000      8.350000     0.000000   0.344200     0.0822       -99.999000           -1.057943e+02         -100.00
10.620000      8.400000     0.000000   0.343300     0.0822       -99.999000           -1.057943e+02         -100.00
10.620000      8.450000     0.000000   0.342500     0.0822       -99.999000           -1.057943e+02         -100.00
10.620000      8.500000     0.000000   0.341500     0.0822       -99.999000           -1.057943e+02         -100.00
10.620000      8.550000     0.000000   0.340500     0.0822       -99.999000           -1.057943e+02         -100.00
10.620000      8.600000     0.000000   0.339400     0.0822       -99.999000           -1.057943e+02         -100.00
10.620000      8.650000     0.000000   0.338200     0.0822       -99.999000           -1.057943e+02         -100.00
10.620000      8.700000     0.000000   0.336900     0.0822       -99.999000           -1.057943e+02         -100.00
10.620000      8.750000     0.000000   0.335600     0.0822       -99.999000           -1.057943e+02         -100.00
10.620000      8.800000     0.000000   0.334100     0.0822       -99.999000           -1.057943e+02         -100.00
10.620000      8.850000     0.000000   0.332600     0.0822       -99.999000           -1.057943e+02         -100.00
10.620000      8.900000     0.000000   0.330900     0.0822       -99.999000           -1.057943e+02         -100.00
10.620000      8.950000     0.000000   0.329200     0.0822       -99.999000           -1.057943e+02         -100.00
10.620000      9.000000     0.000000   0.327300     0.0822       -99.999000           -1.057943e+02         -100.00
10.620000      9.050000     0.000000   0.325300     0.0822       -99.999000           -9.718049e+01         -100.00
10.620000      9.100000     0.000000   0.323100     0.0822       -99.999000           -8.759119e+01         -100.00
10.620000      9.150000     0.000000   0.320800     0.0822       -99.999000           -7.901719e+01         -100.00
10.620000      9.200000     0.000000   0.318400     0.0822       -99.999000           -7.134769e+01         -100.00
10.620000      9.250000     0.000000   0.315900     0.0822       -99.999000           -6.448399e+01         -100.00
10.620000      9.300000     0.000000   0.313100     0.0822       -99.999000           -5.833809e+01         -100.00
10.620000      9.350000     0.000000   0.310200     0.0822       -99.999000           -5.283139e+01         -100.00
10.620000      9.400000     0.000000   0.307200     0.0822       -99.999000           -4.789419e+01         -100.00
10.620000      9.450000     0.000000   0.303900     0.0822       -99.999000           -4.346399e+01         -100.00
10.620000      9.500000     0.000000   0.300500     0.0822       -99.999000           -3.948529e+01         -100.00
10.620000      9.550000     0.000000   0.296900     0.0822       -99.999000           -3.590869e+01         -100.00
10.620000      9.600000     0.000000   0.293100     0.0822       -99.999000           -3.268989e+01         -100.00
10.620000      9.650000     0.000000   0.289100     0.0822       -99.999000           -2.978979e+01         -100.00
10.640000      8.000000     0.000000   0.354000     0.0835       -99.999000           -1.057943e+02         -100.00
10.640000      8.050000     0.000000   0.353500     0.0835       -99.999000           -1.057943e+02         -100.00
10.640000      8.100000     0.000000   0.353000     0.0835       -99.999000           -1.057943e+02         -100.00
10.640000      8.150000     0.000000   0.352400     0.0835       -99.999000           -1.057943e+02         -100.00
10.640000      8.200000     0.000000   0.351800     0.0835       -99.999000           -1.057943e+02         -100.00
10.640000      8.250000     0.000000   0.351100     0.0835       -99.999000           -1.057943e+02         -100.00
10.640000      8.300000     0.000000   0.350400     0.0835       -99.999000           -1.057943e+02         -100.00
10.640000      8.350000     0.000000   0.349600     0.0835       -99.999000           -1.057943e+02         -100.00
10.640000      8.400000     0.000000   0.348800     0.0835       -99.999000           -1.057943e+02         -100.00
10.640000      8.450000     0.000000   0.347900     0.0835       -99.999000           -1.057943e+02         -100.00
10.640000      8.500000     0.000000   0.346900     0.0835       -99.999000           -1.057943e+02         -100.00
10.640000      8.550000     0.000000   0.345900     0.0835       -99.999000           -1.057943e+02         -100.00
10.640000      8.600000     0.000000   0.344800     0.0835       -99.999000           -1.057943e+02         -100.00
10.640000      8.650000     0.000000   0.343600     0.0835       -99.999000           -1.057943e+02         -100.00
10.640000      8.700000     0.000000   0.342300     0.0835       -99.999000           -1.057943e+02         -100.00
10.640000      8.750000     0.000000   0.341000     0.0835       -99.999000           -1.057943e+02         -100.00
10.640000      8.800000     0.000000   0.339500     0.0835       -99.999000           -1.057943e+02         -100.00
10.640000      8.850000     0.000000   0.337900     0.0835       -99.999000           -1.057943e+02         -100.00
10.640000      8.900000     0.000000   0.336300     0.0835       -99.999000           -1.057943e+02         -100.00
10.640000      8.950000     0.000000   0.334500     0.0835       -99.999000           -1.057943e+02         -100.00
10.640000      9.000000     0.000000   0.332600     0.0835       -99.999000           -1.057943e+02         -100.00
10.640000      9.050000     0.000000   0.330600     0.0835       -99.999000           -9.839529e+01         -100.00
10.640000      9.100000     0.000000   0.328400     0.0835       -99.999000           -8.867409e+01         -100.00
10.640000      9.150000     0.000000   0.326100     0.0835       -99.999000           -7.998259e+01         -100.00
10.640000      9.200000     0.000000   0.323700     0.0835       -99.999000           -7.220839e+01         -100.00
10.640000      9.250000     0.000000   0.321100     0.0835       -99.999000           -6.525139e+01         -100.00
10.640000      9.300000     0.000000   0.318300     0.0835       -99.999000           -5.902219e+01         -100.00
10.640000      9.350000     0.000000   0.315400     0.0835       -99.999000           -5.344139e+01         -100.00
10.640000      9.400000     0.000000   0.312300     0.0835       -99.999000           -4.843799e+01         -100.00
10.640000      9.450000     0.000000   0.309100     0.0835       -99.999000           -4.394889e+01         -100.00
10.640000      9.500000     0.000000   0.305600     0.0835       -99.999000           -3.991769e+01         -100.00
10.640000      9.550000     0.000000   0.302000     0.0835       -99.999000           -3.629419e+01         -100.00
10.640000      9.600000     0.000000   0.298200     0.0835       -99.999000           -3.303379e+01         -100.00
10.640000      9.650000     0.000000   0.294100     0.0835       -99.999000           -3.009639e+01         -100.00
10.660000      8.000000     0.000000   0.359500     0.0848       -99.999000           -1.057943e+02         -100.00
10.660000      8.050000     0.000000   0.359000     0.0848       -99.999000           -1.057943e+02         -100.00
10.660000      8.100000     0.000000   0.358500     0.0848       -99.999000           -1.057943e+02         -100.00
10.660000      8.150000     0.000000   0.357900     0.0848       -99.999000           -1.057943e+02         -100.00
10.660000      8.200000     0.000000   0.357300     0.0848       -99.999000           -1.057943e+02         -100.00
10.660000      8.250000     0.000000   0.356600     0.0848       -99.999000           -1.057943e+02         -100.00
10.660000      8.300000     0.000000   0.355900     0.0848       -99.999000           -1.057943e+02         -100.00
10.660000      8.350000     0.000000   0.355100     0.0848       -99.999000           -1.057943e+02         -100.00
10.660000      8.400000     0.000000   0.354300     0.0848       -99.999000           -1.057943e+02         -100.00
10.660000      8.450000     0.000000   0.353400     0.0848       -99.999000           -1.057943e+02         -100.00
10.660000      8.500000     0.000000   0.352400     0.0848       -99.999000           -1.057943e+02         -100.00
10.660000      8.550000     0.000000   0.351400     0.0848       -99.999000           -1.057943e+02         -100.00
10.660000      8.600000     0.000000   0.350300     0.0848       -99.999000           -1.057943e+02         -100.00
10.660000      8.650000     0.000000   0.349100     0.0848       -99.999000           -1.057943e+02         -100.00
10.660000      8.700000     0.000000   0.347800     0.0848       -99.999000           -1.057943e+02         -100.00
10.660000      8.750000     0.000000   0.346400     0.0848       -99.999000           -1.057943e+02         -100.00
10.660000      8.800000     0.000000   0.345000     0.0848       -99.999000           -1.057943e+02         -100.00
10.660000      8.850000     0.000000   0.343400     0.0848       -99.999000           -1.057943e+02         -100.00
10.660000      8.900000     0.000000   0.341700     0.0848       -99.999000           -1.057943e+02         -100.00
10.660000      8.950000     0.000000   0.339900     0.0848       -99.999000           -1.057943e+02         -100.00
10.660000      9.000000     0.000000   0.338000     0.0848       -99.999000           -1.057943e+02         -100.00
10.660000      9.050000     0.000000   0.336000     0.0848       -99.999000           -9.962879e+01         -100.00
10.660000      9.100000     0.000000   0.333800     0.0848       -99.999000           -8.977379e+01         -100.00
10.660000      9.150000     0.000000   0.331500     0.0848       -99.999000           -8.096299e+01         -100.00
10.660000      9.200000     0.000000   0.329000     0.0848       -99.999000           -7.308249e+01         -100.00
10.660000      9.250000     0.000000   0.326400     0.0848       -99.999000           -6.603059e+01         -100.00
10.660000      9.300000     0.000000   0.323700     0.0848       -99.999000           -5.971699e+01         -100.00
10.660000      9.350000     0.000000   0.320700     0.0848       -99.999000           -5.406079e+01         -100.00
10.660000      9.400000     0.000000   0.317600     0.0848       -99.999000           -4.899029e+01         -100.00
10.660000      9.450000     0.000000   0.314300     0.0848       -99.999000           -4.444129e+01         -100.00
10.660000      9.500000     0.000000   0.310800     0.0848       -99.999000           -4.035669e+01         -100.00
10.660000      9.550000     0.000000   0.307200     0.0848       -99.999000           -3.668569e+01         -100.00
10.660000      9.600000     0.000000   0.303300     0.0848       -99.999000           -3.338289e+01         -100.00
10.660000      9.650000     0.000000   0.299200     0.0848       -99.999000           -3.040769e+01         -100.00
10.680000      8.000000     0.000000   0.365200     0.0861       -99.999000           -1.057943e+02         -100.00
10.680000      8.050000     0.000000   0.364700     0.0861       -99.999000           -1.057943e+02         -100.00
10.680000      8.100000     0.000000   0.364100     0.0861       -99.999000           -1.057943e+02         -100.00
10.680000      8.150000     0.000000   0.363500     0.0861       -99.999000           -1.057943e+02         -100.00
10.680000      8.200000     0.000000   0.362900     0.0861       -99.999000           -1.057943e+02         -100.00
10.680000      8.250000     0.000000   0.362200     0.0861       -99.999000           -1.057943e+02         -100.00
10.680000      8.300000     0.000000   0.361500     0.0861       -99.999000           -1.057943e+02         -100.00
10.680000      8.350000     0.000000   0.360700     0.0861       -99.999000           -1.057943e+02         -100.00
10.680000      8.400000     0.000000   0.359900     0.0861       -99.999000           -1.057943e+02         -100.00
10.680000      8.450000     0.000000   0.359000     0.0861       -99.999000           -1.057943e+02         -100.00
10.680000      8.500000     0.000000   0.358000     0.0861       -99.999000           -1.057943e+02         -100.00
10.680000      8.550000     0.000000   0.357000     0.0861       -99.999000           -1.057943e+02         -100.00
10.680000      8.600000     0.000000   0.355800     0.0861       -99.999000           -1.057943e+02         -100.00
10.680000      8.650000     0.000000   0.354600     0.0861       -99.999000           -1.057943e+02         -100.00
10.680000      8.700000     0.000000   0.353400     0.0861       -99.999000           -1.057943e+02         -100.00
10.680000      8.750000     0.000000   0.352000     0.0861       -99.999000           -1.057943e+02         -100.00
10.680000      8.800000     0.000000   0.350500     0.0861       -99.999000           -1.057943e+02         -100.00
10.680000      8.850000     0.000000   0.348900     0.0861       -99.999000           -1.057943e+02         -100.00
10.680000      8.900000     0.000000   0.347200     0.0861       -99.999000           -1.057943e+02         -100.00
10.680000      8.950000     0.000000   0.345400     0.0861       -99.999000           -1.057943e+02         -100.00
10.680000      9.000000     0.000000   0.343500     0.0861       -99.999000           -1.057943e+02         -100.00
10.680000      9.050000     0.000000   0.341500     0.0861       -99.999000           -1.008814e+02         -100.00
10.680000      9.100000     0.000000   0.339300     0.0861       -99.999000           -9.089049e+01         -100.00
10.680000      9.150000     0.000000   0.336900     0.0861       -99.999000           -8.195859e+01         -100.00
10.680000      9.200000     0.000000   0.334500     0.0861       -99.999000           -7.396999e+01         -100.00
10.680000      9.250000     0.000000   0.331800     0.0861       -99.999000           -6.682189e+01         -100.00
10.680000      9.300000     0.000000   0.329000     0.0861       -99.999000           -6.042239e+01         -100.00
10.680000      9.350000     0.000000   0.326100     0.0861       -99.999000           -5.468979e+01         -100.00
10.680000      9.400000     0.000000   0.322900     0.0861       -99.999000           -4.955109e+01         -100.00
10.680000      9.450000     0.000000   0.319600     0.0861       -99.999000           -4.494129e+01         -100.00
10.680000      9.500000     0.000000   0.316100     0.0861       -99.999000           -4.080259e+01         -100.00
10.680000      9.550000     0.000000   0.312400     0.0861       -99.999000           -3.708329e+01         -100.00
10.680000      9.600000     0.000000   0.308500     0.0861       -99.999000           -3.373739e+01         -100.00
10.680000      9.650000     0.000000   0.304400     0.0861       -99.999000           -3.072389e+01         -100.00
10.700000      8.000000     0.000000   0.370900     0.0874       -99.999000           -1.057943e+02         -100.00
10.700000      8.050000     0.000000   0.370400     0.0874       -99.999000           -1.057943e+02         -100.00
10.700000      8.100000     0.000000   0.369800     0.0874       -99.999000           -1.057943e+02         -100.00
10.700000      8.150000     0.000000   0.369200     0.0874       -99.999000           -1.057943e+02         -100.00
10.700000      8.200000     0.000000   0.368600     0.0874       -99.999000           -1.057943e+02         -100.00
10.700000      8.250000     0.000000   0.367900     0.0874       -99.999000           -1.057943e+02         -100.00
10.700000      8.300000     0.000000   0.367200     0.0874       -99.999000           -1.057943e+02         -100.00
10.700000      8.350000     0.000000   0.366400     0.0874       -99.999000           -1.057943e+02         -100.00
10.700000      8.400000     0.000000   0.365600     0.0874       -99.999000           -1.057943e+02         -100.00
10.700000      8.450000     0.000000   0.364700     0.0874       -99.999000           -1.057943e+02         -100.00
10.700000      8.500000     0.000000   0.363700     0.0874       -99.999000           -1.057943e+02         -100.00
10.700000      8.550000     0.000000   0.362600     0.0874       -99.999000           -1.057943e+02         -100.00
10.700000      8.600000     0.000000   0.361500     0.0874       -99.999000           -1.057943e+02         -100.00
10.700000      8.650000     0.000000   0.360300     0.0874       -99.999000           -1.057943e+02         -100.00
10.700000      8.700000     0.000000   0.359000     0.0874       -99.999000           -1.057943e+02         -100.00
10.700000      8.750000     0.000000   0.357600     0.0874       -99.999000           -1.057943e+02         -100.00
10.700000      8.800000     0.000000   0.356100     0.0874       -99.999000           -1.057943e+02         -100.00
10.700000      8.850000     0.000000   0.354500     0.0874       -99.999000           -1.057943e+02         -100.00
10.700000      8.900000     0.000000   0.352800     0.0874       -99.999000           -1.057943e+02         -100.00
10.700000      8.950000     0.000000   0.351000     0.0874       -99.999000           -1.057943e+02         -100.00
10.700000      9.000000     0.000000   0.349100     0.0874       -99.999000           -1.057943e+02         -100.00
10.700000      9.050000     0.000000   0.347000     0.0874       -99.999000           -1.021535e+02         -100.00
10.700000      9.100000     0.000000   0.344800     0.0874       -99.999000           -9.202449e+01         -100.00
10.700000      9.150000     0.000000   0.342500     0.0874       -99.999000           -8.296949e+01         -100.00
10.700000      9.200000     0.000000   0.340000     0.0874       -99.999000           -7.487129e+01         -100.00
10.700000      9.250000     0.000000   0.337300     0.0874       -99.999000           -6.762539e+01         -100.00
10.700000      9.300000     0.000000   0.334500     0.0874       -99.999000           -6.113879e+01         -100.00
10.700000      9.350000     0.000000   0.331500     0.0874       -99.999000           -5.532849e+01         -100.00
10.700000      9.400000     0.000000   0.328400     0.0874       -99.999000           -5.012059e+01         -100.00
10.700000      9.450000     0.000000   0.325000     0.0874       -99.999000           -4.544909e+01         -100.00
10.700000      9.500000     0.000000   0.321500     0.0874       -99.999000           -4.125529e+01         -100.00
10.700000      9.550000     0.000000   0.317800     0.0874       -99.999000           -3.748699e+01         -100.00
10.700000      9.600000     0.000000   0.313800     0.0874       -99.999000           -3.409739e+01         -100.00
10.700000      9.650000     0.000000   0.309700     0.0874       -99.999000           -3.104489e+01         -100.00
10.720000      8.000000     0.000000   0.376700     0.0888       -99.999000           -1.057943e+02         -100.00
10.720000      8.050000     0.000000   0.376200     0.0888       -99.999000           -1.057943e+02         -100.00
10.720000      8.100000     0.000000   0.375600     0.0888       -99.999000           -1.057943e+02         -100.00
10.720000      8.150000     0.000000   0.375000     0.0888       -99.999000           -1.057943e+02         -100.00
10.720000      8.200000     0.000000   0.374400     0.0888       -99.999000           -1.057943e+02         -100.00
10.720000      8.250000     0.000000   0.373700     0.0888       -99.999000           -1.057943e+02         -100.00
10.720000      8.300000     0.000000   0.373000     0.0888       -99.999000           -1.057943e+02         -100.00
10.720000      8.350000     0.000000   0.372200     0.0888       -99.999000           -1.057943e+02         -100.00
10.720000      8.400000     0.000000   0.371300     0.0888       -99.999000           -1.057943e+02         -100.00
10.720000      8.450000     0.000000   0.370400     0.0888       -99.999000           -1.057943e+02         -100.00
10.720000      8.500000     0.000000   0.369400     0.0888       -99.999000           -1.057943e+02         -100.00
10.720000      8.550000     0.000000   0.368400     0.0888       -99.999000           -1.057943e+02         -100.00
10.720000      8.600000     0.000000   0.367200     0.0888       -99.999000           -1.057943e+02         -100.00
10.720000      8.650000     0.000000   0.366000     0.0888       -99.999000           -1.057943e+02         -100.00
10.720000      8.700000     0.000000   0.364700     0.0888       -99.999000           -1.057943e+02         -100.00
10.720000      8.750000     0.000000   0.363300     0.0888       -99.999000           -1.057943e+02         -100.00
10.720000      8.800000     0.000000   0.361800     0.0888       -99.999000           -1.057943e+02         -100.00
10.720000      8.850000     0.000000   0.360200     0.0888       -99.999000           -1.057943e+02         -100.00
10.720000      8.900000     0.000000   0.358500     0.0888       -99.999000           -1.057943e+02         -100.00
10.720000      8.950000     0.000000   0.356700     0.0888       -99.999000           -1.057943e+02         -100.00
10.720000      9.000000     0.000000   0.354800     0.0888       -99.999000           -1.057943e+02         -100.00
10.720000      9.050000     0.000000   0.352700     0.0888       -99.999000           -1.034452e+02         -100.00
10.720000      9.100000     0.000000   0.350500     0.0888       -99.999000           -9.317609e+01         -100.00
10.720000      9.150000     0.000000   0.348100     0.0888       -99.999000           -8.399619e+01         -100.00
10.720000      9.200000     0.000000   0.345600     0.0888       -99.999000           -7.578659e+01         -100.00
10.720000      9.250000     0.000000   0.342900     0.0888       -99.999000           -6.844139e+01         -100.00
10.720000      9.300000     0.000000   0.340100     0.0888       -99.999000           -6.186629e+01         -100.00
10.720000      9.350000     0.000000   0.337100     0.0888       -99.999000           -5.597709e+01         -100.00
10.720000      9.400000     0.000000   0.333900     0.0888       -99.999000           -5.069879e+01         -100.00
10.720000      9.450000     0.000000   0.330500     0.0888       -99.999000           -4.596469e+01         -100.00
10.720000      9.500000     0.000000   0.327000     0.0888       -99.999000           -4.171509e+01         -100.00
10.720000      9.550000     0.000000   0.323200     0.0888       -99.999000           -3.789689e+01         -100.00
10.720000      9.600000     0.000000   0.319200     0.0888       -99.999000           -3.446289e+01         -100.00
10.720000      9.650000     0.000000   0.315100     0.0888       -99.999000           -3.137089e+01         -100.00
10.740000      8.000000     0.000000   0.382600     0.0902       -99.999000           -1.057943e+02         -100.00
10.740000      8.050000     0.000000   0.382100     0.0902       -99.999000           -1.057943e+02         -100.00
10.740000      8.100000     0.000000   0.381500     0.0902       -99.999000           -1.057943e+02         -100.00
10.740000      8.150000     0.000000   0.380900     0.0902       -99.999000           -1.057943e+02         -100.00
10.740000      8.200000     0.000000   0.380300     0.0902       -99.999000           -1.057943e+02         -100.00
10.740000      8.250000     0.000000   0.379600     0.0902       -99.999000           -1.057943e+02         -100.00
10.740000      8.300000     0.000000   0.378900     0.0902       -99.999000           -1.057943e+02         -100.00
10.740000      8.350000     0.000000   0.378100     0.0902       -99.999000           -1.057943e+02         -100.00
10.740000      8.400000     0.000000   0.377200     0.0902       -99.999000           -1.057943e+02         -100.00
10.740000      8.450000     0.000000   0.376300     0.0902       -99.999000           -1.057943e+02         -100.00
10.740000      8.500000     0.000000   0.375300     0.0902       -99.999000           -1.057943e+02         -100.00
10.740000      8.550000     0.000000   0.374200     0.0902       -99.999000           -1.057943e+02         -100.00
10.740000      8.600000     0.000000   0.373100     0.0902       -99.999000           -1.057943e+02         -100.00
10.740000      8.650000     0.000000   0.371900     0.0902       -99.999000           -1.057943e+02         -100.00
10.740000      8.700000     0.000000   0.370600     0.0902       -99.999000           -1.057943e+02         -100.00
10.740000      8.750000     0.000000   0.369200     0.0902       -99.999000           -1.057943e+02         -100.00
10.740000      8.800000     0.000000   0.367600     0.0902       -99.999000           -1.057943e+02         -100.00
10.740000      8.850000     0.000000   0.366000     0.0902       -99.999000           -1.057943e+02         -100.00
10.740000      8.900000     0.000000   0.364300     0.0902       -99.999000           -1.057943e+02         -100.00
10.740000      8.950000     0.000000   0.362500     0.0902       -99.999000           -1.057943e+02         -100.00
10.740000      9.000000     0.000000   0.360500     0.0902       -99.999000           -1.057943e+02         -100.00
10.740000      9.050000     0.000000   0.358400     0.0902       -99.999000           -1.047569e+02         -100.00
10.740000      9.100000     0.000000   0.356200     0.0902       -99.999000           -9.434549e+01         -100.00
10.740000      9.150000     0.000000   0.353800     0.0902       -99.999000           -8.503869e+01         -100.00
10.740000      9.200000     0.000000   0.351300     0.0902       -99.999000           -7.671599e+01         -100.00
10.740000      9.250000     0.000000   0.348600     0.0902       -99.999000           -6.926999e+01         -100.00
10.740000      9.300000     0.000000   0.345700     0.0902       -99.999000           -6.260499e+01         -100.00
10.740000      9.350000     0.000000   0.342700     0.0902       -99.999000           -5.663569e+01         -100.00
10.740000      9.400000     0.000000   0.339500     0.0902       -99.999000           -5.128609e+01         -100.00
10.740000      9.450000     0.000000   0.336100     0.0902       -99.999000           -4.648829e+01         -100.00
10.740000      9.500000     0.000000   0.332500     0.0902       -99.999000           -4.218189e+01         -100.00
10.740000      9.550000     0.000000   0.328700     0.0902       -99.999000           -3.831319e+01         -100.00
10.740000      9.600000     0.000000   0.324700     0.0902       -99.999000           -3.483409e+01         -100.00
10.740000      9.650000     0.000000   0.320500     0.0902       -99.999000           -3.170189e+01         -100.00
10.760000      8.000000     0.000000   0.388500     0.0916       -99.999000           -1.057943e+02         -100.00
10.760000      8.050000     0.000000   0.388000     0.0916       -99.999000           -1.057943e+02         -100.00
10.760000      8.100000     0.000000   0.387500     0.0916       -99.999000           -1.057943e+02         -100.00
10.760000      8.150000     0.000000   0.386900     0.0916       -99.999000           -1.057943e+02         -100.00
10.760000      8.200000     0.000000   0.386200     0.0916       -99.999000           -1.057943e+02         -100.00
10.760000      8.250000     0.000000   0.385600     0.0916       -99.999000           -1.057943e+02         -100.00
10.760000      8.300000     0.000000   0.384800     0.0916       -99.999000           -1.057943e+02         -100.00
10.760000      8.350000     0.000000   0.384000     0.0916       -99.999000           -1.057943e+02         -100.00
10.760000      8.400000     0.000000   0.383200     0.0916       -99.999000           -1.057943e+02         -100.00
10.760000      8.450000     0.000000   0.382200     0.0916       -99.999000           -1.057943e+02         -100.00
10.760000      8.500000     0.000000   0.381200     0.0916       -99.999000           -1.057943e+02         -100.00
10.760000      8.550000     0.000000   0.380200     0.0916       -99.999000           -1.057943e+02         -100.00
10.760000      8.600000     0.000000   0.379000     0.0916       -99.999000           -1.057943e+02         -100.00
10.760000      8.650000     0.000000   0.377800     0.0916       -99.999000           -1.057943e+02         -100.00
10.760000      8.700000     0.000000   0.376500     0.0916       -99.999000           -1.057943e+02         -100.00
10.760000      8.750000     0.000000   0.375100     0.0916       -99.999000           -1.057943e+02         -100.00
10.760000      8.800000     0.000000   0.373500     0.0916       -99.999000           -1.057943e+02         -100.00
10.760000      8.850000     0.000000   0.371900     0.0916       -99.999000           -1.057943e+02         -100.00
10.760000      8.900000     0.000000   0.370200     0.0916       -99.999000           -1.057943e+02         -100.00
10.760000      8.950000     0.000000   0.368300     0.0916       -99.999000           -1.057943e+02         -100.00
10.760000      9.000000     0.000000   0.366400     0.0916       -99.999000           -1.057943e+02         -100.00
10.760000      9.050000     0.000000   0.364300     0.0916       -99.999000           -1.057943e+02         -100.00
10.760000      9.100000     0.000000   0.362000     0.0916       -99.999000           -9.553299e+01         -100.00
10.760000      9.150000     0.000000   0.359600     0.0916       -99.999000           -8.609729e+01         -100.00
10.760000      9.200000     0.000000   0.357100     0.0916       -99.999000           -7.765979e+01         -100.00
10.760000      9.250000     0.000000   0.354400     0.0916       -99.999000           -7.011139e+01         -100.00
10.760000      9.300000     0.000000   0.351500     0.0916       -99.999000           -6.335519e+01         -100.00
10.760000      9.350000     0.000000   0.348400     0.0916       -99.999000           -5.730459e+01         -100.00
10.760000      9.400000     0.000000   0.345200     0.0916       -99.999000           -5.188239e+01         -100.00
10.760000      9.450000     0.000000   0.341800     0.0916       -99.999000           -4.701989e+01         -100.00
10.760000      9.500000     0.000000   0.338200     0.0916       -99.999000           -4.265599e+01         -100.00
10.760000      9.550000     0.000000   0.334300     0.0916       -99.999000           -3.873589e+01         -100.00
10.760000      9.600000     0.000000   0.330300     0.0916       -99.999000           -3.521109e+01         -100.00
10.760000      9.650000     0.000000   0.326100     0.0916       -99.999000           -3.203799e+01         -100.00
10.780000      8.000000     0.000000   0.394600     0.0930       -99.999000           -1.057943e+02         -100.00
10.780000      8.050000     0.000000   0.394100     0.0930       -99.999000           -1.057943e+02         -100.00
10.780000      8.100000     0.000000   0.393600     0.0930       -99.999000           -1.057943e+02         -100.00
10.780000      8.150000     0.000000   0.393000     0.0930       -99.999000           -1.057943e+02         -100.00
10.780000      8.200000     0.000000   0.392300     0.0930       -99.999000           -1.057943e+02         -100.00
10.780000      8.250000     0.000000   0.391600     0.0930       -99.999000           -1.057943e+02         -100.00
10.780000      8.300000     0.000000   0.390900     0.0930       -99.999000           -1.057943e+02         -100.00
10.780000      8.350000     0.000000   0.390100     0.0930       -99.999000           -1.057943e+02         -100.00
10.780000      8.400000     0.000000   0.389200     0.0930       -99.999000           -1.057943e+02         -100.00
10.780000      8.450000     0.000000   0.388300     0.0930       -99.999000           -1.057943e+02         -100.00
10.780000      8.500000     0.000000   0.387300     0.0930       -99.999000           -1.057943e+02         -100.00
10.780000      8.550000     0.000000   0.386200     0.0930       -99.999000           -1.057943e+02         -100.00
10.780000      8.600000     0.000000   0.385000     0.0930       -99.999000           -1.057943e+02         -100.00
10.780000      8.650000     0.000000   0.383800     0.0930       -99.999000           -1.057943e+02         -100.00
10.780000      8.700000     0.000000   0.382500     0.0930       -99.999000           -1.057943e+02         -100.00
10.780000      8.750000     0.000000   0.381100     0.0930       -99.999000           -1.057943e+02         -100.00
10.780000      8.800000     0.000000   0.379500     0.0930       -99.999000           -1.057943e+02         -100.00
10.780000      8.850000     0.000000   0.377900     0.0930       -99.999000           -1.057943e+02         -100.00
10.780000      8.900000     0.000000   0.376200     0.0930       -99.999000           -1.057943e+02         -100.00
10.780000      8.950000     0.000000   0.374300     0.0930       -99.999000           -1.057943e+02         -100.00
10.780000      9.000000     0.000000   0.372300     0.0930       -99.999000           -1.057943e+02         -100.00
10.780000      9.050000     0.000000   0.370200     0.0930       -99.999000           -1.057943e+02         -100.00
10.780000      9.100000     0.000000   0.367900     0.0930       -99.999000           -9.673879e+01         -100.00
10.780000      9.150000     0.000000   0.365500     0.0930       -99.999000           -8.717229e+01         -100.00
10.780000      9.200000     0.000000   0.362900     0.0930       -99.999000           -7.861809e+01         -100.00
10.780000      9.250000     0.000000   0.360200     0.0930       -99.999000           -7.096579e+01         -100.00
10.780000      9.300000     0.000000   0.357300     0.0930       -99.999000           -6.411699e+01         -100.00
10.780000      9.350000     0.000000   0.354200     0.0930       -99.999000           -5.798369e+01         -100.00
10.780000      9.400000     0.000000   0.351000     0.0930       -99.999000           -5.248789e+01         -100.00
10.780000      9.450000     0.000000   0.347500     0.0930       -99.999000           -4.755979e+01         -100.00
10.780000      9.500000     0.000000   0.343900     0.0930       -99.999000           -4.313739e+01         -100.00
10.780000      9.550000     0.000000   0.340000     0.0930       -99.999000           -3.916509e+01         -100.00
10.780000      9.600000     0.000000   0.336000     0.0930       -99.999000           -3.559379e+01         -100.00
10.780000      9.650000     0.000000   0.331700     0.0930       -99.999000           -3.237929e+01         -100.00
10.800000      8.000000     0.000000   0.400800     0.0944       -99.999000           -1.057943e+02         -100.00
10.800000      8.050000     0.000000   0.400300     0.0944       -99.999000           -1.057943e+02         -100.00
10.800000      8.100000     0.000000   0.399700     0.0944       -99.999000           -1.057943e+02         -100.00
10.800000      8.150000     0.000000   0.399100     0.0944       -99.999000           -1.057943e+02         -100.00
10.800000      8.200000     0.000000   0.398500     0.0944       -99.999000           -1.057943e+02         -100.00
10.800000      8.250000     0.000000   0.397800     0.0944       -99.999000           -1.057943e+02         -100.00
10.800000      8.300000     0.000000   0.397000     0.0944       -99.999000           -1.057943e+02         -100.00
10.800000      8.350000     0.000000   0.396200     0.0944       -99.999000           -1.057943e+02         -100.00
10.800000      8.400000     0.000000   0.395300     0.0944       -99.999000           -1.057943e+02         -100.00
10.800000      8.450000     0.000000   0.394400     0.0944       -99.999000           -1.057943e+02         -100.00
10.800000      8.500000     0.000000   0.393400     0.0944       -99.999000           -1.057943e+02         -100.00
10.800000      8.550000     0.000000   0.392300     0.0944       -99.999000           -1.057943e+02         -100.00
10.800000      8.600000     0.000000   0.391200     0.0944       -99.999000           -1.057943e+02         -100.00
10.800000      8.650000     0.000000   0.389900     0.0944       -99.999000           -1.057943e+02         -100.00
10.800000      8.700000     0.000000   0.388600     0.0944       -99.999000           -1.057943e+02         -100.00
10.800000      8.750000     0.000000   0.387100     0.0944       -99.999000           -1.057943e+02         -100.00
10.800000      8.800000     0.000000   0.385600     0.0944       -99.999000           -1.057943e+02         -100.00
10.800000      8.850000     0.000000   0.384000     0.0944       -99.999000           -1.057943e+02         -100.00
10.800000      8.900000     0.000000   0.382200     0.0944       -99.999000           -1.057943e+02         -100.00
10.800000      8.950000     0.000000   0.380300     0.0944       -99.999000           -1.057943e+02         -100.00
10.800000      9.000000     0.000000   0.378300     0.0944       -99.999000           -1.057943e+02         -100.00
10.800000      9.050000     0.000000   0.376200     0.0944       -99.999000           -1.057943e+02         -100.00
10.800000      9.100000     0.000000   0.373900     0.0944       -99.999000           -9.796329e+01         -100.00
10.800000      9.150000     0.000000   0.371500     0.0944       -99.999000           -8.826399e+01         -100.00
10.800000      9.200000     0.000000   0.368900     0.0944       -99.999000           -7.959139e+01         -100.00
10.800000      9.250000     0.000000   0.366200     0.0944       -99.999000           -7.183349e+01         -100.00
10.800000      9.300000     0.000000   0.363300     0.0944       -99.999000           -6.489049e+01         -100.00
10.800000      9.350000     0.000000   0.360200     0.0944       -99.999000           -5.867339e+01         -100.00
10.800000      9.400000     0.000000   0.356900     0.0944       -99.999000           -5.310279e+01         -100.00
10.800000      9.450000     0.000000   0.353400     0.0944       -99.999000           -4.810809e+01         -100.00
10.800000      9.500000     0.000000   0.349700     0.0944       -99.999000           -4.362619e+01         -100.00
10.800000      9.550000     0.000000   0.345800     0.0944       -99.999000           -3.960099e+01         -100.00
10.800000      9.600000     0.000000   0.341700     0.0944       -99.999000           -3.598249e+01         -100.00
10.800000      9.650000     0.000000   0.337400     0.0944       -99.999000           -3.272589e+01         -100.00
10.820000      8.000000     0.000000   0.407100     0.0959       -99.999000           -1.057943e+02         -100.00
10.820000      8.050000     0.000000   0.406500     0.0959       -99.999000           -1.057943e+02         -100.00
10.820000      8.100000     0.000000   0.406000     0.0959       -99.999000           -1.057943e+02         -100.00
10.820000      8.150000     0.000000   0.405400     0.0959       -99.999000           -1.057943e+02         -100.00
10.820000      8.200000     0.000000   0.404700     0.0959       -99.999000           -1.057943e+02         -100.00
10.820000      8.250000     0.000000   0.404000     0.0959       -99.999000           -1.057943e+02         -100.00
10.820000      8.300000     0.000000   0.403300     0.0959       -99.999000           -1.057943e+02         -100.00
10.820000      8.350000     0.000000   0.402500     0.0959       -99.999000           -1.057943e+02         -100.00
10.820000      8.400000     0.000000   0.401600     0.0959       -99.999000           -1.057943e+02         -100.00
10.820000      8.450000     0.000000   0.400600     0.0959       -99.999000           -1.057943e+02         -100.00
10.820000      8.500000     0.000000   0.399600     0.0959       -99.999000           -1.057943e+02         -100.00
10.820000      8.550000     0.000000   0.398500     0.0959       -99.999000           -1.057943e+02         -100.00
10.820000      8.600000     0.000000   0.397400     0.0959       -99.999000           -1.057943e+02         -100.00
10.820000      8.650000     0.000000   0.396100     0.0959       -99.999000           -1.057943e+02         -100.00
10.820000      8.700000     0.000000   0.394800     0.0959       -99.999000           -1.057943e+02         -100.00
10.820000      8.750000     0.000000   0.393300     0.0959       -99.999000           -1.057943e+02         -100.00
10.820000      8.800000     0.000000   0.391800     0.0959       -99.999000           -1.057943e+02         -100.00
10.820000      8.850000     0.000000   0.390100     0.0959       -99.999000           -1.057943e+02         -100.00
10.820000      8.900000     0.000000   0.388400     0.0959       -99.999000           -1.057943e+02         -100.00
10.820000      8.950000     0.000000   0.386500     0.0959       -99.999000           -1.057943e+02         -100.00
10.820000      9.000000     0.000000   0.384500     0.0959       -99.999000           -1.057943e+02         -100.00
10.820000      9.050000     0.000000   0.382300     0.0959       -99.999000           -1.057943e+02         -100.00
10.820000      9.100000     0.000000   0.380000     0.0959       -99.999000           -9.920679e+01         -100.00
10.820000      9.150000     0.000000   0.377600     0.0959       -99.999000           -8.937249e+01         -100.00
10.820000      9.200000     0.000000   0.375000     0.0959       -99.999000           -8.057969e+01         -100.00
10.820000      9.250000     0.000000   0.372200     0.0959       -99.999000           -7.271459e+01         -100.00
10.820000      9.300000     0.000000   0.369300     0.0959       -99.999000           -6.567599e+01         -100.00
10.820000      9.350000     0.000000   0.366200     0.0959       -99.999000           -5.937369e+01         -100.00
10.820000      9.400000     0.000000   0.362800     0.0959       -99.999000           -5.372719e+01         -100.00
10.820000      9.450000     0.000000   0.359300     0.0959       -99.999000           -4.866479e+01         -100.00
10.820000      9.500000     0.000000   0.355600     0.0959       -99.999000           -4.412259e+01         -100.00
10.820000      9.550000     0.000000   0.351700     0.0959       -99.999000           -4.004359e+01         -100.00
10.820000      9.600000     0.000000   0.347600     0.0959       -99.999000           -3.637709e+01         -100.00
10.820000      9.650000     0.000000   0.343200     0.0959       -99.999000           -3.307779e+01         -100.00
10.840000      8.000000     0.000000   0.413400     0.0974       -99.999000           -1.057943e+02         -100.00
10.840000      8.050000     0.000000   0.412900     0.0974       -99.999000           -1.057943e+02         -100.00
10.840000      8.100000     0.000000   0.412300     0.0974       -99.999000           -1.057943e+02         -100.00
10.840000      8.150000     0.000000   0.411700     0.0974       -99.999000           -1.057943e+02         -100.00
10.840000      8.200000     0.000000   0.411100     0.0974       -99.999000           -1.057943e+02         -100.00
10.840000      8.250000     0.000000   0.410400     0.0974       -99.999000           -1.057943e+02         -100.00
10.840000      8.300000     0.000000   0.409600     0.0974       -99.999000           -1.057943e+02         -100.00
10.840000      8.350000     0.000000   0.408800     0.0974       -99.999000           -1.057943e+02         -100.00
10.840000      8.400000     0.000000   0.407900     0.0974       -99.999000           -1.057943e+02         -100.00
10.840000      8.450000     0.000000   0.407000     0.0974       -99.999000           -1.057943e+02         -100.00
10.840000      8.500000     0.000000   0.405900     0.0974       -99.999000           -1.057943e+02         -100.00
10.840000      8.550000     0.000000   0.404900     0.0974       -99.999000           -1.057943e+02         -100.00
10.840000      8.600000     0.000000   0.403700     0.0974       -99.999000           -1.057943e+02         -100.00
10.840000      8.650000     0.000000   0.402400     0.0974       -99.999000           -1.057943e+02         -100.00
10.840000      8.700000     0.000000   0.401100     0.0974       -99.999000           -1.057943e+02         -100.00
10.840000      8.750000     0.000000   0.399600     0.0974       -99.999000           -1.057943e+02         -100.00
10.840000      8.800000     0.000000   0.398100     0.0974       -99.999000           -1.057943e+02         -100.00
10.840000      8.850000     0.000000   0.396400     0.0974       -99.999000           -1.057943e+02         -100.00
10.840000      8.900000     0.000000   0.394600     0.0974       -99.999000           -1.057943e+02         -100.00
10.840000      8.950000     0.000000   0.392700     0.0974       -99.999000           -1.057943e+02         -100.00
10.840000      9.000000     0.000000   0.390700     0.0974       -99.999000           -1.057943e+02         -100.00
10.840000      9.050000     0.000000   0.388500     0.0974       -99.999000           -1.057943e+02         -100.00
10.840000      9.100000     0.000000   0.386200     0.0974       -99.999000           -1.004695e+02         -100.00
10.840000      9.150000     0.000000   0.383800     0.0974       -99.999000           -9.049819e+01         -100.00
10.840000      9.200000     0.000000   0.381100     0.0974       -99.999000           -8.158319e+01         -100.00
10.840000      9.250000     0.000000   0.378400     0.0974       -99.999000           -7.360929e+01         -100.00
10.840000      9.300000     0.000000   0.375400     0.0974       -99.999000           -6.647369e+01         -100.00
10.840000      9.350000     0.000000   0.372300     0.0974       -99.999000           -6.008489e+01         -100.00
10.840000      9.400000     0.000000   0.368900     0.0974       -99.999000           -5.436129e+01         -100.00
10.840000      9.450000     0.000000   0.365400     0.0974       -99.999000           -4.923009e+01         -100.00
10.840000      9.500000     0.000000   0.361600     0.0974       -99.999000           -4.462659e+01         -100.00
10.840000      9.550000     0.000000   0.357700     0.0974       -99.999000           -4.049299e+01         -100.00
10.840000      9.600000     0.000000   0.353500     0.0974       -99.999000           -3.677789e+01         -100.00
10.840000      9.650000     0.000000   0.349100     0.0974       -99.999000           -3.343519e+01         -100.00
10.860000      8.000000     0.000000   0.419900     0.0989       -99.999000           -1.057943e+02         -100.00
10.860000      8.050000     0.000000   0.419400     0.0989       -99.999000           -1.057943e+02         -100.00
10.860000      8.100000     0.000000   0.418800     0.0989       -99.999000           -1.057943e+02         -100.00
10.860000      8.150000     0.000000   0.418200     0.0989       -99.999000           -1.057943e+02         -100.00
10.860000      8.200000     0.000000   0.417500     0.0989       -99.999000           -1.057943e+02         -100.00
10.860000      8.250000     0.000000   0.416800     0.0989       -99.999000           -1.057943e+02         -100.00
10.860000      8.300000     0.000000   0.416100     0.0989       -99.999000           -1.057943e+02         -100.00
10.860000      8.350000     0.000000   0.415200     0.0989       -99.999000           -1.057943e+02         -100.00
10.860000      8.400000     0.000000   0.414300     0.0989       -99.999000           -1.057943e+02         -100.00
10.860000      8.450000     0.000000   0.413400     0.0989       -99.999000           -1.057943e+02         -100.00
10.860000      8.500000     0.000000   0.412400     0.0989       -99.999000           -1.057943e+02         -100.00
10.860000      8.550000     0.000000   0.411300     0.0989       -99.999000           -1.057943e+02         -100.00
10.860000      8.600000     0.000000   0.410100     0.0989       -99.999000           -1.057943e+02         -100.00
10.860000      8.650000     0.000000   0.408800     0.0989       -99.999000           -1.057943e+02         -100.00
10.860000      8.700000     0.000000   0.407500     0.0989       -99.999000           -1.057943e+02         -100.00
10.860000      8.750000     0.000000   0.406000     0.0989       -99.999000           -1.057943e+02         -100.00
10.860000      8.800000     0.000000   0.404400     0.0989       -99.999000           -1.057943e+02         -100.00
10.860000      8.850000     0.000000   0.402800     0.0989       -99.999000           -1.057943e+02         -100.00
10.860000      8.900000     0.000000   0.401000     0.0989       -99.999000           -1.057943e+02         -100.00
10.860000      8.950000     0.000000   0.399100     0.0989       -99.999000           -1.057943e+02         -100.00
10.860000      9.000000     0.000000   0.397000     0.0989       -99.999000           -1.057943e+02         -100.00
10.860000      9.050000     0.000000   0.394900     0.0989       -99.999000           -1.057943e+02         -100.00
10.860000      9.100000     0.000000   0.392500     0.0989       -99.999000           -1.017518e+02         -100.00
10.860000      9.150000     0.000000   0.390000     0.0989       -99.999000           -9.164139e+01         -100.00
10.860000      9.200000     0.000000   0.387400     0.0989       -99.999000           -8.260239e+01         -100.00
10.860000      9.250000     0.000000   0.384600     0.0989       -99.999000           -7.451789e+01         -100.00
10.860000      9.300000     0.000000   0.381600     0.0989       -99.999000           -6.728369e+01         -100.00
10.860000      9.350000     0.000000   0.378400     0.0989       -99.999000           -6.080709e+01         -100.00
10.860000      9.400000     0.000000   0.375100     0.0989       -99.999000           -5.500509e+01         -100.00
10.860000      9.450000     0.000000   0.371500     0.0989       -99.999000           -4.980419e+01         -100.00
10.860000      9.500000     0.000000   0.367800     0.0989       -99.999000           -4.513849e+01         -100.00
10.860000      9.550000     0.000000   0.363800     0.0989       -99.999000           -4.094939e+01         -100.00
10.860000      9.600000     0.000000   0.359600     0.0989       -99.999000           -3.718479e+01         -100.00
10.860000      9.650000     0.000000   0.355100     0.0989       -99.999000           -3.379809e+01         -100.00
10.880000      8.000000     0.000000   0.426500     0.1004       -99.999000           -1.057943e+02         -100.00
10.880000      8.050000     0.000000   0.425900     0.1004       -99.999000           -1.057943e+02         -100.00
10.880000      8.100000     0.000000   0.425400     0.1004       -99.999000           -1.057943e+02         -100.00
10.880000      8.150000     0.000000   0.424700     0.1004       -99.999000           -1.057943e+02         -100.00
10.880000      8.200000     0.000000   0.424100     0.1004       -99.999000           -1.057943e+02         -100.00
10.880000      8.250000     0.000000   0.423400     0.1004       -99.999000           -1.057943e+02         -100.00
10.880000      8.300000     0.000000   0.422600     0.1004       -99.999000           -1.057943e+02         -100.00
10.880000      8.350000     0.000000   0.421800     0.1004       -99.999000           -1.057943e+02         -100.00
10.880000      8.400000     0.000000   0.420900     0.1004       -99.999000           -1.057943e+02         -100.00
10.880000      8.450000     0.000000   0.419900     0.1004       -99.999000           -1.057943e+02         -100.00
10.880000      8.500000     0.000000   0.418900     0.1004       -99.999000           -1.057943e+02         -100.00
10.880000      8.550000     0.000000   0.417800     0.1004       -99.999000           -1.057943e+02         -100.00
10.880000      8.600000     0.000000   0.416600     0.1004       -99.999000           -1.057943e+02         -100.00
10.880000      8.650000     0.000000   0.415300     0.1004       -99.999000           -1.057943e+02         -100.00
10.880000      8.700000     0.000000   0.414000     0.1004       -99.999000           -1.057943e+02         -100.00
10.880000      8.750000     0.000000   0.412500     0.1004       -99.999000           -1.057943e+02         -100.00
10.880000      8.800000     0.000000   0.410900     0.1004       -99.999000           -1.057943e+02         -100.00
10.880000      8.850000     0.000000   0.409200     0.1004       -99.999000           -1.057943e+02         -100.00
10.880000      8.900000     0.000000   0.407400     0.1004       -99.999000           -1.057943e+02         -100.00
10.880000      8.950000     0.000000   0.405500     0.1004       -99.999000           -1.057943e+02         -100.00
10.880000      9.000000     0.000000   0.403500     0.1004       -99.999000           -1.057943e+02         -100.00
10.880000      9.050000     0.000000   0.401300     0.1004       -99.999000           -1.057943e+02         -100.00
10.880000      9.100000     0.000000   0.398900     0.1004       -99.999000           -1.030539e+02         -100.00
10.880000      9.150000     0.000000   0.396400     0.1004       -99.999000           -9.280219e+01         -100.00
10.880000      9.200000     0.000000   0.393800     0.1004       -99.999000           -8.363729e+01         -100.00
10.880000      9.250000     0.000000   0.390900     0.1004       -99.999000           -7.544049e+01         -100.00
10.880000      9.300000     0.000000   0.387900     0.1004       -99.999000           -6.810629e+01         -100.00
10.880000      9.350000     0.000000   0.384700     0.1004       -99.999000           -6.154039e+01         -100.00
10.880000      9.400000     0.000000   0.381400     0.1004       -99.999000           -5.565899e+01         -100.00
10.880000      9.450000     0.000000   0.377800     0.1004       -99.999000           -5.038709e+01         -100.00
10.880000      9.500000     0.000000   0.374000     0.1004       -99.999000           -4.565819e+01         -100.00
10.880000      9.550000     0.000000   0.370000     0.1004       -99.999000           -4.141289e+01         -100.00
10.880000      9.600000     0.000000   0.365700     0.1004       -99.999000           -3.759809e+01         -100.00
10.880000      9.650000     0.000000   0.361300     0.1004       -99.999000           -3.416659e+01         -100.00
10.900000      8.000000     0.000000   0.433100     0.1020       -99.999000           -1.057943e+02         -100.00
10.900000      8.050000     0.000000   0.432600     0.1020       -99.999000           -1.057943e+02         -100.00
10.900000      8.100000     0.000000   0.432000     0.1020       -99.999000           -1.057943e+02         -100.00
10.900000      8.150000     0.000000   0.431400     0.1020       -99.999000           -1.057943e+02         -100.00
10.900000      8.200000     0.000000   0.430700     0.1020       -99.999000           -1.057943e+02         -100.00
10.900000      8.250000     0.000000   0.430000     0.1020       -99.999000           -1.057943e+02         -100.00
10.900000      8.300000     0.000000   0.429200     0.1020       -99.999000           -1.057943e+02         -100.00
10.900000      8.350000     0.000000   0.428400     0.1020       -99.999000           -1.057943e+02         -100.00
10.900000      8.400000     0.000000   0.427500     0.1020       -99.999000           -1.057943e+02         -100.00
10.900000      8.450000     0.000000   0.426600     0.1020       -99.999000           -1.057943e+02         -100.00
10.900000      8.500000     0.000000   0.425500     0.1020       -99.999000           -1.057943e+02         -100.00
10.900000      8.550000     0.000000   0.424400     0.1020       -99.999000           -1.057943e+02         -100.00
10.900000      8.600000     0.000000   0.423200     0.1020       -99.999000           -1.057943e+02         -100.00
10.900000      8.650000     0.000000   0.421900     0.1020       -99.999000           -1.057943e+02         -100.00
10.900000      8.700000     0.000000   0.420600     0.1020       -99.999000           -1.057943e+02         -100.00
10.900000      8.750000     0.000000   0.419100     0.1020       -99.999000           -1.057943e+02         -100.00
10.900000      8.800000     0.000000   0.417500     0.1020       -99.999000           -1.057943e+02         -100.00
10.900000      8.850000     0.000000   0.415800     0.1020       -99.999000           -1.057943e+02         -100.00
10.900000      8.900000     0.000000   0.414000     0.1020       -99.999000           -1.057943e+02         -100.00
10.900000      8.950000     0.000000   0.412100     0.1020       -99.999000           -1.057943e+02         -100.00
10.900000      9.000000     0.000000   0.410000     0.1020       -99.999000           -1.057943e+02         -100.00
10.900000      9.050000     0.000000   0.407800     0.1020       -99.999000           -1.057943e+02         -100.00
10.900000      9.100000     0.000000   0.405400     0.1020       -99.999000           -1.043762e+02         -100.00
10.900000      9.150000     0.000000   0.402900     0.1020       -99.999000           -9.398099e+01         -100.00
10.900000      9.200000     0.000000   0.400200     0.1020       -99.999000           -8.468819e+01         -100.00
10.900000      9.250000     0.000000   0.397400     0.1020       -99.999000           -7.637739e+01         -100.00
10.900000      9.300000     0.000000   0.394400     0.1020       -99.999000           -6.894159e+01         -100.00
10.900000      9.350000     0.000000   0.391100     0.1020       -99.999000           -6.228509e+01         -100.00
10.900000      9.400000     0.000000   0.387700     0.1020       -99.999000           -5.632289e+01         -100.00
10.900000      9.450000     0.000000   0.384100     0.1020       -99.999000           -5.097909e+01         -100.00
10.900000      9.500000     0.000000   0.380300     0.1020       -99.999000           -4.618599e+01         -100.00
10.900000      9.550000     0.000000   0.376200     0.1020       -99.999000           -4.188349e+01         -100.00
10.900000      9.600000     0.000000   0.372000     0.1020       -99.999000           -3.801769e+01         -100.00
10.900000      9.650000     0.000000   0.367500     0.1020       -99.999000           -3.454069e+01         -100.00
10.920000      8.000000     0.000000   0.439900     0.1035       -99.999000           -1.057943e+02         -100.00
10.920000      8.050000     0.000000   0.439400     0.1035       -99.999000           -1.057943e+02         -100.00
10.920000      8.100000     0.000000   0.438800     0.1035       -99.999000           -1.057943e+02         -100.00
10.920000      8.150000     0.000000   0.438200     0.1035       -99.999000           -1.057943e+02         -100.00
10.920000      8.200000     0.000000   0.437500     0.1035       -99.999000           -1.057943e+02         -100.00
10.920000      8.250000     0.000000   0.436800     0.1035       -99.999000           -1.057943e+02         -100.00
10.920000      8.300000     0.000000   0.436000     0.1035       -99.999000           -1.057943e+02         -100.00
10.920000      8.350000     0.000000   0.435200     0.1035       -99.999000           -1.057943e+02         -100.00
10.920000      8.400000     0.000000   0.434300     0.1035       -99.999000           -1.057943e+02         -100.00
10.920000      8.450000     0.000000   0.433300     0.1035       -99.999000           -1.057943e+02         -100.00
10.920000      8.500000     0.000000   0.432200     0.1035       -99.999000           -1.057943e+02         -100.00
10.920000      8.550000     0.000000   0.431100     0.1035       -99.999000           -1.057943e+02         -100.00
10.920000      8.600000     0.000000   0.429900     0.1035       -99.999000           -1.057943e+02         -100.00
10.920000      8.650000     0.000000   0.428600     0.1035       -99.999000           -1.057943e+02         -100.00
10.920000      8.700000     0.000000   0.427200     0.1035       -99.999000           -1.057943e+02         -100.00
10.920000      8.750000     0.000000   0.425800     0.1035       -99.999000           -1.057943e+02         -100.00
10.920000      8.800000     0.000000   0.424200     0.1035       -99.999000           -1.057943e+02         -100.00
10.920000      8.850000     0.000000   0.422500     0.1035       -99.999000           -1.057943e+02         -100.00
10.920000      8.900000     0.000000   0.420600     0.1035       -99.999000           -1.057943e+02         -100.00
10.920000      8.950000     0.000000   0.418700     0.1035       -99.999000           -1.057943e+02         -100.00
10.920000      9.000000     0.000000   0.416600     0.1035       -99.999000           -1.057943e+02         -100.00
10.920000      9.050000     0.000000   0.414400     0.1035       -99.999000           -1.057943e+02         -100.00
10.920000      9.100000     0.000000   0.412000     0.1035       -99.999000           -1.057184e+02         -100.00
10.920000      9.150000     0.000000   0.409500     0.1035       -99.999000           -9.517809e+01         -100.00
10.920000      9.200000     0.000000   0.406800     0.1035       -99.999000           -8.575529e+01         -100.00
10.920000      9.250000     0.000000   0.403900     0.1035       -99.999000           -7.732879e+01         -100.00
10.920000      9.300000     0.000000   0.400900     0.1035       -99.999000           -6.978979e+01         -100.00
10.920000      9.350000     0.000000   0.397600     0.1035       -99.999000           -6.304139e+01         -100.00
10.920000      9.400000     0.000000   0.394200     0.1035       -99.999000           -5.699719e+01         -100.00
10.920000      9.450000     0.000000   0.390600     0.1035       -99.999000           -5.158019e+01         -100.00
10.920000      9.500000     0.000000   0.386700     0.1035       -99.999000           -4.672199e+01         -100.00
10.920000      9.550000     0.000000   0.382600     0.1035       -99.999000           -4.236139e+01         -100.00
10.920000      9.600000     0.000000   0.378300     0.1035       -99.999000           -3.844379e+01         -100.00
10.920000      9.650000     0.000000   0.373800     0.1035       -99.999000           -3.492069e+01         -100.00
10.940000      8.000000     0.000000   0.446800     0.1051       -99.999000           -1.057943e+02         -100.00
10.940000      8.050000     0.000000   0.446200     0.1051       -99.999000           -1.057943e+02         -100.00
10.940000      8.100000     0.000000   0.445600     0.1051       -99.999000           -1.057943e+02         -100.00
10.940000      8.150000     0.000000   0.445000     0.1051       -99.999000           -1.057943e+02         -100.00
10.940000      8.200000     0.000000   0.444300     0.1051       -99.999000           -1.057943e+02         -100.00
10.940000      8.250000     0.000000   0.443600     0.1051       -99.999000           -1.057943e+02         -100.00
10.940000      8.300000     0.000000   0.442800     0.1051       -99.999000           -1.057943e+02         -100.00
10.940000      8.350000     0.000000   0.442000     0.1051       -99.999000           -1.057943e+02         -100.00
10.940000      8.400000     0.000000   0.441100     0.1051       -99.999000           -1.057943e+02         -100.00
10.940000      8.450000     0.000000   0.440100     0.1051       -99.999000           -1.057943e+02         -100.00
10.940000      8.500000     0.000000   0.439100     0.1051       -99.999000           -1.057943e+02         -100.00
10.940000      8.550000     0.000000   0.437900     0.1051       -99.999000           -1.057943e+02         -100.00
10.940000      8.600000     0.000000   0.436700     0.1051       -99.999000           -1.057943e+02         -100.00
10.940000      8.650000     0.000000   0.435400     0.1051       -99.999000           -1.057943e+02         -100.00
10.940000      8.700000     0.000000   0.434100     0.1051       -99.999000           -1.057943e+02         -100.00
10.940000      8.750000     0.000000   0.432600     0.1051       -99.999000           -1.057943e+02         -100.00
10.940000      8.800000     0.000000   0.431000     0.1051       -99.999000           -1.057943e+02         -100.00
10.940000      8.850000     0.000000   0.429200     0.1051       -99.999000           -1.057943e+02         -100.00
10.940000      8.900000     0.000000   0.427400     0.1051       -99.999000           -1.057943e+02         -100.00
10.940000      8.950000     0.000000   0.425400     0.1051       -99.999000           -1.057943e+02         -100.00
10.940000      9.000000     0.000000   0.423400     0.1051       -99.999000           -1.057943e+02         -100.00
10.940000      9.050000     0.000000   0.421100     0.1051       -99.999000           -1.057943e+02         -100.00
10.940000      9.100000     0.000000   0.418700     0.1051       -99.999000           -1.057943e+02         -100.00
10.940000      9.150000     0.000000   0.416200     0.1051       -99.999000           -9.639359e+01         -100.00
10.940000      9.200000     0.000000   0.413500     0.1051       -99.999000           -8.683899e+01         -100.00
10.940000      9.250000     0.000000   0.410600     0.1051       -99.999000           -7.829489e+01         -100.00
10.940000      9.300000     0.000000   0.407500     0.1051       -99.999000           -7.065109e+01         -100.00
10.940000      9.350000     0.000000   0.404200     0.1051       -99.999000           -6.380929e+01         -100.00
10.940000      9.400000     0.000000   0.400800     0.1051       -99.999000           -5.768179e+01         -100.00
10.940000      9.450000     0.000000   0.397100     0.1051       -99.999000           -5.219069e+01         -100.00
10.940000      9.500000     0.000000   0.393200     0.1051       -99.999000           -4.726629e+01         -100.00
10.940000      9.550000     0.000000   0.389100     0.1051       -99.999000           -4.284659e+01         -100.00
10.940000      9.600000     0.000000   0.384800     0.1051       -99.999000           -3.887649e+01         -100.00
10.940000      9.650000     0.000000   0.380200     0.1051       -99.999000           -3.530649e+01         -100.00
10.960000      8.000000     0.000000   0.453700     0.1068       -99.999000           -1.057943e+02         -100.00
10.960000      8.050000     0.000000   0.453200     0.1068       -99.999000           -1.057943e+02         -100.00
10.960000      8.100000     0.000000   0.452600     0.1068       -99.999000           -1.057943e+02         -100.00
10.960000      8.150000     0.000000   0.452000     0.1068       -99.999000           -1.057943e+02         -100.00
10.960000      8.200000     0.000000   0.451300     0.1068       -99.999000           -1.057943e+02         -100.00
10.960000      8.250000     0.000000   0.450600     0.1068       -99.999000           -1.057943e+02         -100.00
10.960000      8.300000     0.000000   0.449800     0.1068       -99.999000           -1.057943e+02         -100.00
10.960000      8.350000     0.000000   0.449000     0.1068       -99.999000           -1.057943e+02         -100.00
10.960000      8.400000     0.000000   0.448000     0.1068       -99.999000           -1.057943e+02         -100.00
10.960000      8.450000     0.000000   0.447100     0.1068       -99.999000           -1.057943e+02         -100.00
10.960000      8.500000     0.000000   0.446000     0.1068       -99.999000           -1.057943e+02         -100.00
10.960000      8.550000     0.000000   0.444900     0.1068       -99.999000           -1.057943e+02         -100.00
10.960000      8.600000     0.000000   0.443700     0.1068       -99.999000           -1.057943e+02         -100.00
10.960000      8.650000     0.000000   0.442400     0.1068       -99.999000           -1.057943e+02         -100.00
10.960000      8.700000     0.000000   0.441000     0.1068       -99.999000           -1.057943e+02         -100.00
10.960000      8.750000     0.000000   0.439500     0.1068       -99.999000           -1.057943e+02         -100.00
10.960000      8.800000     0.000000   0.437800     0.1068       -99.999000           -1.057943e+02         -100.00
10.960000      8.850000     0.000000   0.436100     0.1068       -99.999000           -1.057943e+02         -100.00
10.960000      8.900000     0.000000   0.434300     0.1068       -99.999000           -1.057943e+02         -100.00
10.960000      8.950000     0.000000   0.432300     0.1068       -99.999000           -1.057943e+02         -100.00
10.960000      9.000000     0.000000   0.430200     0.1068       -99.999000           -1.057943e+02         -100.00
10.960000      9.050000     0.000000   0.427900     0.1068       -99.999000           -1.057943e+02         -100.00
10.960000      9.100000     0.000000   0.425500     0.1068       -99.999000           -1.057943e+02         -100.00
10.960000      9.150000     0.000000   0.423000     0.1068       -99.999000           -9.762799e+01         -100.00
10.960000      9.200000     0.000000   0.420200     0.1068       -99.999000           -8.793949e+01         -100.00
10.960000      9.250000     0.000000   0.417300     0.1068       -99.999000           -7.927599e+01         -100.00
10.960000      9.300000     0.000000   0.414200     0.1068       -99.999000           -7.152579e+01         -100.00
10.960000      9.350000     0.000000   0.410900     0.1068       -99.999000           -6.458909e+01         -100.00
10.960000      9.400000     0.000000   0.407500     0.1068       -99.999000           -5.837699e+01         -100.00
10.960000      9.450000     0.000000   0.403800     0.1068       -99.999000           -5.281049e+01         -100.00
10.960000      9.500000     0.000000   0.399800     0.1068       -99.999000           -4.781889e+01         -100.00
10.960000      9.550000     0.000000   0.395700     0.1068       -99.999000           -4.333939e+01         -100.00
10.960000      9.600000     0.000000   0.391300     0.1068       -99.999000           -3.931589e+01         -100.00
10.960000      9.650000     0.000000   0.386700     0.1068       -99.999000           -3.569829e+01         -100.00
10.980000      8.000000     0.000000   0.460800     0.1084       -99.999000           -1.057943e+02         -100.00
10.980000      8.050000     0.000000   0.460300     0.1084       -99.999000           -1.057943e+02         -100.00
10.980000      8.100000     0.000000   0.459700     0.1084       -99.999000           -1.057943e+02         -100.00
10.980000      8.150000     0.000000   0.459100     0.1084       -99.999000           -1.057943e+02         -100.00
10.980000      8.200000     0.000000   0.458400     0.1084       -99.999000           -1.057943e+02         -100.00
10.980000      8.250000     0.000000   0.457700     0.1084       -99.999000           -1.057943e+02         -100.00
10.980000      8.300000     0.000000   0.456900     0.1084       -99.999000           -1.057943e+02         -100.00
10.980000      8.350000     0.000000   0.456000     0.1084       -99.999000           -1.057943e+02         -100.00
10.980000      8.400000     0.000000   0.455100     0.1084       -99.999000           -1.057943e+02         -100.00
10.980000      8.450000     0.000000   0.454100     0.1084       -99.999000           -1.057943e+02         -100.00
10.980000      8.500000     0.000000   0.453100     0.1084       -99.999000           -1.057943e+02         -100.00
10.980000      8.550000     0.000000   0.451900     0.1084       -99.999000           -1.057943e+02         -100.00
10.980000      8.600000     0.000000   0.450700     0.1084       -99.999000           -1.057943e+02         -100.00
10.980000      8.650000     0.000000   0.449400     0.1084       -99.999000           -1.057943e+02         -100.00
10.980000      8.700000     0.000000   0.448000     0.1084       -99.999000           -1.057943e+02         -100.00
10.980000      8.750000     0.000000   0.446500     0.1084       -99.999000           -1.057943e+02         -100.00
10.980000      8.800000     0.000000   0.444800     0.1084       -99.999000           -1.057943e+02         -100.00
10.980000      8.850000     0.000000   0.443100     0.1084       -99.999000           -1.057943e+02         -100.00
10.980000      8.900000     0.000000   0.441300     0.1084       -99.999000           -1.057943e+02         -100.00
10.980000      8.950000     0.000000   0.439300     0.1084       -99.999000           -1.057943e+02         -100.00
10.980000      9.000000     0.000000   0.437100     0.1084       -99.999000           -1.057943e+02         -100.00
10.980000      9.050000     0.000000   0.434900     0.1084       -99.999000           -1.057943e+02         -100.00
10.980000      9.100000     0.000000   0.432500     0.1084       -99.999000           -1.057943e+02         -100.00
10.980000      9.150000     0.000000   0.429900     0.1084       -99.999000           -9.888149e+01         -100.00
10.980000      9.200000     0.000000   0.427100     0.1084       -99.999000           -8.905699e+01         -100.00
10.980000      9.250000     0.000000   0.424200     0.1084       -99.999000           -8.027229e+01         -100.00
10.980000      9.300000     0.000000   0.421100     0.1084       -99.999000           -7.241399e+01         -100.00
10.980000      9.350000     0.000000   0.417800     0.1084       -99.999000           -6.538089e+01         -100.00
10.980000      9.400000     0.000000   0.414200     0.1084       -99.999000           -5.908299e+01         -100.00
10.980000      9.450000     0.000000   0.410500     0.1084       -99.999000           -5.343999e+01         -100.00
10.980000      9.500000     0.000000   0.406600     0.1084       -99.999000           -4.838009e+01         -100.00
10.980000      9.550000     0.000000   0.402400     0.1084       -99.999000           -4.383979e+01         -100.00
10.980000      9.600000     0.000000   0.398000     0.1084       -99.999000           -3.976199e+01         -100.00
10.980000      9.650000     0.000000   0.393300     0.1084       -99.999000           -3.609609e+01         -100.00
11.000000      8.000000     0.000000   0.468000     0.1101       -99.999000           -1.057943e+02         -100.00
11.000000      8.050000     0.000000   0.467500     0.1101       -99.999000           -1.057943e+02         -100.00
11.000000      8.100000     0.000000   0.466900     0.1101       -99.999000           -1.057943e+02         -100.00
11.000000      8.150000     0.000000   0.466300     0.1101       -99.999000           -1.057943e+02         -100.00
11.000000      8.200000     0.000000   0.465600     0.1101       -99.999000           -1.057943e+02         -100.00
11.000000      8.250000     0.000000   0.464800     0.1101       -99.999000           -1.057943e+02         -100.00
11.000000      8.300000     0.000000   0.464000     0.1101       -99.999000           -1.057943e+02         -100.00
11.000000      8.350000     0.000000   0.463200     0.1101       -99.999000           -1.057943e+02         -100.00
11.000000      8.400000     0.000000   0.462300     0.1101       -99.999000           -1.057943e+02         -100.00
11.000000      8.450000     0.000000   0.461300     0.1101       -99.999000           -1.057943e+02         -100.00
11.000000      8.500000     0.000000   0.460200     0.1101       -99.999000           -1.057943e+02         -100.00
11.000000      8.550000     0.000000   0.459100     0.1101       -99.999000           -1.057943e+02         -100.00
11.000000      8.600000     0.000000   0.457800     0.1101       -99.999000           -1.057943e+02         -100.00
11.000000      8.650000     0.000000   0.456500     0.1101       -99.999000           -1.057943e+02         -100.00
11.000000      8.700000     0.000000   0.455100     0.1101       -99.999000           -1.057943e+02         -100.00
11.000000      8.750000     0.000000   0.453600     0.1101       -99.999000           -1.057943e+02         -100.00
11.000000      8.800000     0.000000   0.452000     0.1101       -99.999000           -1.057943e+02         -100.00
11.000000      8.850000     0.000000   0.450200     0.1101       -99.999000           -1.057943e+02         -100.00
11.000000      8.900000     0.000000   0.448300     0.1101       -99.999000           -1.057943e+02         -100.00
11.000000      8.950000     0.000000   0.446300     0.1101       -99.999000           -1.057943e+02         -100.00
11.000000      9.000000     0.000000   0.444200     0.1101       -99.999000           -1.057943e+02         -100.00
11.000000      9.050000     0.000000   0.441900     0.1101       -99.999000           -1.057943e+02         -100.00
11.000000      9.100000     0.000000   0.439500     0.1101       -99.999000           -1.057943e+02         -100.00
11.000000      9.150000     0.000000   0.436900     0.1101       -99.999000           -1.001544e+02         -100.00
11.000000      9.200000     0.000000   0.434100     0.1101       -99.999000           -9.019179e+01         -100.00
11.000000      9.250000     0.000000   0.431200     0.1101       -99.999000           -8.128399e+01         -100.00
11.000000      9.300000     0.000000   0.428000     0.1101       -99.999000           -7.331589e+01         -100.00
11.000000      9.350000     0.000000   0.424700     0.1101       -99.999000           -6.618509e+01         -100.00
11.000000      9.400000     0.000000   0.421100     0.1101       -99.999000           -5.979999e+01         -100.00
11.000000      9.450000     0.000000   0.417400     0.1101       -99.999000           -5.407919e+01         -100.00
11.000000      9.500000     0.000000   0.413400     0.1101       -99.999000           -4.894999e+01         -100.00
11.000000      9.550000     0.000000   0.409200     0.1101       -99.999000           -4.434789e+01         -100.00
11.000000      9.600000     0.000000   0.404700     0.1101       -99.999000           -4.021509e+01         -100.00
11.000000      9.650000     0.000000   0.400000     0.1101       -99.999000           -3.650009e+01         -100.00
